STL,Type
eventually [35.81:70.49] (rise (sig1 >= 4 and sig1 <= 7)),invariance_reachability
always ( eventually (sig1 <= 70) -> eventually [45:86] (sig2 == 2.0) ),temporal_response
always ( rise (sig1 == 4) -> not (sig2 >= 56 and sig2 <= 82) and rise (sig3 >= 49) ),immediate_response
always [0:1443] (sig1 < 4 or sig2 == 74),invariance_reachability
eventually [0:4] (sig1 < 370),invariance_reachability
always ( not ((sig1 == 2) since [42:67] (sig2 == sig3)) -> always [6:8] (sig4 >= 62.65) ),temporal_response
always ( sig1 > 51 or sig2 == sig3 -> always [0:2] (eventually (rise (sig4 > 5 and sig4 < 6))) ),stabilization_recurrence
always ( rise (sig1 > 1922 and sig1 <= 2882) or rise (sig2 > 4) -> (sig3 == sig4) until [0:70] (not (sig5 == sig6)) ),temporal_response
always ( once [0:10] (sig1 < 92) -> eventually [0:6] (not (sig2 == 5.5)) ),temporal_response
always [0:33] (sig1 < 1360.6 and sig2 <= 5),invariance_reachability
always ( sig1 == 2956.4 -> always [0:64.7] (sig2 == 4) ),temporal_response
eventually [0:55] (rise (sig1 == sig2)),invariance_reachability
always ( rise (sig1 >= 50.1) -> sig2 < 45 and fall (sig3 > 0.3 and sig3 <= 1.6) ),immediate_response
always ( rise (sig1 < 41.7) -> eventually [0:59] (sig2 >= 1405.13) ),temporal_response
always ( sig1 < 21.22 and sig2 >= 9 -> always (eventually [0:2092] (sig3 < 1290)) ),stabilization_recurrence
always ( not (sig1 > 23) and sig2 == 19 -> rise ((sig3 <= 2026) until [0:2] (rise (sig4 > 21 and sig4 < 57))) ),temporal_response
eventually (rise (sig1 <= 25) or sig2 >= 2),invariance_reachability
always ( sig1 == sig2 and sig3 < 61 -> always [0:10] (sig4 <= 7) ),temporal_response
always ( not fall (sig1 >= 77) -> always [50:58] (eventually (rise (sig2 > 11))) ),stabilization_recurrence
always ( rise (sig1 >= 72) -> eventually [0:2247.71] (always [0:3.1] (sig2 == sig3)) ),stabilization_recurrence
always ( (sig1 > 32 and sig1 < 46) or sig2 > 6 -> eventually [2:6] (always (sig3 >= 5)) ),stabilization_recurrence
always [0:10] (sig1 == 1 or sig2 > 2.7),invariance_reachability
always ( rise (sig1 > 7 and sig1 < 8) -> eventually [0:1] (rise (sig2 < 192.2)) ),temporal_response
always ( (sig1 == 3) since [40:67] (not (sig2 >= 75)) -> always (sig3 < 4) ),temporal_response
always [0:54] (sig1 > 0 and sig2 == sig3),invariance_reachability
eventually [0:885.9] (not (sig1 == 15) and fall (sig2 == 98)),invariance_reachability
always ( fall (sig1 >= 2 and sig1 <= 9) -> not ((sig2 == sig3) since [392:680] (sig4 > 57)) ),temporal_response
always ( rise (sig1 <= 1) -> (sig2 == 43) until [4:5] (sig3 == sig4) ),temporal_response
always ( not (sig1 <= 4) or not (sig2 >= 1161) -> sig3 > 0 and sig4 == sig5 ),immediate_response
always ( rise (sig1 > 7 and sig1 < 11) -> always [0:6.56] (sig2 > 8 and sig2 < 9) ),temporal_response
always ( sig1 < 21 and sig2 >= 5.4 -> sig3 < 97.6 or not rise (sig4 >= 71.9) ),immediate_response
always ( once (sig1 < 9) -> eventually [207.04:1583.99] (sig2 == 47) ),temporal_response
always (sig1 == 6),invariance_reachability
always ( rise (sig1 < 8) -> not (always [27:51] (sig2 == sig3)) ),temporal_response
always ( rise (sig1 == 10) and sig2 < 81 -> sig3 > 19 and sig3 < 78 ),immediate_response
eventually (sig1 == sig2 and rise (sig3 < 2)),invariance_reachability
always [0:3] (sig1 > 0 and sig1 <= 7),invariance_reachability
always ( once [0:2] (sig1 < 9) -> not (always [0:1169] (sig2 == sig3)) ),temporal_response
always ( sig1 < 78 and sig2 >= 98 -> always [0:7.8] (not (sig3 == sig4)) ),temporal_response
always ( rise (sig1 == sig2) -> sig3 == 2828.2 ),immediate_response
always ( not (once [3.52:5.58] (sig1 > 7 and sig1 < 76)) -> eventually [0:4] (always [0:5.0] (sig2 > 47.63 and sig2 < 68.38)) ),stabilization_recurrence
always [0:2] (sig1 == sig2 and sig3 == 79),invariance_reachability
always ( fall (sig1 == 3) -> rise (sig2 > 46.7) ),immediate_response
always (sig1 == 740),invariance_reachability
always ( always (sig1 >= 805 and sig1 <= 2748) -> always [0:9] (eventually [0:2782] (sig2 >= 8)) ),stabilization_recurrence
always [2.22:84.23] (not (sig1 <= 94) and not (sig2 == sig3)),invariance_reachability
always ( sig1 >= 0 or sig2 > 19 -> sig3 == sig4 ),immediate_response
eventually [0:5] (sig1 >= 2 and sig2 > 9),invariance_reachability
always ( not fall (sig1 == 4) and sig2 == sig3 -> (not (sig4 == sig5)) since [0:1] (fall (sig6 > 1 and sig6 <= 4)) ),temporal_response
always ( _ >= 40.77 -> rise (always (not (sig1 < 0))) ),temporal_response
always ( fall (sig1 == 6.86) -> (not (sig2 > 1001)) until (rise (sig3 >= 0 and sig3 <= 3)) ),temporal_response
eventually [3:64] (sig1 < 74.7 or sig2 <= 94),invariance_reachability
always ( sig1 >= 3 and sig2 > 2327 -> eventually [0:88] (always [0:8] (sig3 > 1320 and sig3 < 1415)) ),stabilization_recurrence
always ((sig1 > 71.85 and sig1 < 75.58) and sig2 < 6),invariance_reachability
always ( sig1 == sig2 -> always (sig3 == 8.5) ),temporal_response
always ( fall (sig1 == sig2) -> sig3 > 30 and sig3 < 33 ),immediate_response
always ( not (historically [0:91] (sig1 == 931)) -> eventually (always [0:10] (sig2 == 2)) ),stabilization_recurrence
always ( (not fall (sig1 >= 94 and sig1 <= 99)) until [0:52] (fall (sig2 == sig3)) -> eventually (fall (sig4 == sig5)) ),temporal_response
always [0:3] (not (sig1 > 0 and sig1 < 10) or sig2 >= 2463),invariance_reachability
always ( rise (sig1 >= 1.0 and sig1 <= 1.6) -> always [0:2856] (eventually [0:82] (rise (sig2 >= 33 and sig2 <= 54))) ),stabilization_recurrence
always ( fall (sig1 >= 0 and sig1 <= 5) -> (sig2 >= 10) until [0:83.3] (sig3 >= 2675 and sig3 <= 2875) ),temporal_response
always ( sig1 == sig2 -> eventually (sig3 == 298) ),temporal_response
always ( not fall (sig1 >= 7) -> always [53:56] (eventually (rise (sig2 > 40))) ),stabilization_recurrence
eventually (fall (sig1 == sig2)),invariance_reachability
always ( rise (sig1 < 4) -> sig2 == sig3 and sig4 == sig5 ),immediate_response
eventually [0:711.04] (sig1 == sig2 and rise (sig3 >= 678)),invariance_reachability
always [45:64] (not fall (sig1 > 89 and sig1 < 96) or not (sig2 > 1655)),invariance_reachability
always [0:2906.9] (sig1 == sig2 or sig3 < 2296),invariance_reachability
always ( historically [0:57] (sig1 == 93) -> eventually [0:4] (always [0:89.2] (sig2 == 5)) ),stabilization_recurrence
always [3.77:42.5] (sig1 == 1937 or sig2 == 93),invariance_reachability
always [1066:2804] (sig1 >= 62),invariance_reachability
always ( rise (sig1 <= 34) -> (sig2 <= 29) until [0:843] (sig3 <= 5) ),temporal_response
always ( (sig1 == sig2) since [87:92] (sig3 >= 5) -> always [0:501] (eventually [0:44] (sig4 == sig5)) ),stabilization_recurrence
always ( rise (sig1 > 7 and sig1 <= 8) -> (sig2 >= 9.41) until [0:734] (sig3 > 67.32 and sig3 < 80.03) ),temporal_response
always (sig1 == sig2 or sig3 <= 4),invariance_reachability
always [30:80] (sig1 >= 74),invariance_reachability
always ( rise (sig1 > 19.6) and sig2 > 8 -> not (eventually (sig3 > 30.5 and sig3 <= 41.4)) ),temporal_response
always [0:5.6] (sig1 >= 5),invariance_reachability
eventually (rise (sig1 == sig2)),invariance_reachability
always ( (not (sig1 == sig2)) since [2467.02:2777.95] (sig3 == 53) -> always [0:144.5] (eventually [0:4.5] (rise (sig4 >= 59 and sig4 < 85))) ),stabilization_recurrence
always [4:5] (sig1 == sig2),invariance_reachability
always [26:2792] (not (sig1 > 5 and sig1 < 8) or not (sig2 == sig3)),invariance_reachability
always ( rise (sig1 >= 8 and sig1 <= 10) -> (sig2 >= 265 and sig2 <= 1849) until [0:78.0] (sig3 > 5 and sig3 < 6) ),temporal_response
always ( sig1 == 41.3 -> always [0:742] (eventually [0:61] (rise (sig2 == sig3))) ),stabilization_recurrence
always ( once [0:36.1] (sig1 == 5) -> rise ((sig2 >= 97) until (rise (sig3 < 2522))) ),temporal_response
always ( sig1 >= 1979 and sig1 <= 2139 -> eventually (sig2 == 8) ),temporal_response
always ( sig1 < 76 -> sig2 > 5.19 and sig2 < 6.12 ),immediate_response
always ( fall (sig1 >= 2946 and sig1 < 2989) -> (sig2 > 9.1) since (sig3 > 5) ),temporal_response
always (sig1 == sig2),invariance_reachability
eventually [1:8] ((sig1 >= 34 and sig1 <= 60) and sig2 >= 2),invariance_reachability
always [0:9.0] (sig1 == 89 and sig2 == 8),invariance_reachability
always ( sig1 == 2 and sig2 == 85 -> (sig3 > 74) until [0:2199] (sig4 < 50) ),temporal_response
always ( not (sig1 <= 1897) -> eventually [21.25:64.32] (sig2 < 8.7) ),temporal_response
always ( rise (sig1 < 10) -> always [0:6] (eventually [0:2490] (sig2 == 15)) ),stabilization_recurrence
always ( once [0:6] (sig1 == sig2) -> always [0:44] (sig3 > 23 and sig3 < 89) ),temporal_response
always ( fall (sig1 == sig2) -> sig3 > 4.8 and (sig4 > 1792 and sig4 < 2263) ),immediate_response
always ( rise (sig1 <= 90) -> always (sig2 == sig3) ),temporal_response
always ( rise (sig1 >= 3) -> rise (sig2 >= 84.1) ),immediate_response
always [1452.4:2484.4] (sig1 >= 34.35),invariance_reachability
always ( rise (sig1 == sig2) -> always [0.28:4.16] (eventually [1:6] (rise (sig3 == sig4))) ),stabilization_recurrence
eventually [69:82] (sig1 == sig2),invariance_reachability
always ( sig1 < 21 -> sig2 < 68 and rise (sig3 < 27) ),immediate_response
always ( sig1 <= 9 -> always [0:2064.97] (eventually [0:1386] (sig2 <= 7)) ),stabilization_recurrence
always (sig1 <= 35.9),invariance_reachability
eventually [0:576] (sig1 == 9),invariance_reachability
always ( rise (sig1 >= 44 and sig1 < 69) -> always [0:2] (eventually [0:1159.78] (rise (sig2 == 9))) ),stabilization_recurrence
always ( rise (sig1 <= 60) -> (sig2 == sig3) until [0:1809.3] (sig4 == sig5) ),temporal_response
always ( fall (sig1 >= 66 and sig1 <= 67) -> rise (sig2 >= 24.8 and sig2 <= 35.1) and sig3 == 86 ),immediate_response
eventually [0:2060] (sig1 >= 99 or sig2 <= 9),invariance_reachability
eventually [70:99] (sig1 > 5 and sig2 <= 311),invariance_reachability
always ( sig1 > 44 and sig1 <= 86 -> (sig2 >= 2.59) until [0:10] (rise (sig3 == sig4)) ),temporal_response
always ( rise (sig1 > 68.7 and sig1 < 84.3) -> always [0:68] (eventually [174:1672] (sig2 > 8)) ),stabilization_recurrence
always (sig1 > 1291 and sig1 < 1582),invariance_reachability
always ( rise (sig1 > 2316) -> (sig2 == 2) until (rise (sig3 == sig4)) ),temporal_response
always ( rise (sig1 <= 2824) -> eventually [1432:1664] (not (sig2 == sig3)) ),temporal_response
always ( once [2044:2822] (sig1 > 36.31 and sig1 < 49.16) -> eventually [0:21] (always (sig2 == sig3)) ),stabilization_recurrence
always ( fall (sig1 > 4 and sig1 < 7) -> sig2 > 7.7 and sig2 < 8.3 ),immediate_response
always [49:65] (not rise (sig1 >= 6)),invariance_reachability
always ( rise (sig1 > 8) -> (sig2 >= 20.19 and sig2 <= 66.94) or sig3 >= 2 ),immediate_response
eventually [0:3.6] (sig1 > 4 and (sig2 >= 81 and sig2 <= 89)),invariance_reachability
eventually (rise (sig1 == 504.1)),invariance_reachability
always ( sig1 >= 3 or sig2 == sig3 -> always [0:28] (eventually [0:2240] (fall (sig4 > 97.2 and sig4 < 98.7))) ),stabilization_recurrence
always [10:67] (sig1 == 51),invariance_reachability
always ( rise (sig1 > 2630 and sig1 < 2998) -> not (always [73:91] (sig2 == sig3)) ),temporal_response
always ( sig1 <= 3.5 -> eventually (always [0:1994.2] (sig2 == sig3)) ),stabilization_recurrence
always (sig1 <= 1),invariance_reachability
eventually [0:1] (rise (sig1 >= 56 and sig1 <= 93)),invariance_reachability
always ( sig1 == 69 -> eventually [7:9] (sig2 == sig3) ),temporal_response
always ( sig1 == sig2 and sig3 < 7 -> eventually [0:91.5] (always [0:6] (sig4 >= 15 and sig4 <= 16)) ),stabilization_recurrence
always [0:56] (not (sig1 == 40) or sig2 > 8),invariance_reachability
always [0:67] (sig1 >= 2683 and sig1 <= 2877),invariance_reachability
always ( historically [0:78] (sig1 == sig2) -> always [0:24] (not (sig3 == sig4)) ),temporal_response
eventually [0:4] (sig1 >= 3 and sig1 <= 6),invariance_reachability
always ( rise (sig1 == 16.7) -> always [0:6] (eventually [0:6] (sig2 == 10)) ),stabilization_recurrence
always ( fall (sig1 > 0 and sig1 < 10) -> always [6:8] (sig2 == 29.25) ),temporal_response
always ( not (sig1 >= 23) or sig2 == 8.86 -> always [0:10] (eventually [0:4.8] (fall (sig3 >= 44 and sig3 <= 76))) ),stabilization_recurrence
always ( rise (sig1 > 2) -> fall (sig2 > 856 and sig2 < 929) and not (sig3 < 0.5) ),immediate_response
always ( rise (sig1 > 10) -> eventually [1:9] (sig2 >= 87.7) ),temporal_response
always ( not rise (sig1 == 20) or sig2 < 44.02 -> sig3 >= 1438 ),immediate_response
always ( sig1 >= 2 -> sig2 >= 7.5 ),immediate_response
always ( rise (sig1 >= 27) -> (sig2 < 3) until [54:80] (sig3 < 8) ),temporal_response
always ( rise (sig1 >= 76 and sig1 <= 82) -> always [14:67] (eventually [0:3.0] (sig2 >= 7)) ),stabilization_recurrence
eventually [0:88] (sig1 >= 5),invariance_reachability
always ( sig1 <= 49 or (sig2 > 69 and sig2 < 80) -> once [0:93] (sig3 >= 8.0) ),temporal_response
always ( fall (sig1 == sig2) -> eventually [0:4] (sig3 >= 4) ),temporal_response
always [0:2152.29] (not (sig1 < 1161) and sig2 < 1.1),invariance_reachability
always ( sig1 > 5 and sig1 < 9 -> not ((not (sig2 >= 3 and sig2 <= 9)) since [0:3] (not fall (sig3 >= 428 and sig3 <= 1045))) ),temporal_response
always ( (sig1 > 90 and sig1 < 92) or not (sig2 > 65) -> rise (sig3 > 42 and sig3 < 96) ),immediate_response
always ( rise (sig1 == 10) -> (sig2 >= 50 and sig2 < 83) until [0:969] (not fall (sig3 == 29.6)) ),temporal_response
always ( always (sig1 < 6) -> always [0:2] (sig2 >= 689 and sig2 <= 1209) ),temporal_response
always ( rise (sig1 < 96) -> eventually [0:6] (always [0:1280.91] (sig2 == 2)) ),stabilization_recurrence
eventually (sig1 == 0.06),invariance_reachability
always ( rise (sig1 == sig2) -> eventually [0:53.6] (fall (sig3 >= 56 and sig3 <= 67)) ),temporal_response
always [0:1.6] (not (sig1 >= 977.5)),invariance_reachability
always ( rise (sig1 < 3) -> always [0:7] (sig2 > 7) ),temporal_response
always ( sig1 == 1972 -> sig2 == sig3 ),immediate_response
always ( rise (sig1 > 3 and sig1 <= 9) -> once (rise (sig2 == sig3)) ),temporal_response
always ( fall (sig1 > 54 and sig1 < 64) and sig2 >= 1 -> always [0:1] (eventually [0:37] (rise (sig3 < 12.55))) ),stabilization_recurrence
always ( sig1 <= 2.31 or not (sig2 > 35) -> (sig3 > 94) since [94.2:99.21] (sig4 > 92 and sig4 < 95) ),temporal_response
always ( fall (sig1 == sig2) -> always [7.6:8.2] (eventually [89:99] (rise (sig3 >= 1394))) ),stabilization_recurrence
always ( fall (sig1 > 2.77 and sig1 < 5.86) -> sig2 >= 2010 or sig3 >= 7 ),immediate_response
always ( rise (sig1 < 10) -> always [0:5] (eventually [0:87] (sig2 < 2.2)) ),stabilization_recurrence
always ( rise (sig1 > 2233) -> sig2 < 1265 ),immediate_response
always ( rise (sig1 == sig2) -> sig3 < 7.6 ),immediate_response
eventually [0:863] (sig1 > 82 and sig2 == 18),invariance_reachability
always ( fall (sig1 > 62 and sig1 < 86) -> not fall (always (not (sig2 <= 1245))) ),temporal_response
always [683:977] (sig1 > 89),invariance_reachability
eventually [0:1] (sig1 <= 50),invariance_reachability
eventually [0:89] (sig1 == sig2),invariance_reachability
always ( sig1 == 7 and sig2 == sig3 -> sig4 == sig5 ),immediate_response
eventually (sig1 == sig2),invariance_reachability
always ( sig1 > 7 or (sig2 >= 5.9 and sig2 < 6.7) -> eventually [74:75] (always (sig3 == 9)) ),stabilization_recurrence
always ( sig1 == sig2 and sig3 == sig4 -> rise ((sig5 >= 2573.48 and sig5 <= 2877.17) until [92:99] (not rise (sig6 >= 9.7))) ),temporal_response
always ( rise (sig1 > 527.1) -> sig2 <= 1.05 and sig3 > 2857 ),immediate_response
always ( sig1 >= 1 -> rise (always (not (sig2 < 5))) ),temporal_response
always ( sig1 > 13 and sig1 < 45 -> always [39:72] (sig2 >= 47.28) ),temporal_response
always ( sig1 >= 53 and sig1 <= 72 -> sig2 == 84 ),immediate_response
always ( not fall (historically [2:5] (sig1 > 16 and sig1 < 62)) -> always (sig2 == sig3) ),temporal_response
always ( rise (sig1 == 85.5) -> always [0:756] (eventually [0:8.22] (rise (sig2 == 83))) ),stabilization_recurrence
always ( rise (sig1 == 2) -> eventually (sig2 == 7.8) ),temporal_response
always ( rise (sig1 < 17.8) -> eventually [0:631] (always [0:99] (sig2 < 71)) ),stabilization_recurrence
always ( fall (sig1 == sig2) -> sig3 <= 497.0 ),immediate_response
always ( sig1 == 1 and not (sig2 <= 90) -> sig3 <= 10 ),immediate_response
eventually [0:9.8] (rise (sig1 >= 6.9 and sig1 <= 9.27) and sig2 == sig3),invariance_reachability
always ( rise (sig1 <= 0) -> not rise (sig2 > 71 and sig2 < 75) ),immediate_response
eventually (sig1 < 1856),invariance_reachability
always ( historically [8:9] (sig1 < 3.63) -> eventually (always (not (sig2 >= 10))) ),stabilization_recurrence
always ( not (once [829:2006] (not (sig1 < 4.57))) -> eventually [0:365] (always [0:548] (not (sig2 >= 1119 and sig2 <= 2469))) ),stabilization_recurrence
always [37:59] (not fall (sig1 > 52.51)),invariance_reachability
always ( rise (sig1 < 7) -> eventually [0:41] (always [0:2] (sig2 == sig3)) ),stabilization_recurrence
always (sig1 >= 5.2 and sig1 < 18.0),invariance_reachability
always ( rise (sig1 < 23.5) -> always [69:74] (eventually [6:8] (rise (sig2 >= 1322))) ),stabilization_recurrence
always ( rise (sig1 >= 6) -> always [0:63] (eventually [0:56] (sig2 >= 417 and sig2 <= 1652)) ),stabilization_recurrence
always ( fall (sig1 > 1 and sig1 < 5) -> historically [0:5] (sig2 >= 38) ),temporal_response
always ( sig1 < 1717 -> sig2 == 94 or rise (sig3 <= 10) ),immediate_response
always ( rise (sig1 == 8) -> eventually [0:8] (always (sig2 < 100)) ),stabilization_recurrence
always [0:6] (sig1 <= 1093),invariance_reachability
always [0:6] (not (sig1 == sig2) or sig3 == 2617),invariance_reachability
always ( fall (sig1 > 75.8 and sig1 < 91.1) -> always [0:41.2] (eventually [0:3.35] (fall (sig2 == 7))) ),stabilization_recurrence
eventually [0:12] (sig1 < 2307),invariance_reachability
always ( fall (sig1 > 6 and sig1 < 7) or fall (sig2 == 2) -> sig3 >= 0.47 and sig3 <= 9.46 ),immediate_response
eventually [0:4.56] (sig1 == 1009 or (sig2 > 478 and sig2 < 1707)),invariance_reachability
always ( sig1 >= 43 -> sig2 < 1.72 ),immediate_response
eventually [49.62:63.66] (sig1 >= 28 or not (sig2 < 5)),invariance_reachability
eventually [0:87] (sig1 > 5 and sig2 >= 29),invariance_reachability
always ( rise (sig1 > 9.7) -> sig2 == sig3 and sig4 == sig5 ),immediate_response
eventually [74:100] (sig1 >= 29 and sig1 <= 66),invariance_reachability
always ( rise (sig1 < 1880) -> sig2 <= 1 ),immediate_response
always ( sig1 > 27.7 -> fall (sig2 == 1924) ),immediate_response
always (sig1 < 2166.15 or sig2 > 38),invariance_reachability
always ( rise (sig1 < 9) -> eventually [0:1] (always [0:2] (not (sig2 == 3))) ),stabilization_recurrence
always [0:88.81] (sig1 == sig2 or sig3 >= 2),invariance_reachability
always (sig1 == 79 or (sig2 > 3 and sig2 < 5)),invariance_reachability
always ( rise (sig1 > 6 and sig1 <= 10) -> sig2 > 1849.82 and sig2 < 1999.87 ),immediate_response
always ( fall (sig1 > 613 and sig1 < 1020) -> sig2 <= 30 ),immediate_response
always ( (sig1 >= 43 and sig1 <= 55) or rise (sig2 < 71.0) -> always [0:1] (eventually [0:4] (sig3 < 7)) ),stabilization_recurrence
always [30:34] ((sig1 > 2212 and sig1 < 2382) or sig2 < 2088.98),invariance_reachability
always ( rise (sig1 >= 6.7 and sig1 <= 7.52) -> always (eventually [6:7] (rise (sig2 == sig3))) ),stabilization_recurrence
eventually [0:235.4] (sig1 == 6.7),invariance_reachability
always ( rise (sig1 == sig2) -> not (always [0:4.1] (sig3 == sig4)) ),temporal_response
always ( sig1 <= 67.1 and (sig2 >= 55 and sig2 <= 90) -> eventually [0:18] (not rise (sig3 > 99.3)) ),temporal_response
always ( historically (sig1 == sig2) -> not (once (sig3 < 21.3)) ),temporal_response
eventually (sig1 > 2521 and sig2 <= 10),invariance_reachability
always ( rise (sig1 == 3) -> sig2 > 37 ),immediate_response
always ( rise (sig1 >= 29.24) -> eventually (always [0:91] (sig2 <= 27.11)) ),stabilization_recurrence
always ( rise (sig1 > 62) or sig2 < 1 -> sig3 == 77.1 or sig4 <= 1 ),immediate_response
always ( rise (sig1 >= 2001 and sig1 <= 2768) -> eventually [0:9] (sig2 == sig3) ),temporal_response
always ( rise (sig1 < 23) -> sig2 >= 7 ),immediate_response
always [0:106] (sig1 == sig2 and sig3 >= 63),invariance_reachability
always ( rise (sig1 == 32) or rise (sig2 <= 14) -> always [69.4:78.6] (sig3 == 2086) ),temporal_response
eventually [0:52] (not rise (sig1 == sig2) and fall (sig3 == 1)),invariance_reachability
eventually [0:7] (sig1 <= 3),invariance_reachability
always [2577:2625] (sig1 == 314),invariance_reachability
eventually [0:54] (rise (sig1 >= 1654 and sig1 <= 2022) or sig2 == 0.84),invariance_reachability
eventually (rise (sig1 == 92)),invariance_reachability
always ( fall (sig1 == 0) -> eventually [9:100] (always (sig2 == 2664)) ),stabilization_recurrence
eventually [0.8:5.1] (rise (sig1 <= 3.58) or (sig2 >= 40 and sig2 <= 91)),invariance_reachability
always ( fall (sig1 >= 1.8 and sig1 < 3.5) -> once [2980:2993] (not fall (sig2 >= 94)) ),temporal_response
always ( rise (sig1 > 592) -> always [0:9] (sig2 >= 76) ),temporal_response
always ( sig1 >= 59 and sig2 < 3 -> sig3 == sig4 and sig5 == 8 ),immediate_response
always [21.58:90.37] (sig1 == sig2 and sig3 >= 10),invariance_reachability
always ( rise (sig1 >= 1429 and sig1 <= 2523) -> always (eventually [32:56] (fall (sig2 == sig3))) ),stabilization_recurrence
always ( sig1 == 28 or rise (sig2 == 4) -> sig3 == sig4 ),immediate_response
always ( sig1 > 60 and sig1 < 94 -> sig2 == 22.2 ),immediate_response
eventually [2672:2858] (rise (sig1 == 95)),invariance_reachability
always ( fall (sig1 == 621) -> eventually [0:2.3] (always [0:73] (sig2 == sig3)) ),stabilization_recurrence
eventually [0:3] (sig1 == 298.53),invariance_reachability
always [0:56] (sig1 == 7),invariance_reachability
always ( sig1 < 9 -> eventually [0:1581] (always [0:2009] (sig2 == 9)) ),stabilization_recurrence
eventually [0:2110.9] (rise (sig1 > 37 and sig1 < 76)),invariance_reachability
eventually (rise (sig1 > 7 and sig1 < 8) and sig2 < 8),invariance_reachability
eventually (sig1 == sig2 or sig3 <= 34.73),invariance_reachability
always (not rise (sig1 == sig2) and sig3 <= 2514),invariance_reachability
always ( sig1 == 67 -> sig2 == 8 ),immediate_response
always ( rise (sig1 <= 2) -> always [0:245.55] (eventually [0:2364] (fall (sig2 == 8))) ),stabilization_recurrence
always ( sig1 <= 1 or rise (sig2 == 1019.84) -> eventually [5:10] (always [0:33] (sig3 > 63.2 and sig3 < 93.7)) ),stabilization_recurrence
always [0:29] (not (sig1 < 2.6)),invariance_reachability
always ( fall (sig1 == 412) -> always [0:2] (eventually [0:3] (fall (sig2 == 49))) ),stabilization_recurrence
always ( rise (sig1 == sig2) -> sig3 <= 0 ),immediate_response
always ( sig1 > 22 and sig2 > 2189 -> eventually (always [0:70] (sig3 > 379 and sig3 < 1332)) ),stabilization_recurrence
always ( sig1 > 9 and sig2 >= 2537 -> fall (once [1019:2513] (not fall (sig3 == 224.4))) ),temporal_response
always (sig1 == 6 and sig2 > 98),invariance_reachability
always ( rise (sig1 <= 7) -> always [61:74] (sig2 == 38.5) ),temporal_response
always ( sig1 < 7 -> eventually [0:8.25] (always (sig2 == sig3)) ),stabilization_recurrence
always [0:23] (sig1 == sig2),invariance_reachability
always [0:1889] (sig1 < 2),invariance_reachability
always ( rise (sig1 > 4) -> eventually [0:78] (always [0:1545] (sig2 == sig3)) ),stabilization_recurrence
always ( rise (sig1 >= 57) -> always [0:5] (eventually [0:61] (sig2 < 2759)) ),stabilization_recurrence
always ( sig1 > 46.3 or (sig2 >= 471 and sig2 <= 2087) -> fall (sig3 == 93) and not (sig4 <= 38.2) ),immediate_response
always ( historically (sig1 > 86) -> always [16:97] (sig2 < 67) ),temporal_response
eventually [0:66] (sig1 == 2951),invariance_reachability
eventually [0:5] (sig1 >= 8 or sig2 == sig3),invariance_reachability
always ( sig1 <= 3 or rise (sig2 > 7) -> always [53:60] (eventually [324:1146] (sig3 == sig4)) ),stabilization_recurrence
always ( sig1 <= 70 and (sig2 >= 7 and sig2 <= 8) -> always [0:25] (eventually [0:8] (rise (sig3 >= 1))) ),stabilization_recurrence
always ( sig1 >= 6 or sig2 <= 0 -> eventually [937:1405] (not (sig3 > 8.28 and sig3 < 9.33)) ),temporal_response
always ( (sig1 == 10.8) since [60:65] (sig2 >= 58) -> eventually [0:755.02] (always [0:85] (sig3 <= 499.41)) ),stabilization_recurrence
always (sig1 == 2040),invariance_reachability
always ( rise (sig1 > 2872) -> not (eventually [0:43.8] (sig2 < 50)) ),temporal_response
always ( not fall (sig1 == sig2) -> fall (sig3 == 17) or sig4 == sig5 ),immediate_response
always ( fall (sig1 == 31.6) -> eventually (sig2 <= 6.46) ),temporal_response
always [0:38.6] (sig1 > 92),invariance_reachability
eventually [0:1068] (rise (sig1 >= 36)),invariance_reachability
eventually [85:86] ((sig1 >= 1 and sig1 <= 8) and sig2 == 33),invariance_reachability
always ( rise (sig1 <= 8) -> sig2 > 38.61 and sig3 <= 9 ),immediate_response
always ( sig1 < 2937.81 or sig2 >= 85 -> not (sig3 > 2593.7 and sig3 < 2788.8) and (sig4 > 698 and sig4 < 1621) ),immediate_response
always ( sig1 == sig2 -> sig3 <= 11.08 ),immediate_response
always ( not (historically (sig1 >= 64.49)) -> eventually [0:98] (always [0:8.79] (not (sig2 > 71.5 and sig2 < 86.4))) ),stabilization_recurrence
always ( rise (sig1 >= 10 and sig1 < 26) -> sig2 < 97 or sig3 == sig4 ),immediate_response
always ( fall (sig1 == 29) -> sig2 < 8.8 ),immediate_response
always ( sig1 > 68 and sig1 < 73 -> not (always (sig2 > 1224 and sig2 < 2053)) ),temporal_response
always ( (sig1 == 1) since [0:50] (sig2 < 10) -> always [675:2178] (eventually [0:37] (sig3 == 79.3)) ),stabilization_recurrence
always ( sig1 == 0 -> always [0:9.2] (eventually [0:10] (rise (sig2 <= 74))) ),stabilization_recurrence
always [35:99] ((sig1 > 38.4 and sig1 < 68.7) or sig2 < 1347),invariance_reachability
always [6:7] (sig1 == sig2),invariance_reachability
always ( rise (sig1 >= 3.1) -> eventually [0:9.53] (always [0:13] (sig2 == 3)) ),stabilization_recurrence
eventually [0:6] (not fall (sig1 >= 7)),invariance_reachability
always ( sig1 == 0 -> not ((sig2 > 5 and sig2 < 6) until (rise (sig3 > 7 and sig3 <= 10))) ),temporal_response
always ( rise (sig1 == 98) -> always (eventually [0:2] (rise (sig2 == sig3))) ),stabilization_recurrence
always ( sig1 >= 45 and sig1 <= 78 -> fall (always [8.4:9.4] (sig2 > 57.34)) ),temporal_response
always ( sig1 == sig2 or (sig3 > 58 and sig3 < 88) -> sig4 > 33 and sig4 < 79 ),immediate_response
always [0:2190] (sig1 < 8),invariance_reachability
always ( (sig1 > 44 and sig1 < 96) or sig2 < 2348 -> always [0:51] (eventually [0:40.24] (sig3 == 4)) ),stabilization_recurrence
always [8:89] (sig1 == sig2),invariance_reachability
always [0:9] (sig1 > 2940.06 and sig1 <= 2978.33),invariance_reachability
always ( not (sig1 == 32) -> always [0:1] (eventually [0:287] (sig2 >= 30 and sig2 <= 65)) ),stabilization_recurrence
always ( sig1 > 16 or sig2 < 71 -> not ((sig3 < 2) since [0:3] (sig4 <= 0)) ),temporal_response
always ( sig1 == sig2 -> (sig3 == 50) until [1.2:4.2] (sig4 >= 5.8 and sig4 <= 6.29) ),temporal_response
always ( always (sig1 > 44.4) -> (sig2 > 8 and sig2 < 10) until [0:2602] (not (sig3 >= 3)) ),temporal_response
always ( rise (sig1 <= 62) -> eventually [0:3] (sig2 > 2614 and sig2 < 2711) ),temporal_response
always ( historically [97:99] (not rise (sig1 >= 3.1)) -> historically [0:3.9] (sig2 >= 23 and sig2 <= 98) ),temporal_response
always [0:7] (not rise (sig1 == sig2) or (sig3 >= 3 and sig3 <= 6)),invariance_reachability
always ( (not (sig1 <= 44.31)) until (sig2 <= 3) -> eventually [0:77.36] (rise (sig3 >= 5)) ),temporal_response
always ( historically [52:95] (sig1 <= 7) -> fall (always [0:25] (sig2 >= 2137)) ),temporal_response
always ( sig1 > 37 and sig2 == sig3 -> always (eventually [21:77] (sig4 <= 5)) ),stabilization_recurrence
always ( sig1 <= 65 -> eventually [0:1] (always (sig2 == sig3)) ),stabilization_recurrence
always ( fall (sig1 == 7) -> not (sig2 == sig3) ),immediate_response
always ( rise (sig1 > 0) -> (sig2 < 801.76) until [0:14] (rise (sig3 < 87)) ),temporal_response
always [6:8] (sig1 > 93 and sig1 < 95),invariance_reachability
always ( not (historically (sig1 >= 0)) -> eventually [0:31] (always [0:52] (not (sig2 > 3 and sig2 < 10))) ),stabilization_recurrence
always ( fall (sig1 == sig2) -> always [0:32.0] (sig3 == sig4) ),temporal_response
always ( rise (sig1 > 87.2 and sig1 < 98.1) -> always [0:958] (eventually [0:93.4] (rise (sig2 > 95 and sig2 < 99))) ),stabilization_recurrence
always ( rise (sig1 == 1) -> always [0:100] (eventually [0:6] (rise (sig2 == 2))) ),stabilization_recurrence
always ( rise (sig1 > 1947) -> not (sig2 == sig3) ),immediate_response
always ( rise (sig1 < 2) -> eventually [0:22] (always [0:48] (sig2 < 2)) ),stabilization_recurrence
always ( rise (sig1 >= 6.2 and sig1 <= 8.1) -> sig2 == sig3 ),immediate_response
always ( rise (sig1 >= 9) -> not (sig2 == sig3) and sig4 == 77 ),immediate_response
always ( sig1 < 7.7 -> always (sig2 > 0 and sig2 < 2) ),temporal_response
always ( (sig1 >= 77 and sig1 <= 86) or sig2 < 5 -> sig3 >= 88 ),immediate_response
eventually [6:7] (sig1 == sig2),invariance_reachability
eventually [63:69] (sig1 == 1984.9 or sig2 == sig3),invariance_reachability
always ( rise (sig1 <= 5) -> sig2 >= 1872 ),immediate_response
eventually [0:28.63] (rise (sig1 < 2) and sig2 >= 3),invariance_reachability
always ( sig1 == sig2 or sig3 == 8.5 -> sig4 == sig5 ),immediate_response
always [1266:2114] (sig1 < 6),invariance_reachability
eventually [8:10] (sig1 == sig2),invariance_reachability
always ( rise (sig1 < 85) -> eventually (always [0:42] (sig2 == 43.36)) ),stabilization_recurrence
always ( rise (sig1 == 432.65) -> always [1:4] (eventually [59:83] (rise (sig2 > 31.9))) ),stabilization_recurrence
always ( not (sig1 >= 9) and sig2 > 2084.23 -> sig3 == 1 or rise (sig4 > 10) ),immediate_response
eventually [0:260] (fall (sig1 == 32) and sig2 < 2160),invariance_reachability
eventually (rise (sig1 == 4)),invariance_reachability
always ( rise (sig1 > 1432) -> (sig2 == 38) until [0:16.42] (rise (sig3 <= 50)) ),temporal_response
always ( rise (sig1 <= 71) -> sig2 >= 8 ),immediate_response
always ( sig1 == 2962 -> sig2 < 2886 ),immediate_response
always ( rise (sig1 >= 46) -> always [0:5] (eventually [0:8] (sig2 <= 864)) ),stabilization_recurrence
always ( rise (sig1 == 586) -> eventually [0:76] (always [0:2351] (sig2 >= 96 and sig2 <= 99)) ),stabilization_recurrence
always [6:8] (sig1 >= 6 or sig2 <= 99),invariance_reachability
always ( sig1 == 20 and sig2 == 10 -> eventually [0:8] (always [0:2] (sig3 >= 3.5 and sig3 <= 9.1)) ),stabilization_recurrence
always ( (sig1 > 5.4 and sig1 < 5.6) since [0:79] (sig2 == 26) -> eventually [0:564] (always [53:56] (not (sig3 == sig4))) ),stabilization_recurrence
always (sig1 == 651),invariance_reachability
always ( historically [21:89] (sig1 > 1 and sig1 <= 5) -> always [1450.94:2653.78] (sig2 > 88.51) ),temporal_response
always ( fall (sig1 >= 9.46 and sig1 <= 9.98) -> always [0:6] (sig2 == sig3) ),temporal_response
always ( rise (sig1 == 2563) -> sig2 == 66 and sig3 >= 2753 ),immediate_response
always [0:1880.1] (sig1 == 2835 or sig2 < 5),invariance_reachability
always ( rise (sig1 >= 1602.3) -> always (sig2 >= 100) ),temporal_response
always [10:11] ((sig1 > 60.6 and sig1 < 75.7) or sig2 == sig3),invariance_reachability
always ( sig1 == sig2 or (sig3 > 0 and sig3 < 3) -> not (historically (sig4 >= 1031 and sig4 <= 2237)) ),temporal_response
always ( sig1 > 0 and sig1 < 2 -> eventually (rise (sig2 == 74)) ),temporal_response
always ( sig1 > 41 -> always [26.52:56.0] (sig2 >= 69 and sig2 <= 81) ),temporal_response
always ( fall (sig1 == 13.14) -> always [0:9] (eventually (rise (sig2 > 2327))) ),stabilization_recurrence
always ( rise (sig1 == 5) -> always [0:9] (eventually [0:8] (sig2 >= 7.1 and sig2 <= 7.4)) ),stabilization_recurrence
always (sig1 == sig2 and sig3 == sig4),invariance_reachability
always ( not (sig1 == 7) or (sig2 >= 573 and sig2 <= 589) -> historically (not (sig3 == 3.23)) ),temporal_response
always ( rise (sig1 == 82) or rise (sig2 > 1165) -> sig3 == sig4 and sig5 <= 7 ),immediate_response
always [0:37] (sig1 == sig2),invariance_reachability
eventually [0:90] (fall (sig1 >= 47 and sig1 <= 80) and sig2 < 8.89),invariance_reachability
always ( rise (sig1 == sig2) -> (not fall (sig3 > 2410)) until [1489.57:2396.54] (sig4 == 5) ),temporal_response
always (sig1 == 1485.42 and sig2 == sig3),invariance_reachability
always ( rise (sig1 == sig2) -> not ((not fall (sig3 == 68)) until [0:48] (sig4 == 52.63)) ),temporal_response
always ( fall ((sig1 >= 5 and sig1 <= 8) since (rise (sig2 <= 62))) -> (not fall (sig3 == sig4)) until [0:9] (sig5 == sig6) ),temporal_response
always ( sig1 < 2 -> always [0:2.54] (eventually [0:93.4] (sig2 == 86.45)) ),stabilization_recurrence
always (sig1 <= 21 or not (sig2 <= 1.1)),invariance_reachability
always ( sig1 <= 61 and rise (sig2 >= 56) -> always [0:10] (eventually [0:1] (sig3 == 53)) ),stabilization_recurrence
always ( rise (sig1 > 8) -> eventually [0:7] (always [0:62.52] (sig2 >= 4)) ),stabilization_recurrence
eventually ((sig1 >= 3 and sig1 <= 4) or sig2 == sig3),invariance_reachability
always ( rise (sig1 < 8) -> (not (sig2 == 7)) until [70:71] (sig3 > 1 and sig3 < 10) ),temporal_response
eventually [0:1700.6] (sig1 == sig2 and rise (sig3 > 57)),invariance_reachability
always (sig1 <= 3 and sig2 > 15),invariance_reachability
always [0:2] (not (sig1 <= 9)),invariance_reachability
always ( rise (sig1 > 26 and sig1 < 99) -> not ((sig2 >= 15.44 and sig2 <= 65.11) until [0:2] (sig3 == sig4)) ),temporal_response
always ( rise (sig1 == 7) -> always [0:7] (eventually [0:75] (rise (sig2 < 2146.34))) ),stabilization_recurrence
always ( not (sig1 <= 1962.2) or sig2 > 8 -> always [0:1] (eventually [0:4] (rise (sig3 == 66.97))) ),stabilization_recurrence
eventually (sig1 >= 9),invariance_reachability
always (sig1 == 7.81),invariance_reachability
always ( fall (sig1 == 63) and not (sig2 == 2568.29) -> sig3 == 71 ),immediate_response
always ( once [8:9] (sig1 == 13) -> eventually [0:2] (always [0:8] (not (sig2 < 1539))) ),stabilization_recurrence
always ( once [75:87] (sig1 == sig2) -> eventually [0:4] (always [0:16] (sig3 == sig4)) ),stabilization_recurrence
always ( rise (sig1 >= 60.81 and sig1 <= 71.86) -> (sig2 == 6) since [0:77] (rise (sig3 == 15)) ),temporal_response
always ( rise (sig1 >= 2.8) -> not (sig2 <= 98) ),immediate_response
always ( rise (sig1 > 2365) -> (sig2 == 1630) until [0:1564] (not (sig3 > 1278.8 and sig3 <= 2007.5)) ),temporal_response
always ( sig1 > 2 -> not (always [0:7.93] (sig2 == sig3)) ),temporal_response
always ( fall (sig1 == 3.9) -> historically [52:55] (sig2 > 1329) ),temporal_response
always ( sig1 < 741 and (sig2 >= 93.5 and sig2 <= 95.5) -> sig3 >= 2 and sig4 == sig5 ),immediate_response
eventually (sig1 >= 2877 or rise (sig2 <= 73)),invariance_reachability
always ( (sig1 == sig2) since [0:2] (not (sig3 >= 86)) -> (sig4 >= 5) until [0:5] (sig5 == sig6) ),temporal_response
always ( (sig1 >= 7 and sig1 <= 8) and sig2 == 3.4 -> (sig3 > 6 and sig3 < 7) or (sig4 >= 2863 and sig4 <= 2922) ),immediate_response
always ( fall (sig1 == sig2) -> eventually [0:3] (always [0:70] (sig3 >= 353.9)) ),stabilization_recurrence
always ( (sig1 >= 0 and sig1 <= 8) until (sig2 >= 10.4 and sig2 <= 51.1) -> always [0:1214] (not (sig3 <= 2924.05)) ),temporal_response
always ( fall (sig1 > 3 and sig1 <= 68) -> always [0:247] (eventually (sig2 > 1370 and sig2 < 2544)) ),stabilization_recurrence
always ( sig1 >= 7 -> always [6:9] (eventually [73:74] (not (sig2 == 5))) ),stabilization_recurrence
eventually [0:67] (fall (sig1 == 6) and not (sig2 <= 66)),invariance_reachability
eventually [0:6] (rise (sig1 > 74) and (sig2 > 1021 and sig2 < 2637)),invariance_reachability
always ( sig1 <= 1974 or sig2 > 40.1 -> sig3 == sig4 or not (sig5 == 33) ),immediate_response
eventually [0:1] (sig1 < 28.04),invariance_reachability
always ( rise (sig1 <= 5) -> eventually [0:3.25] (sig2 <= 10) ),temporal_response
always ( rise (sig1 < 74) -> rise (sig2 <= 1110.0) and (sig3 > 64.0 and sig3 < 82.5) ),immediate_response
always ( rise (sig1 > 54) and sig2 <= 46 -> (sig3 >= 87) until [1392:2554] (rise (sig4 == 2507)) ),temporal_response
always ( rise (sig1 <= 9) -> historically [0:2439] (sig2 == 82.5) ),temporal_response
eventually (sig1 <= 9),invariance_reachability
eventually [0:100] (sig1 == 35 or sig2 <= 63.49),invariance_reachability
always ( rise (sig1 < 55) -> always [0:4] (eventually (rise (sig2 > 5.5))) ),stabilization_recurrence
eventually [15:59] (rise (sig1 >= 63 and sig1 <= 80) or (sig2 >= 79.2 and sig2 < 83.5)),invariance_reachability
always [0:86] (sig1 <= 3.3 and sig2 == 7),invariance_reachability
always ( rise (sig1 == sig2) -> eventually [25:77] (always [0:1] (sig3 == sig4)) ),stabilization_recurrence
always ( sig1 == 6 or fall (sig2 == 99) -> rise (once [2:9] (sig3 == sig4)) ),temporal_response
eventually [1161.3:2279.7] (sig1 == 2),invariance_reachability
always ( fall (sig1 > 6.89 and sig1 < 8.19) -> not (sig2 == sig3) ),immediate_response
always ( fall (sig1 > 42 and sig1 < 53) -> sig2 >= 7 and sig2 <= 72 ),immediate_response
always [0:31] (sig1 <= 3 and sig2 <= 9),invariance_reachability
always ( rise (sig1 > 4 and sig1 <= 9) -> eventually [97:100] (always [0:1.38] (not (sig2 > 46))) ),stabilization_recurrence
always ( rise (sig1 >= 2) -> not rise (eventually (sig2 <= 30.93)) ),temporal_response
always ( sig1 < 55 -> not (sig2 >= 72) or sig3 == 2 ),immediate_response
always [0:3.6] (sig1 == sig2 or sig3 == 4),invariance_reachability
always [0:7] (sig1 < 0),invariance_reachability
always (sig1 < 96.7 and not (sig2 > 3 and sig2 < 9)),invariance_reachability
always ((sig1 > 8 and sig1 < 9) and sig2 > 90.69),invariance_reachability
always ( rise (sig1 == sig2) -> (sig3 <= 829.3) until [0:90.3] (sig4 == 0) ),temporal_response
always ( rise (sig1 == 7) -> sig2 == 2240 ),immediate_response
always ( fall (sig1 == sig2) -> always [26:87] (eventually (sig3 == sig4)) ),stabilization_recurrence
always ( sig1 > 9 -> sig2 >= 58 ),immediate_response
always ( rise (sig1 >= 4) -> always [0:7.7] (eventually [0:3] (rise (sig2 > 1729))) ),stabilization_recurrence
always ( not (always [23:67] (sig1 < 78)) -> eventually [95:97] (always [20:52] (sig2 == sig3)) ),stabilization_recurrence
always ( fall (sig1 == 25) and sig2 == sig3 -> always [0:1489] (eventually [61:89] (sig4 >= 1 and sig4 <= 2)) ),stabilization_recurrence
always ( rise (sig1 > 321.13) -> always [0:51.17] (eventually [0:47.05] (sig2 < 99)) ),stabilization_recurrence
always [4:10] (not (sig1 <= 5)),invariance_reachability
always ( not ((sig1 >= 31 and sig1 <= 68) since [0:10] (sig2 == sig3)) -> eventually [0:8.04] (always [0:1676] (sig4 == sig5)) ),stabilization_recurrence
always ( rise (sig1 < 17) -> eventually [0:6] (always [0:6] (sig2 >= 2754.5 and sig2 <= 2865.7)) ),stabilization_recurrence
always ( not (sig1 >= 7) -> always [0:4] (eventually [0:10] (rise (sig2 < 1))) ),stabilization_recurrence
always ( fall (sig1 == 7.1) -> not (always [0:0.23] (not (sig2 > 3.0 and sig2 < 4.6))) ),temporal_response
always ( sig1 > 4 or (sig2 > 9 and sig2 < 75) -> always [0:68] (eventually [0:1] (sig3 == sig4)) ),stabilization_recurrence
always ( rise (sig1 == 4) -> (sig2 <= 4) until (sig3 > 771) ),temporal_response
always (not (sig1 <= 5)),invariance_reachability
eventually [0:65.47] (sig1 == sig2),invariance_reachability
always ( historically (sig1 == 18) -> always [0:12.1] (sig2 < 3.1) ),temporal_response
always ( rise (sig1 <= 59) -> always [0:2.4] (eventually [0:684] (sig2 <= 4)) ),stabilization_recurrence
always [4.1:7.0] (sig1 == 6),invariance_reachability
always (sig1 > 2),invariance_reachability
eventually [1.8:8.2] (sig1 == 61 or sig2 >= 6),invariance_reachability
always [0:39] ((sig1 > 4 and sig1 < 10) and sig2 == sig3),invariance_reachability
eventually [65:85] (rise (sig1 > 326 and sig1 <= 1478) or sig2 > 6),invariance_reachability
always ( not (sig1 >= 50.1) and fall (sig2 == 3.95) -> sig3 >= 8 and sig3 < 9 ),immediate_response
always ( not (sig1 == 74) and rise (sig2 > 59) -> not (sig3 > 6) and sig4 == sig5 ),immediate_response
always [0:2277] (sig1 == sig2),invariance_reachability
always ( rise (sig1 > 2) -> always [0:68.9] (eventually [0:95] (rise (sig2 >= 1151 and sig2 <= 2217))) ),stabilization_recurrence
always ( sig1 == sig2 -> sig3 >= 51 ),immediate_response
always ( rise (sig1 < 31.8) -> always [0:97.1] (eventually [0:63.25] (sig2 == 0)) ),stabilization_recurrence
always ( rise (sig1 > 2.4 and sig1 < 9.6) -> sig2 == 1 ),immediate_response
always [0:7] (sig1 == 0),invariance_reachability
eventually (rise (sig1 >= 4 and sig1 <= 9)),invariance_reachability
always ( once (sig1 == 2728) -> always [0:57] (eventually [0:6.58] (rise (sig2 == sig3))) ),stabilization_recurrence
always ( fall (sig1 == sig2) -> (sig3 == sig4) since [0:8] (rise (sig5 >= 25)) ),temporal_response
always ( (sig1 >= 77.44 and sig1 <= 97.92) and not (sig2 < 10) -> always [94:100] (eventually [0:1740] (not (sig3 == sig4))) ),stabilization_recurrence
eventually [0:98.7] (rise (sig1 > 73)),invariance_reachability
always ( sig1 < 3 or (sig2 > 88 and sig2 < 90) -> fall (once (rise (sig3 == sig4))) ),temporal_response
always ( sig1 > 860.3 -> (sig2 >= 17) until [1131:1233] (sig3 >= 84 and sig3 <= 99) ),temporal_response
eventually [0:7] (sig1 <= 89.0),invariance_reachability
always ( rise (sig1 > 2704.1) -> always [0:2795.29] (sig2 < 73) ),temporal_response
always [0:57.2] (sig1 == 1.9 or sig2 == sig3),invariance_reachability
always ( always [0:7] (sig1 > 78.4) -> eventually [0:64.13] (always [0:1326] (sig2 <= 2982)) ),stabilization_recurrence
always ( (sig1 > 3 and sig1 < 4) since [100:2263] (sig2 == sig3) -> not (eventually [0:77] (rise (sig4 == sig5))) ),temporal_response
eventually [54:76] (sig1 == 32),invariance_reachability
always ( not ((sig1 > 5 and sig1 < 8) since [0:93] (sig2 == 42)) -> always [0:13] (eventually [0:88.2] (rise (sig3 == sig4))) ),stabilization_recurrence
always ( rise (sig1 <= 1.0) -> eventually [2955:2999] (always [26.11:52.06] (sig2 > 0 and sig2 < 10)) ),stabilization_recurrence
always ( rise (sig1 < 49) -> sig2 == 1 ),immediate_response
always [0:7.59] (sig1 > 690 and sig1 < 1976),invariance_reachability
always ( rise (sig1 < 10) -> not (eventually [0:1] (not (sig2 > 1678 and sig2 < 2158))) ),temporal_response
always ( sig1 == 7 or sig2 < 2 -> always [2581.06:2712.82] (eventually [0:3] (rise (sig3 == sig4))) ),stabilization_recurrence
always ( not (eventually [0:51] (sig1 == sig2)) -> always (not (sig3 == 546.71)) ),temporal_response
always ( (sig1 > 2470.82 and sig1 < 2658.58) or fall (sig2 > 66.4 and sig2 < 79.2) -> (sig3 < 924) until (fall (sig4 == 2027)) ),temporal_response
always ( once [0:3] (sig1 == sig2) -> eventually (always [6:9] (not (sig3 >= 0))) ),stabilization_recurrence
always ( sig1 < 4 and sig2 == 7 -> eventually [0:5] (always [0:756] (sig3 == sig4)) ),stabilization_recurrence
always ( rise (sig1 == sig2) -> always [0:806] (eventually [0:172] (sig3 > 55)) ),stabilization_recurrence
always ( sig1 == sig2 and sig3 == 2311 -> not (always [0:0.9] (sig4 == sig5)) ),temporal_response
eventually [0:39] (sig1 == 0.9 or sig2 < 23),invariance_reachability
always ( fall (sig1 == 1) -> eventually [0:357.3] (always [0:2717] (sig2 == sig3)) ),stabilization_recurrence
always ( (sig1 > 25 and sig1 < 86) since [0:7] (fall (sig2 == sig3)) -> eventually [0:156.28] (always [1637:1703] (sig4 == 86)) ),stabilization_recurrence
always (sig1 == sig2 or sig3 <= 2059),invariance_reachability
always ( sig1 > 2573 and sig1 < 2721 -> eventually [6:7] (always [42:61] (sig2 == sig3)) ),stabilization_recurrence
eventually [41:64] (not (sig1 < 49) and sig2 == 2120),invariance_reachability
always ( rise (sig1 >= 73) -> always [79:90] (not fall (sig2 == sig3)) ),temporal_response
always [35.34:44.38] (sig1 <= 8.7 or sig2 >= 10),invariance_reachability
always ( (not (sig1 > 31)) since (sig2 == sig3) -> (not (sig4 > 2847.1 and sig4 < 2943.4)) since (rise (sig5 == 47)) ),temporal_response
always ( rise (sig1 == sig2) -> always (eventually (sig3 >= 5 and sig3 <= 8)) ),stabilization_recurrence
always ( rise (sig1 > 84) -> always (sig2 == sig3) ),temporal_response
always ( rise (sig1 == sig2) -> sig3 >= 16 and sig3 <= 30 ),immediate_response
eventually [94:99] (rise (sig1 == 9.12) and sig2 == sig3),invariance_reachability
always (sig1 == 6 and sig2 < 6.3),invariance_reachability
always [2324:2621] (sig1 > 9 and sig2 > 24.2),invariance_reachability
always ( rise (sig1 >= 184.7 and sig1 < 2003.6) -> eventually [0:23] (always (sig2 >= 8)) ),stabilization_recurrence
always [4:7] (sig1 == 9),invariance_reachability
always ( rise (sig1 > 7.6) -> sig2 >= 34 ),immediate_response
always ( rise (sig1 < 95) -> always [0:99] (eventually [0:76.01] (sig2 == sig3)) ),stabilization_recurrence
always ( rise (sig1 <= 24.57) -> sig2 == 1.08 ),immediate_response
always ( rise (sig1 <= 48) and sig2 < 83 -> (sig3 >= 1618 and sig3 <= 2359) until (sig4 == sig5) ),temporal_response
always ( fall (sig1 > 31.59 and sig1 < 41.24) -> eventually [0:90] (always (sig2 == 6)) ),stabilization_recurrence
always ( rise (sig1 > 5 and sig1 < 6) -> (sig2 >= 2090 and sig2 <= 2985) until [0:10.0] (fall (sig3 >= 1666 and sig3 <= 2293)) ),temporal_response
eventually (sig1 <= 94 and (sig2 > 61.0 and sig2 <= 71.7)),invariance_reachability
always ( not (sig1 == 58.8) and sig2 > 9 -> eventually [0:1.51] (always [0:91.16] (sig3 == sig4)) ),stabilization_recurrence
always ( rise (sig1 < 872) -> eventually [0:5] (always [2.1:9.6] (sig2 <= 3)) ),stabilization_recurrence
always ( sig1 >= 8 or fall (sig2 == 75) -> not (sig3 >= 3) or sig4 == sig5 ),immediate_response
always ( fall (sig1 == 4) -> sig2 > 2458 ),immediate_response
always ( fall (sig1 == 0) -> rise (sig2 == 0) or sig3 > 531 ),immediate_response
eventually [0:6] (fall (sig1 == 81) or not (sig2 > 1936)),invariance_reachability
always [0:87] (sig1 == sig2),invariance_reachability
eventually [86:91] (sig1 == 2687 and rise (sig2 < 2743)),invariance_reachability
always [5:9] (sig1 >= 93),invariance_reachability
always ( historically [6:9] (sig1 >= 4 and sig1 <= 10) -> fall (always [34:50] (sig2 < 2610)) ),temporal_response
always ( fall (sig1 == 38.0) -> sig2 == 5.64 ),immediate_response
always ( sig1 < 3 and sig2 == 8 -> always [0:99] (sig3 == 2.15) ),temporal_response
always ( rise (sig1 == 18) -> eventually (always [96:97] (sig2 == sig3)) ),stabilization_recurrence
always ( rise (sig1 > 5 and sig1 < 6) -> always [0:1246] (eventually [0:8.2] (fall (sig2 == sig3))) ),stabilization_recurrence
eventually (sig1 == 11),invariance_reachability
eventually [2.03:9.3] (sig1 >= 3.27),invariance_reachability
always ( rise (sig1 > 998 and sig1 < 1943) -> sig2 > 26 ),immediate_response
always [0:84.3] (sig1 > 1588.4 or not (sig2 == sig3)),invariance_reachability
always ( rise (sig1 == 31) -> sig2 == 9 ),immediate_response
always ( rise (sig1 >= 4.28) -> (sig2 > 44 and sig2 < 92) and sig3 == 94 ),immediate_response
always ( sig1 >= 78 or (sig2 > 30 and sig2 < 85) -> sig3 < 79 ),immediate_response
always [0:45.37] (sig1 == sig2),invariance_reachability
always ( rise (sig1 == sig2) -> (sig3 <= 43) since (sig4 >= 129 and sig4 <= 341) ),temporal_response
always ( not fall (historically [2:6] (sig1 > 46.8)) -> eventually [88:92] (always [30:77] (sig2 < 4)) ),stabilization_recurrence
always [0:3] ((sig1 >= 90 and sig1 <= 92) and sig2 == 69),invariance_reachability
always ( rise (sig1 < 194) -> eventually [0:31] (fall (sig2 == 3)) ),temporal_response
eventually [8:10] ((sig1 > 6 and sig1 < 7) and sig2 == sig3),invariance_reachability
always ( rise (sig1 > 11) -> eventually (sig2 == 1704.48) ),temporal_response
always [0:10] (sig1 < 6),invariance_reachability
always ( not fall (sig1 > 1 and sig1 < 8) or sig2 <= 2598 -> sig3 >= 83 and sig3 <= 94 ),immediate_response
always ( (sig1 >= 37.1) since [0:4] (sig2 == 4) -> eventually [0:2] (always (sig3 == 40)) ),stabilization_recurrence
eventually [0:89] (sig1 <= 67),invariance_reachability
always ( rise (sig1 > 1.7) -> (sig2 <= 88) until [0:2569.6] (rise (sig3 > 0)) ),temporal_response
always ( rise (sig1 > 6) -> eventually [35:48] (always (sig2 > 13)) ),stabilization_recurrence
always ( historically [0:9.3] (sig1 == 2569) -> always [0:9] (eventually (rise (sig2 == sig3))) ),stabilization_recurrence
always ( once [0:38.4] (sig1 > 548) -> not rise (eventually [0:5] (sig2 <= 75)) ),temporal_response
always ( rise (sig1 > 1.1 and sig1 < 5.4) -> (sig2 == sig3) until [64:67] (not (sig4 >= 5.41 and sig4 <= 8.62)) ),temporal_response
always ( sig1 >= 84 -> (sig2 == sig3) until [5:10] (sig4 > 29 and sig4 < 37) ),temporal_response
always [76:98] (not fall (sig1 >= 2 and sig1 <= 6) and sig2 < 65),invariance_reachability
always ( rise (sig1 <= 901.5) -> rise (sig2 > 0 and sig2 < 10) ),immediate_response
always [0:21] (sig1 >= 5),invariance_reachability
always [0:1786] (sig1 == sig2 or not (sig3 < 972.1)),invariance_reachability
always (sig1 == sig2 and sig3 <= 7),invariance_reachability
always ( fall (sig1 == sig2) -> always [0:3.0] (eventually [0:6.1] (rise (sig3 == 7.6))) ),stabilization_recurrence
always [0:3.5] (sig1 == 1 or sig2 > 9),invariance_reachability
always ( rise (sig1 <= 7) -> always (sig2 == 2.4) ),temporal_response
always ( rise (sig1 >= 42) -> sig2 == sig3 and (sig4 >= 942.1 and sig4 <= 1309.2) ),immediate_response
always ( rise (sig1 > 1630 and sig1 <= 2222) -> (sig2 > 6 and sig2 < 68) and (sig3 >= 67 and sig3 <= 83) ),immediate_response
always ( sig1 >= 63 -> sig2 >= 2925 and sig2 <= 2985 ),immediate_response
always ( eventually [0:10] (sig1 >= 84) -> not fall (eventually [0.7:3.7] (sig2 <= 506)) ),temporal_response
always [0:757.08] (sig1 < 392.9),invariance_reachability
always ( fall (sig1 > 7.22 and sig1 < 8.95) -> rise ((sig2 >= 75) until (rise (sig3 == 1948))) ),temporal_response
always [0:12.78] (sig1 < 4 and not (sig2 >= 4.61 and sig2 <= 9.09)),invariance_reachability
always ( (sig1 > 7 and sig1 < 9) and sig2 < 75 -> eventually [0:100] (always [0:2744] (sig3 == 70)) ),stabilization_recurrence
always ( rise (sig1 < 94.3) and not (sig2 <= 32.8) -> not (eventually [0:87] (sig3 >= 1 and sig3 <= 66)) ),temporal_response
always ( rise (sig1 >= 2.03 and sig1 <= 9.61) -> always [35:55] (eventually (rise (sig2 == 50.9))) ),stabilization_recurrence
always [0:362] (sig1 == 947),invariance_reachability
eventually (rise (sig1 < 76)),invariance_reachability
always ( sig1 >= 12 and sig2 == 347.9 -> eventually (always (not (sig3 == sig4))) ),stabilization_recurrence
always [4:8] (sig1 >= 73),invariance_reachability
always ( sig1 < 9 -> eventually [0:41.7] (always [0:36] (sig2 == 612)) ),stabilization_recurrence
always [0:2030.7] (sig1 == 1.19),invariance_reachability
always ( fall (sig1 == 42) -> historically [0:8] (sig2 == sig3) ),temporal_response
always ( fall (sig1 == sig2) -> sig3 == 7 ),immediate_response
always ( rise (sig1 <= 2864) -> once [0:876] (sig2 == 0) ),temporal_response
eventually [0:1] (fall (sig1 >= 1 and sig1 <= 3)),invariance_reachability
eventually [0:5] (sig1 < 9),invariance_reachability
always [6:8] (sig1 == sig2 or sig3 < 3),invariance_reachability
eventually [3:9] (sig1 <= 94.96 or sig2 <= 1702),invariance_reachability
always ( once (sig1 == 227) -> (sig2 <= 33.5) until (fall (sig3 == sig4)) ),temporal_response
always ( rise (sig1 > 4) -> not ((sig2 < 8) until [876:2906] (sig3 == sig4)) ),temporal_response
always ( sig1 == sig2 -> sig3 <= 4.74 ),immediate_response
always ( fall (sig1 == sig2) -> eventually [0:181.7] (sig3 > 6) ),temporal_response
always ( fall (sig1 >= 4.58 and sig1 < 9.62) -> eventually [0:67.56] (not (sig2 == 26)) ),temporal_response
eventually [21.2:26.4] (sig1 >= 9 and sig2 == sig3),invariance_reachability
eventually (rise (sig1 > 76.96)),invariance_reachability
eventually (rise (sig1 < 7) or sig2 == sig3),invariance_reachability
always ( not (sig1 >= 10) -> sig2 <= 1.8 ),immediate_response
always [1984:2178] (not (sig1 <= 6)),invariance_reachability
always ( fall (sig1 == 2677) -> not (sig2 < 2853) ),immediate_response
always ( sig1 > 1373.4 -> sig2 <= 2747 and sig3 > 10 ),immediate_response
eventually [0:1] (sig1 >= 11.9 and sig1 <= 90.8),invariance_reachability
always [0:3.0] (sig1 == sig2),invariance_reachability
always ( sig1 > 3 -> eventually [0:6] (always [2:3] (sig2 == 38)) ),stabilization_recurrence
always (sig1 <= 90 and sig2 <= 9.95),invariance_reachability
always [57:68] (sig1 <= 84.65 or sig2 >= 6),invariance_reachability
always ( rise (sig1 >= 2681) -> (sig2 >= 7 and sig2 <= 8) and (sig3 > 83 and sig3 < 96) ),immediate_response
always ( sig1 == 47 and rise (sig2 <= 1321.81) -> always [0:6] (eventually [0:0.5] (rise (sig3 >= 6.8 and sig3 <= 7.3))) ),stabilization_recurrence
always [5:8] (sig1 > 2039 and sig2 == sig3),invariance_reachability
always ( rise (sig1 == 13) -> sig2 > 7 or fall (sig3 == 9) ),immediate_response
always [0:70] (not (sig1 == 3)),invariance_reachability
eventually (rise (sig1 < 8) and sig2 <= 29),invariance_reachability
always ( fall (sig1 > 2 and sig1 < 8) -> eventually (always [33.3:81.2] (not (sig2 == 9))) ),stabilization_recurrence
always ( not (historically [7:9] (sig1 == 9.6)) -> always [0:9] (eventually [0:80] (fall (sig2 == sig3))) ),stabilization_recurrence
always ( (sig1 > 8.94) since [0:3] (sig2 > 94) -> eventually (always [11:36] (not (sig3 < 7))) ),stabilization_recurrence
always ( sig1 == 54 or (sig2 > 2 and sig2 < 7) -> rise (sig3 < 8) ),immediate_response
always [0:36] (sig1 == 43 or sig2 <= 10),invariance_reachability
always ( rise (sig1 < 2) -> sig2 == sig3 ),immediate_response
always [0:28] (sig1 > 10),invariance_reachability
always ( not rise (sig1 > 3) and not (sig2 == sig3) -> (sig4 == 9) until (not (_ < 2750)) ),temporal_response
always ( fall (sig1 == 39.1) -> eventually [0:57] (always [0:31] (sig2 == sig3)) ),stabilization_recurrence
always ( sig1 < 51 or sig2 < 9.95 -> (not (sig3 == 4)) until [3:7] (sig4 >= 27 and sig4 <= 40) ),temporal_response
always ( rise (sig1 <= 48.71) -> sig2 <= 1 and sig3 > 28 ),immediate_response
always ( not (sig1 == 5) and sig2 == 4 -> always [0:23] (sig3 <= 68) ),temporal_response
always [24:41] (not (sig1 == 38)),invariance_reachability
always ( rise (sig1 == _) -> sig2 > 32 ),immediate_response
always ( sig1 >= 4.72 -> always (sig2 > 2719.1) ),temporal_response
always ( rise (sig1 <= 6.22) -> not fall (sig2 == 10) ),immediate_response
always ( once [0:1869] (sig1 > 0) -> historically (sig2 > 2 and sig2 < 9) ),temporal_response
always ( (not (sig1 > 3 and sig1 < 6)) since [92.0:94.8] (sig2 == 94) -> eventually (sig3 <= 8) ),temporal_response
always ( fall (sig1 > 97.53 and sig1 < 99.96) -> rise (always [0:9.3] (sig2 >= 8 and sig2 <= 9)) ),temporal_response
always ( rise (sig1 < 1) -> eventually [77:90] (always (sig2 == sig3)) ),stabilization_recurrence
always ( sig1 == sig2 -> not fall (sig3 > 752) and rise (sig4 > 6) ),immediate_response
always ( rise (sig1 >= 60) -> always [0:48] (eventually [0:1.64] (sig2 <= 1340)) ),stabilization_recurrence
always ( fall (sig1 == 0.6) -> eventually [14:31] (always [2:5] (sig2 < 44)) ),stabilization_recurrence
always ( rise (sig1 == 3) -> once [4:6] (sig2 == sig3) ),temporal_response
always ( sig1 <= 35.32 and rise (sig2 > 36.19) -> sig3 == 1004.66 ),immediate_response
always ( fall (sig1 == 7.7) -> not (eventually (sig2 >= 3.06 and sig2 <= 6.85)) ),temporal_response
always ( not ((sig1 == 25.72) until (sig2 > 27 and sig2 < 49)) -> eventually [0:8] (always [0:84] (sig3 < 63)) ),stabilization_recurrence
eventually [0:904] (not fall (sig1 == 8.36)),invariance_reachability
always ( rise (sig1 == 69.4) or rise (sig2 >= 63.6) -> sig3 > 17.8 and sig3 < 46.91 ),immediate_response
always ( not fall (sig1 == 3) and sig2 == 2961 -> not rise ((sig3 == 7) until (fall (sig4 == sig5))) ),temporal_response
always ( fall (sig1 == sig2) -> eventually [0:1861] (always [0:783] (sig3 == 398)) ),stabilization_recurrence
always [0:6] (sig1 == 2831.7 and sig2 == 4),invariance_reachability
always ( rise (sig1 == sig2) -> sig3 > 51 and sig3 < 76 ),immediate_response
always ( fall (sig1 == sig2) -> sig3 >= 8.96 and sig3 <= 9.66 ),immediate_response
always ( rise (sig1 >= 1169) -> eventually [2:5] (always [2913.2:2969.4] (sig2 > 6)) ),stabilization_recurrence
eventually [93:97] (sig1 < 3 and (sig2 > 4 and sig2 < 6)),invariance_reachability
always ( historically [0:535] (sig1 <= 7) -> always [1:5] (eventually [0:6] (sig2 == 1366.32)) ),stabilization_recurrence
eventually [0:42] (sig1 >= 98.7 and sig2 == 34),invariance_reachability
always (not (sig1 > 3)),invariance_reachability
eventually [0:69] (fall (sig1 > 8 and sig1 < 10) and sig2 == sig3),invariance_reachability
always [0:87] (not (sig1 < 1) or sig2 >= 1),invariance_reachability
always ( fall (sig1 == 88) -> always [0:98] (eventually [0:508] (sig2 > 6.7 and sig2 < 8.1)) ),stabilization_recurrence
always [3:8] (sig1 >= 2087.3),invariance_reachability
always ( rise (sig1 == sig2) -> always (sig3 > 6) ),temporal_response
always [0:1] (sig1 >= 36),invariance_reachability
eventually [0:34] (rise (sig1 >= 1 and sig1 <= 3)),invariance_reachability
always [0:2] (sig1 <= 47),invariance_reachability
always ( fall (sig1 >= 0 and sig1 <= 1) -> always (sig2 == sig3) ),temporal_response
always ( rise (sig1 > 1 and sig1 < 3) -> eventually [0:14] (sig2 <= 8) ),temporal_response
always ( (sig1 >= 7.5) since [0:7] (sig2 >= 8.66 and sig2 <= 9.9) -> always [0:54] (eventually (rise (sig3 >= 3))) ),stabilization_recurrence
eventually [0:45.1] (rise (sig1 >= 52.8 and sig1 <= 79.6)),invariance_reachability
always (not (sig1 == sig2)),invariance_reachability
always ( rise (sig1 > 5 and sig1 < 10) -> eventually [0:3] (always [0:4.1] (sig2 == sig3)) ),stabilization_recurrence
eventually [59:91] (sig1 > 65 or (sig2 >= 4.02 and sig2 <= 9.6)),invariance_reachability
always ( rise (once [44:45] (rise (sig1 >= 29))) -> (sig2 >= 1867) since [0:929] (rise (sig3 > 6.8 and sig3 < 8.5)) ),temporal_response
always ( sig1 == sig2 -> (sig3 >= 1725.2 and sig3 <= 2295.1) and not fall (sig4 > 19 and sig4 < 60) ),immediate_response
always ( sig1 > 2001 or rise (sig2 > 8) -> eventually [0:95] (always [0:14] (sig3 > 1735.43 and sig3 <= 2467.73)) ),stabilization_recurrence
always ( rise (sig1 > 26) -> always [1480:2626] (eventually (sig2 >= 7 and sig2 <= 10)) ),stabilization_recurrence
always ( (sig1 > 8 and sig1 < 9) and rise (sig2 == 59.78) -> always (eventually (rise (sig3 < 80))) ),stabilization_recurrence
always ( rise (sig1 < 8) -> not (sig2 == 0.66) and sig3 == sig4 ),immediate_response
always ( rise (sig1 <= 40) -> always [0:92] (eventually [0:70.29] (not fall (sig2 > 0 and sig2 < 4))) ),stabilization_recurrence
always ( sig1 == sig2 -> sig3 == sig4 and sig5 == 2825 ),immediate_response
eventually [0:71] (sig1 < 2),invariance_reachability
always ( not (once (sig1 > 1)) -> not (always [97:99] (sig2 > 87.4 and sig2 < 90.1)) ),temporal_response
always ( rise (sig1 >= 6) -> (sig2 > 1 and sig2 < 8) until [0:80] (sig3 == sig4) ),temporal_response
always ( once [1:83] (sig1 == sig2) -> (sig3 > 1 and sig3 < 10) until (not (sig4 > 8)) ),temporal_response
always ( fall (sig1 >= 0 and sig1 <= 9) -> always (eventually (rise (sig2 == 72.2))) ),stabilization_recurrence
always ( sig1 > 46 or (sig2 > 8.7 and sig2 < 9.0) -> eventually [0:0.37] (always [0:9.93] (sig3 == 38.78)) ),stabilization_recurrence
always ( fall (sig1 == sig2) -> (sig3 > 75 and sig3 < 86) since [0:85.88] (sig4 >= 7 and sig4 < 9) ),temporal_response
always ( sig1 >= 3 and sig2 == sig3 -> eventually [0:2491.85] (always [0:5] (sig4 == sig5)) ),stabilization_recurrence
always ( fall (sig1 == sig2) -> sig3 >= 1.83 and sig3 <= 2.79 ),immediate_response
always ( once [6:7] (rise (sig1 == sig2)) -> always [0:8] (eventually [0:28] (sig3 <= 1748)) ),stabilization_recurrence
always ( not (sig1 == 386) and fall (sig2 == 3.0) -> (sig3 >= 97.4) until (not fall (sig4 > 3)) ),temporal_response
always ( rise (sig1 >= 2567 and sig1 <= 2880) -> eventually [0:40.19] (sig2 > 6) ),temporal_response
always ( historically (sig1 == 3) -> always [0:6.78] (sig2 < 1) ),temporal_response
always [0:1] (sig1 < 3 and sig2 == sig3),invariance_reachability
eventually (sig1 >= 86 or fall (sig2 > 1585 and sig2 < 2197)),invariance_reachability
always ( fall (sig1 == sig2) -> sig3 <= 0 ),immediate_response
always (sig1 >= 2 or sig2 == sig3),invariance_reachability
always ( rise (sig1 > 47) -> (sig2 <= 51.87) until (sig3 >= 52) ),temporal_response
always ( rise (sig1 >= 2 and sig1 < 3) -> not ((sig2 < 9) until (sig3 == 57.48)) ),temporal_response
always ( not (sig1 > 35 and sig1 <= 79) -> eventually [0:26.0] (always [0:0.97] (sig2 > 78)) ),stabilization_recurrence
always ( fall (sig1 >= 64.6 and sig1 <= 83.5) -> sig2 < 577 ),immediate_response
always ( fall (sig1 == sig2) -> fall (always [0:7] (sig3 < 6)) ),temporal_response
always ( rise (sig1 < 24) -> sig2 >= 4 and sig2 <= 5 ),immediate_response
eventually (rise (sig1 == 14.2)),invariance_reachability
always ( fall (sig1 > 9.0 and sig1 < 9.8) -> always [0:7] (eventually [0:2270] (rise (sig2 == 8))) ),stabilization_recurrence
always [0:31] (sig1 == sig2 and not (sig3 >= 2 and sig3 <= 6)),invariance_reachability
always ( rise (sig1 == 10) -> _ == 70 ),immediate_response
always [6:84] (sig1 == 4.9 or sig2 == sig3),invariance_reachability
always ( rise (sig1 == sig2) -> always [2518.1:2609.0] (eventually [0:1600] (sig3 >= 140)) ),stabilization_recurrence
always ( rise (sig1 > 78) -> fall ((sig2 >= 65) until [0:3] (rise (sig3 == 5))) ),temporal_response
eventually [0:536] (rise (sig1 >= 75 and sig1 <= 88)),invariance_reachability
always ( sig1 < 62.6 and (sig2 > 47 and sig2 < 53) -> historically [0:5] (sig3 <= 51) ),temporal_response
always ( rise (sig1 < 74) -> eventually (always (not (sig2 >= 2 and sig2 <= 3))) ),stabilization_recurrence
always ( rise (sig1 > 10) -> always (eventually (sig2 <= 72)) ),stabilization_recurrence
always ( rise (sig1 == 2496) -> eventually (always (sig2 < 784)) ),stabilization_recurrence
always ( rise (sig1 > 1 and sig1 < 2) -> (sig2 >= 3) until [0:58] (sig3 == sig4) ),temporal_response
always ( sig1 == 5 -> eventually [5:9] (sig2 > 17.4 and sig2 < 31.1) ),temporal_response
always ( not (sig1 > 15) and sig2 == 6 -> rise ((sig3 <= 40) until [0:10] (rise (sig4 > 493.3 and sig4 < 1341.2))) ),temporal_response
always [1142:1956] (sig1 == 12),invariance_reachability
always ( rise (sig1 < 43.54) -> sig2 <= 60 ),immediate_response
always ( sig1 < 11 or sig2 == sig3 -> once (sig4 >= 2657 and sig4 <= 2852) ),temporal_response
always (not fall (sig1 > 7.3)),invariance_reachability
always ( fall (sig1 == 9.21) -> (sig2 == 2) until [1731:2195] (rise (sig3 < 6)) ),temporal_response
always ( sig1 == 6.66 and sig2 > 4 -> sig3 > 45.0 ),immediate_response
eventually [1:6] (not (sig1 <= 2500.8)),invariance_reachability
eventually [0:10] (rise (sig1 > 92 and sig1 < 96) and rise (sig2 <= 1368)),invariance_reachability
always ( sig1 <= 13 -> not (always (sig2 >= 8 and sig2 <= 9)) ),temporal_response
always ( rise (sig1 > 79.9) or rise (sig2 < 611.21) -> eventually [0:2] (always [0:3] (sig3 <= 42)) ),stabilization_recurrence
always ( rise (sig1 > 38) -> rise (sig2 == 8) and sig3 > 30.3 ),immediate_response
always ( sig1 == sig2 and sig3 > 55.5 -> eventually [0:43] (always [0:81.71] (not (sig4 == 83))) ),stabilization_recurrence
always ( rise (sig1 <= 9) -> sig2 == 2212 ),immediate_response
always ( rise (sig1 == 94) -> not (eventually [0:1] (rise (sig2 < 10))) ),temporal_response
always [4:10] (sig1 == 7 and not (sig2 == 1689)),invariance_reachability
always ( eventually [84.6:94.1] (fall (sig1 > 171.68 and sig1 < 953.4)) -> eventually [1557:2569] (always (sig2 == 3)) ),stabilization_recurrence
always ( once [0:5] (rise (sig1 <= 8.26)) -> always [0:1] (eventually [0:2681.5] (fall (sig2 == 9))) ),stabilization_recurrence
always [0:860] (sig1 == 58),invariance_reachability
always ( historically (sig1 >= 1821.7 and sig1 <= 1880.0) -> always (eventually [936:1019] (fall (sig2 == sig3))) ),stabilization_recurrence
always ( rise (sig1 == 45.5) -> sig2 <= 10 ),immediate_response
always ( historically [25.31:66.88] (sig1 == 9) -> always [9.24:9.54] (eventually (not (sig2 < 24.91))) ),stabilization_recurrence
always ( historically [0:0.89] (sig1 > 76.6) -> always [87:95] (eventually [4:6] (rise (sig2 == sig3))) ),stabilization_recurrence
always ( not (sig1 == 0) -> eventually [0:45.22] (always (sig2 > 5 and sig2 < 12)) ),stabilization_recurrence
always [0:1018] (sig1 >= 10),invariance_reachability
always ( sig1 == 2405.5 and sig2 == 0.66 -> eventually [0:8] (always [0:95.1] (sig3 == 8)) ),stabilization_recurrence
always ( rise (sig1 > 76.43) and sig2 <= 171 -> always [0:96.46] (eventually [0:10] (sig3 == sig4)) ),stabilization_recurrence
always [0:71] (not (sig1 <= 92)),invariance_reachability
always ( rise (sig1 == sig2) -> always (eventually (sig3 > 833)) ),stabilization_recurrence
always ( rise (sig1 > 2974 and sig1 < 2982) -> not rise (sig2 == sig3) ),immediate_response
always ( rise (sig1 < 2835.17) and sig2 == 3.9 -> eventually [9.19:9.39] (sig3 == sig4) ),temporal_response
eventually [0:35.1] (sig1 < 1012),invariance_reachability
always ( sig1 >= 8.7 and rise (sig2 <= 4) -> sig3 == 33 ),immediate_response
always ( rise (sig1 < 4.09) -> (sig2 > 46.63 and sig2 < 69.0) since [0:6] (not (sig3 == sig4)) ),temporal_response
always ( sig1 > 8 or sig2 == sig3 -> always [0:79] (eventually [0:2] (sig4 == sig5)) ),stabilization_recurrence
always ( rise (sig1 == 76) -> sig2 < 9 ),immediate_response
always ( sig1 > 10 or sig2 > 52 -> sig3 == sig4 or sig5 <= 12.71 ),immediate_response
always ( sig1 > 447 or rise (sig2 > 6) -> eventually [0:23.6] (always [0:38] (sig3 > 1 and sig3 <= 3)) ),stabilization_recurrence
eventually [0:2137] (sig1 >= 1 and sig1 <= 7),invariance_reachability
always ( sig1 < 1653 and rise (sig2 == 34) -> rise (sig3 <= 0) ),immediate_response
always ( sig1 >= 20 -> eventually [0:1667.1] (sig2 < 775) ),temporal_response
always ( rise (sig1 == 52) -> sig2 < 2142 ),immediate_response
eventually [0:2.24] (not fall (sig1 >= 76) or sig2 == sig3),invariance_reachability
eventually [0:30] ((sig1 >= 9.0 and sig1 <= 9.3) or sig2 <= 20),invariance_reachability
always ( eventually (sig1 > 36) -> always [0:8.5] (eventually (not fall (sig2 > 2766.0))) ),stabilization_recurrence
always ( sig1 == 10 -> always (sig2 >= 1.38) ),temporal_response
eventually (sig1 > 24 and not rise (sig2 == sig3)),invariance_reachability
always ( fall (sig1 == 21) -> always [0:10] (eventually [30:57] (fall (sig2 == sig3))) ),stabilization_recurrence
always ( sig1 >= 90 or sig2 > 35 -> always [0:72] (eventually [0:691] (rise (sig3 == sig4))) ),stabilization_recurrence
always ( fall (sig1 == 76.8) -> rise (sig2 < 315.51) and sig3 <= 34 ),immediate_response
always [8:10] (not (sig1 > 2 and sig1 < 9)),invariance_reachability
always ( once (not fall (sig1 >= 5)) -> not rise ((sig2 == 64.73) since [85:99] (sig3 <= 8)) ),temporal_response
always ( rise (sig1 > 2338.2) -> always [98.7:99.9] (eventually (sig2 == sig3)) ),stabilization_recurrence
always ( historically [0:1436.16] (sig1 > 7 and sig1 <= 9) -> always [22:73] (sig2 >= 1938 and sig2 <= 2275) ),temporal_response
eventually [392.7:830.3] (not (sig1 >= 3 and sig1 <= 9)),invariance_reachability
always (not fall (sig1 == 8.83)),invariance_reachability
always ( once [1368:2082] (sig1 <= 5) -> eventually [1728:2705] (always [2:4] (sig2 >= 32 and sig2 <= 63)) ),stabilization_recurrence
always ( sig1 == sig2 or sig3 == sig4 -> sig5 >= 1777 ),immediate_response
always ( rise (sig1 >= 0) -> sig2 >= 7 and sig2 <= 10 ),immediate_response
always ( rise (sig1 < 7.5) -> sig2 == 47 ),immediate_response
always ( (sig1 < 2583.7) since [0:18] (sig2 > 6 and sig2 < 9) -> eventually [0:28] (always [0:49.6] (sig3 >= 6)) ),stabilization_recurrence
always ( rise (sig1 < 10) -> sig2 == 96.6 ),immediate_response
always ( rise (sig1 == 22) -> always [0:39.6] (sig2 == 2130) ),temporal_response
eventually [48:55] ((sig1 >= 18 and sig1 <= 31) and sig2 == sig3),invariance_reachability
always ( rise (sig1 > 684 and sig1 < 2917) -> always (sig2 == 7) ),temporal_response
always ( fall (sig1 == sig2) -> always (sig3 < 432) ),temporal_response
always ( fall (sig1 > 1 and sig1 < 3) -> not ((sig2 > 27) until [21:94] (sig3 == sig4)) ),temporal_response
always ( rise (sig1 > 8 and sig1 <= 9) and sig2 >= 2 -> always [0:42] (sig3 == sig4) ),temporal_response
always ( sig1 <= 9 and sig2 <= 12.82 -> sig3 <= 1.28 ),immediate_response
always [0:79] (not (sig1 >= 2158.5 and sig1 <= 2261.2)),invariance_reachability
always ( rise (sig1 < 10.52) -> always [0:2] (eventually [38:96] (rise (sig2 > 4.22))) ),stabilization_recurrence
always ( sig1 < 2326 -> eventually (sig2 == 2981) ),temporal_response
always ( rise (sig1 <= 4) -> eventually [3.9:8.79] (sig2 == sig3) ),temporal_response
always ( rise (sig1 < 1) -> always [7:8] (eventually [1:2] (sig2 == sig3)) ),stabilization_recurrence
always ( sig1 < 4 -> always [6:10] (eventually [0:8.4] (sig2 > 8)) ),stabilization_recurrence
always ( rise (sig1 == 3) -> not fall (sig2 > 12 and sig2 < 65) and rise (sig3 == 4) ),immediate_response
always ( fall (sig1 == 2733) -> always [1:7] (eventually (sig2 < 37)) ),stabilization_recurrence
always ( not ((sig1 == sig2) since (sig3 == 10)) -> eventually [0:66.45] (not rise (sig4 == sig5)) ),temporal_response
always ( rise (sig1 == sig2) -> sig3 < 4 or sig4 == sig5 ),immediate_response
always ( not (sig1 == 8.1) and sig2 == sig3 -> (sig4 > 5) until [0:4.8] (sig5 == sig6) ),temporal_response
always ( sig1 > 8 and sig1 < 9 -> always [0:9] (eventually [0:1.93] (sig2 == 941.13)) ),stabilization_recurrence
always ( fall (sig1 == sig2) -> (sig3 == sig4) until [0:224] (not (sig5 >= 3 and sig5 <= 8)) ),temporal_response
eventually [0:5.7] (sig1 <= 2),invariance_reachability
eventually (sig1 == sig2 and sig3 > 13.2),invariance_reachability
always [0:9] (not (sig1 == 6) and sig2 > 5.6),invariance_reachability
eventually [32.1:57.6] (sig1 == sig2),invariance_reachability
always ( sig1 <= 290 or sig2 == 4 -> (sig3 > 8 and sig3 < 9) until [0:26] (sig4 == 91.51) ),temporal_response
always [7:8] (sig1 >= 0.5),invariance_reachability
always [86:96] (sig1 >= 983 and sig1 <= 1100),invariance_reachability
always ( sig1 < 9 or sig2 == 82 -> eventually [0:8.33] (always [0:6] (sig3 <= 1575)) ),stabilization_recurrence
always ( sig1 == sig2 and sig3 == 5 -> not (sig4 == 3.01) and sig5 == 7 ),immediate_response
always [0:0.9] (not (sig1 == sig2)),invariance_reachability
always ( not (sig1 == sig2) or sig3 == sig4 -> always (eventually (not (sig5 > 0 and sig5 <= 68))) ),stabilization_recurrence
always ( rise (sig1 > 6 and sig1 < 7) -> sig2 == sig3 ),immediate_response
always ( sig1 == 2 or rise (sig2 <= 82) -> sig3 > 909 or sig4 >= 47 ),immediate_response
always ( rise (sig1 >= 6 and sig1 < 10) -> always [0:7] (eventually [0:2606.5] (sig2 < 81)) ),stabilization_recurrence
eventually [0:1] (not (sig1 >= 48)),invariance_reachability
eventually [58.25:91.97] (rise (sig1 > 1777)),invariance_reachability
always ( rise (sig1 < 49) and sig2 == sig3 -> sig4 > 1190 and sig4 < 1464 ),immediate_response
always ( (sig1 > 69) until [0:7.25] (sig2 == sig3) -> always [16:75] (eventually (rise (sig4 == sig5))) ),stabilization_recurrence
always ( not (sig1 == sig2) -> eventually [0:7] (always [0:10] (sig3 <= 18)) ),stabilization_recurrence
always ( sig1 > 6.5 and sig1 < 8.7 -> sig2 == sig3 ),immediate_response
always ( fall (sig1 > 2031 and sig1 < 2128) -> not (sig2 == sig3) ),immediate_response
always [0:5] (sig1 <= 10),invariance_reachability
always ( rise (sig1 == 88.52) -> (sig2 > 678 and sig2 < 1397) until [929:2505] (not (sig3 <= 330.82)) ),temporal_response
always ( sig1 == 4.8 -> not fall (sig2 == 10) ),immediate_response
eventually [60:78] (not (sig1 >= 41.5) and sig2 > 20),invariance_reachability
always ( rise (sig1 <= 25) or rise (sig2 > 97) -> sig3 <= 91.53 ),immediate_response
eventually [86:87] (sig1 > 6.9 and sig1 < 8.6),invariance_reachability
always ( rise (sig1 == 3) -> always [35:89] (sig2 < 90) ),temporal_response
always ( rise (sig1 >= 50 and sig1 <= 71) -> not ((sig2 == sig3) until [0:92.6] (sig4 > 30 and sig4 < 97)) ),temporal_response
always (sig1 > 3 or not rise (sig2 == sig3)),invariance_reachability
eventually [0:2.57] (rise (sig1 == 2645.26)),invariance_reachability
always ( rise (sig1 == sig2) -> eventually [0:6] (not (sig3 == 40.28)) ),temporal_response
always [85.5:2064.52] (sig1 > 1 and sig2 == 66),invariance_reachability
always ( sig1 > 10 and sig2 <= 83 -> sig3 > 25.78 ),immediate_response
always (sig1 == 4),invariance_reachability
always ( rise (sig1 <= 76) -> eventually [71:95] (always (sig2 >= 7.8)) ),stabilization_recurrence
always ( rise (sig1 >= 0) -> (sig2 <= 68) until [0:8.4] (rise (sig3 < 43.9)) ),temporal_response
always ( rise (sig1 >= 0) -> sig2 == sig3 ),immediate_response
always [0:2] (sig1 <= 7 or not fall (sig2 > 34)),invariance_reachability
always ( eventually [51.56:97.5] (not (sig1 == sig2)) -> not fall (eventually (sig3 > 1931.55)) ),temporal_response
always ( rise (sig1 > 2.81 and sig1 < 4.45) -> not (sig2 >= 9) and fall (sig3 == 2872) ),immediate_response
always [0:3] (sig1 > 2642.14 and sig1 < 2817.39),invariance_reachability
always [0:10] (sig1 == sig2),invariance_reachability
always ( rise (sig1 == sig2) -> sig3 == 12 ),immediate_response
eventually (sig1 == sig2 and rise (sig3 >= 95)),invariance_reachability
always (sig1 <= 3),invariance_reachability
always ( fall (sig1 == 218) -> (sig2 == 5.2) until [0:17.0] (sig3 <= 7) ),temporal_response
always ( not (sig1 == sig2) or not (sig3 == sig4) -> eventually [76:88] (rise (sig5 < 29.8)) ),temporal_response
always ( eventually [27:56] (not (sig1 < 66.6)) -> historically [0:927] (sig2 >= 2596 and sig2 <= 2829) ),temporal_response
always (sig1 == 31 and sig2 <= 8),invariance_reachability
eventually [0:7] (sig1 > 18.44 or (sig2 > 72 and sig2 < 80)),invariance_reachability
always ( rise (sig1 <= 2962) -> eventually [0:7] (rise (sig2 > 7 and sig2 <= 9)) ),temporal_response
always ( rise (sig1 < 87.73) -> sig2 == 99 ),immediate_response
always ( rise (sig1 <= 4) -> eventually [0:36] (always [0:6.19] (sig2 > 1)) ),stabilization_recurrence
eventually [0:8] (sig1 <= 1321.92),invariance_reachability
always ( fall (sig1 == 7) -> rise (sig2 >= 0 and sig2 <= 20) or sig3 == sig4 ),immediate_response
always [0:730] (sig1 >= 9 or sig2 <= 9.71),invariance_reachability
always ( rise (sig1 > 2600) -> sig2 <= 3 ),immediate_response
always ( rise (sig1 == 59) -> not (sig2 > 2) ),immediate_response
always (not (sig1 <= 32) or sig2 == sig3),invariance_reachability
always ( rise (sig1 == sig2) -> always [5:36] (eventually [0:2.9] (sig3 >= 3.9)) ),stabilization_recurrence
always ( not (eventually (rise (sig1 > 6))) -> always [94:97] (eventually (rise (sig2 <= 91))) ),stabilization_recurrence
always ( rise (sig1 > 19 and sig1 < 70) -> not ((sig2 < 1154) until (not (sig3 > 2808 and sig3 < 2822))) ),temporal_response
always ( fall (sig1 > 2118 and sig1 < 2432) -> sig2 <= 55 ),immediate_response
always ( rise (sig1 < 1) -> sig2 <= 8 ),immediate_response
always ( not ((sig1 <= 1159) since [0:13] (rise (sig2 == 9))) -> eventually [0:4] (rise (sig3 < 87)) ),temporal_response
eventually [2:3] (sig1 == 43 or sig2 < 75),invariance_reachability
always ( historically [2:3] (sig1 == 12) -> not (eventually (sig2 == 1111)) ),temporal_response
always ( once (sig1 >= 15.7 and sig1 <= 55.5) -> not ((sig2 < 10) until [27:48] (rise (sig3 >= 47.9))) ),temporal_response
always ( rise (sig1 == 2) -> eventually [0:8] (always [0:19] (sig2 == 68)) ),stabilization_recurrence
always ( rise (sig1 == 2921) -> sig2 >= 8 ),immediate_response
always ( fall (sig1 == 7.44) -> sig2 >= 3 and sig2 <= 8 ),immediate_response
always ( not ((not (sig1 < 9.39)) since (rise (sig2 <= 55))) -> historically [0:7] (sig3 > 67) ),temporal_response
always ( rise (sig1 >= 37) -> rise (sig2 >= 43) ),immediate_response
always ( rise (sig1 <= 7.9) -> eventually [0:4] (always [0:1757.7] (sig2 < 57)) ),stabilization_recurrence
always ( fall (sig1 >= 5 and sig1 <= 9) -> always [0:4.0] (sig2 > 98) ),temporal_response
always [0:8] ((sig1 > 1104 and sig1 < 1365) and (sig2 > 16 and sig2 < 41)),invariance_reachability
always ( not fall (historically [1339:1781] (sig1 == 7.1)) -> always [0:37] (eventually [0:9] (rise (sig2 >= 7))) ),stabilization_recurrence
always ( fall (sig1 >= 4 and sig1 <= 8) or sig2 >= 45 -> always [30:40] (not fall (sig3 == 561.5)) ),temporal_response
always ( rise (sig1 == 71) -> eventually (sig2 == 28) ),temporal_response
always ( rise (sig1 > 43.43) -> always [0:88] (sig2 >= 3.81) ),temporal_response
always ( rise (sig1 == sig2) -> always [0:7] (eventually [0:19.0] (rise (sig3 < 43))) ),stabilization_recurrence
always ( not (sig1 == 5.27) and rise (sig2 >= 1710 and sig2 <= 1752) -> always [221:2507] (eventually [0:9] (rise (sig3 >= 84))) ),stabilization_recurrence
always ( fall (sig1 == sig2) -> eventually [0:92] (always [0:100] (sig3 <= 435.82)) ),stabilization_recurrence
always ( sig1 == 621 -> always [0:4] (eventually [0:5.3] (rise (sig2 >= 5))) ),stabilization_recurrence
always ( fall (sig1 >= 5.9 and sig1 <= 9.3) -> sig2 > 640 and sig2 < 2877 ),immediate_response
always ( sig1 <= 7 or sig2 == sig3 -> eventually [61.78:69.84] (always [0:100] (sig4 == 642)) ),stabilization_recurrence
always ( rise (sig1 <= 0.44) -> always [0:1] (sig2 == sig3) ),temporal_response
always ( not fall (sig1 >= 5.0 and sig1 <= 6.7) -> rise (sig2 < 1) or sig3 == sig4 ),immediate_response
always ( rise (sig1 < 0.61) -> always [0:27.1] (eventually (not (sig2 == 2))) ),stabilization_recurrence
always [2555.71:2771.82] (not (sig1 > 2037 and sig1 < 2473) and not rise (sig2 == sig3)),invariance_reachability
always ( sig1 == sig2 -> eventually [0:64] (always [3:4] (sig3 >= 4.15)) ),stabilization_recurrence
always (not (sig1 == 9) or sig2 == 89),invariance_reachability
always ( rise (sig1 > 46) -> eventually (rise (sig2 < 73)) ),temporal_response
always [185.0:1917.6] (sig1 > 80 and sig1 < 92),invariance_reachability
always ( rise (sig1 >= 2633.81) -> eventually (always [0:14] (sig2 == sig3)) ),stabilization_recurrence
eventually [0:42] (sig1 >= 73 and not fall (sig2 == 3)),invariance_reachability
always ( not (sig1 < 6.7) and not (sig2 >= 4.05 and sig2 <= 7.16) -> (not (sig3 < 92)) until [0:3] (sig4 == sig5) ),temporal_response
always ( sig1 > 1308.26 and (sig2 > 1651 and sig2 < 1983) -> eventually (sig3 < 0) ),temporal_response
always ( sig1 >= 2589.2 and sig1 <= 2891.4 -> not (sig2 > 12) ),immediate_response
always ( fall (sig1 == 0) -> (sig2 >= 10) until [0:1] (fall (sig3 >= 1 and sig3 < 7)) ),temporal_response
always ( sig1 == sig2 and sig3 == 75 -> eventually [0:1584.1] (always [0:7.81] (sig4 < 5)) ),stabilization_recurrence
always ( not ((sig1 <= 9) until (sig2 == 11)) -> eventually [0:5] (always [0:13.31] (sig3 >= 3)) ),stabilization_recurrence
always ( rise (sig1 == sig2) -> always (sig3 > 3.66) ),temporal_response
always ( fall (sig1 == sig2) -> eventually [0:3.1] (always [0:70] (sig3 == sig4)) ),stabilization_recurrence
always ( rise (sig1 == sig2) -> eventually (always [2:9] (sig3 <= 78.45)) ),stabilization_recurrence
always ( rise (sig1 == sig2) -> always (eventually [0:41] (sig3 == sig4)) ),stabilization_recurrence
always ( fall (once (sig1 >= 8)) -> (not (sig2 == 64)) until [0:2636] (not (sig3 > 70)) ),temporal_response
eventually [0:8] (rise (sig1 > 7.76) and sig2 == 2981),invariance_reachability
always ( eventually [0:56] (sig1 == 2116.8) -> once (fall (sig2 == 87)) ),temporal_response
always ( rise (sig1 <= 3) -> sig2 == sig3 ),immediate_response
always ( once (sig1 == sig2) -> always (eventually [31:76] (not (sig3 > 36))) ),stabilization_recurrence
always ( not ((sig1 <= 2) since (sig2 >= 2 and sig2 <= 3)) -> always [0:85] (eventually [0:95] (rise (sig3 >= 8.5 and sig3 <= 9.6))) ),stabilization_recurrence
always ( not (always [44:75] (sig1 == 951)) -> always (eventually [4:9] (sig2 == sig3)) ),stabilization_recurrence
always ( historically [0:1292] (sig1 <= 1) -> always (eventually [0:564] (rise (sig2 > 51 and sig2 < 94))) ),stabilization_recurrence
always ( rise (sig1 == sig2) -> sig3 == 2107 ),immediate_response
always ( rise (sig1 == sig2) -> eventually [0:39] (fall (sig3 > 924 and sig3 < 2505)) ),temporal_response
always [0:1] (sig1 >= 366.47 or sig2 == 65),invariance_reachability
always ( sig1 <= 2635 or not (sig2 > 74.86) -> (sig3 > 3) since [3:4] (sig4 > 4.8 and sig4 < 5.51) ),temporal_response
always ( rise (sig1 < 0) -> always [0:1901] (sig2 >= 47.1) ),temporal_response
always ( sig1 == sig2 or sig3 == sig4 -> always (eventually (rise (sig5 < 43))) ),stabilization_recurrence
always ( not (sig1 == 31.0) and sig2 == 0 -> eventually [0:3] (always (sig3 >= 61 and sig3 <= 86)) ),stabilization_recurrence
always ( rise (sig1 == 4) -> always [0:2757] (eventually [0:1.37] (rise (sig2 == 21.11))) ),stabilization_recurrence
always ( fall (historically [0:96] (sig1 > 1)) -> not ((sig2 == 6) until [0:2719.6] (sig3 >= 696.25 and sig3 <= 1872.67)) ),temporal_response
always ( historically [0:62] (not (sig1 >= 74 and sig1 <= 95)) -> eventually [837:2605] (always [0:24] (sig2 > 35)) ),stabilization_recurrence
eventually [0:4] (sig1 == sig2 or rise (sig3 >= 32)),invariance_reachability
always [4:8] (not (sig1 == sig2)),invariance_reachability
always ( sig1 == sig2 -> sig3 == 1568 ),immediate_response
always ( rise (sig1 <= 17) -> (sig2 == sig3) until (sig4 == sig5) ),temporal_response
eventually [0:2583] (fall (sig1 >= 47 and sig1 < 75)),invariance_reachability
always ( sig1 > 24.7 or not rise (sig2 > 92 and sig2 < 95) -> (not (sig3 == sig4)) until [0:7] (sig5 == 56) ),temporal_response
always ( not (sig1 > 1 and sig1 < 8) and (sig2 > 26 and sig2 <= 45) -> eventually [0:40.2] (rise (sig3 == 55)) ),temporal_response
always ( not (sig1 < 730) -> eventually [0:63] (always [0:25] (not (sig2 == 39))) ),stabilization_recurrence
always [0:27.3] (sig1 < 2.97),invariance_reachability
always ( rise (sig1 > 0 and sig1 < 87) -> (sig2 < 1.5) until [0:1070] (rise (sig3 <= 8.31)) ),temporal_response
always [2:10] (sig1 >= 10),invariance_reachability
always ( rise (sig1 > 1 and sig1 < 7) and sig2 == sig3 -> eventually [0:15] (always [0:8] (sig4 > 3.0 and sig4 < 7.2)) ),stabilization_recurrence
eventually (sig1 <= 2042 or sig2 >= 7),invariance_reachability
always ( rise (sig1 >= 15) -> not (sig2 == 0.5) or sig3 == 93 ),immediate_response
always (sig1 >= 970.98 and sig2 == sig3),invariance_reachability
always (sig1 >= 2.2),invariance_reachability
always ( rise (sig1 > 1880) -> (sig2 <= 7) until (fall (sig3 == sig4)) ),temporal_response
always ( fall (sig1 == 160.63) -> (sig2 >= 1.3 and sig2 <= 2.3) and fall (sig3 == 6) ),immediate_response
always ( rise (sig1 >= 32.5 and sig1 <= 48.1) -> always (sig2 >= 2333 and sig2 < 2658) ),temporal_response
always ( fall (sig1 == sig2) -> eventually [0:40] (always [1264:2030] (sig3 >= 11)) ),stabilization_recurrence
always ( not (sig1 == 3) -> not (eventually (sig2 == sig3)) ),temporal_response
always ( fall (sig1 == 9) -> sig2 == sig3 ),immediate_response
always ( rise (sig1 == sig2) -> always [13.28:41.81] (eventually (rise (sig3 == 4))) ),stabilization_recurrence
always ( sig1 <= 2372 -> rise (sig2 <= 9) or rise (sig3 <= 90.1) ),immediate_response
always ( sig1 == 6 -> sig2 < 25.43 ),immediate_response
always ( rise (sig1 == sig2) -> not (always [11:49] (sig3 >= 7 and sig3 <= 9)) ),temporal_response
always ( rise (sig1 >= 55) -> rise (sig2 == 82) or sig3 == 6.48 ),immediate_response
always ( rise (sig1 == sig2) -> eventually [0:8] (always [0:51.8] (sig3 <= 9)) ),stabilization_recurrence
eventually [0:458.4] (rise (sig1 <= 70.97) or fall (sig2 >= 45.8 and sig2 <= 74.8)),invariance_reachability
always ( (not fall (sig1 == 2923)) until [0:4] (sig2 <= 7) -> not ((sig3 < 164) until (rise (sig4 < 2333.8))) ),temporal_response
always ( rise (sig1 >= 64) or sig2 >= 9.23 -> always (eventually [0:55] (rise (sig3 < 60.18))) ),stabilization_recurrence
always ( rise (sig1 < 39) -> sig2 < 2860 ),immediate_response
always ( sig1 == 28 -> sig2 == 4 ),immediate_response
always ( rise (sig1 > 13.0 and sig1 < 48.93) -> eventually [273:2161] (sig2 < 94) ),temporal_response
always [0:73] (sig1 >= 6 and sig2 == sig3),invariance_reachability
eventually [36:45] ((sig1 > 29 and sig1 < 33) and not (sig2 > 5 and sig2 < 10)),invariance_reachability
always ( fall (sig1 >= 4 and sig1 <= 7) -> always [0:5.2] (eventually [0:9] (sig2 == sig3)) ),stabilization_recurrence
always (sig1 > 6.53),invariance_reachability
always ( fall (sig1 == 1823) -> sig2 == sig3 ),immediate_response
always ( sig1 >= 160.92 and sig1 <= 1454.5 -> rise (sig2 > 9.53 and sig2 < 68.23) or rise (sig3 > 1716 and sig3 < 2882) ),immediate_response
always ( rise (sig1 > 8) -> not ((sig2 == 34) until [0:7] (rise (sig3 > 49))) ),temporal_response
always ( not (sig1 == 21) and fall (sig2 > 27 and sig2 < 88) -> always [0:4] (sig3 == 1224.1) ),temporal_response
always ( rise (sig1 <= 89.3) -> sig2 > 57.1 ),immediate_response
eventually [0:72] (sig1 == 5.7),invariance_reachability
always ( rise (sig1 <= 2) -> sig2 < 1 ),immediate_response
always ( rise (sig1 == sig2) -> always [0:24] (eventually [0:9] (sig3 > 2 and sig3 <= 6)) ),stabilization_recurrence
always ( historically (sig1 > 75) -> always [0:61] (eventually [0:51] (sig2 <= 7)) ),stabilization_recurrence
eventually [4:8] ((sig1 > 5 and sig1 < 8) and sig2 == 97.64),invariance_reachability
always [0:325] (sig1 >= 6 and sig1 <= 10),invariance_reachability
always ( sig1 > 84 -> eventually [0:24] (fall (sig2 > 23 and sig2 < 96)) ),temporal_response
always ( rise (sig1 == 3) -> sig2 >= 27 and sig2 <= 39 ),immediate_response
always ( rise (sig1 == 7) or fall (sig2 > 90 and sig2 < 95) -> historically [4:9] (sig3 == 7) ),temporal_response
always ( sig1 >= 7.5 and not rise (sig2 == sig3) -> sig4 >= 1561.63 or (sig5 >= 86 and sig5 <= 91) ),immediate_response
always ( rise (sig1 > 83 and sig1 < 89) -> rise (sig2 > 7 and sig2 <= 10) ),immediate_response
always ( sig1 > 10 -> eventually [0:54.2] (always (sig2 > 81 and sig2 < 98)) ),stabilization_recurrence
always ( fall (sig1 == 4) -> not rise (sig2 == sig3) ),immediate_response
eventually [6:7] (sig1 == sig2 and not (sig3 == 2)),invariance_reachability
always [9.6:13.6] (sig1 == sig2),invariance_reachability
always ( fall (sig1 == 2342) -> eventually [5.4:6.1] (fall (sig2 == 9)) ),temporal_response
always ( historically [8.1:8.3] (sig1 == 79.3) -> eventually [56:68] (always [0:92.95] (sig2 > 684)) ),stabilization_recurrence
always ( eventually [56:66] (not (sig1 >= 6)) -> (sig2 <= 44) until [0:97.6] (sig3 == sig4) ),temporal_response
eventually [2058:2679] (not (sig1 == 45)),invariance_reachability
always ( rise (sig1 > 47) -> always [0:3] (eventually [0:8.16] (rise (sig2 >= 1.54))) ),stabilization_recurrence
eventually [0:2.2] (sig1 == sig2),invariance_reachability
always ( historically [0:682] (sig1 >= 43.2) -> always [212:1002] (eventually [1596:1699] (sig2 < 5.0)) ),stabilization_recurrence
eventually (sig1 == 10),invariance_reachability
always ( rise (sig1 == sig2) -> sig3 == sig4 ),immediate_response
always ( fall (sig1 == 3) -> always [5:62] (eventually [0:9.3] (rise (sig2 < 93.54))) ),stabilization_recurrence
always ( rise (sig1 < 1799) -> rise ((sig2 >= 1799) until (sig3 < 3)) ),temporal_response
always ( not (sig1 < 1443) and sig2 == sig3 -> sig4 >= 7.6 and sig5 > 40.5 ),immediate_response
always ( fall (sig1 == sig2) -> sig3 >= 0 or rise (sig4 > 83 and sig4 < 98) ),immediate_response
always (not (sig1 > 1.1) and sig2 == 5.37),invariance_reachability
always ( rise (sig1 > 34 and sig1 < 99) -> sig2 > 22.0 ),immediate_response
always ( historically (not (sig1 < 14)) -> not ((sig2 == sig3) until [0:2968.5] (not (sig4 < 6))) ),temporal_response
always ( (sig1 >= 93.7 and sig1 <= 94.4) and rise (sig2 > 2.2) -> eventually [2223:2646] (sig3 == sig4) ),temporal_response
always [0:5] (sig1 == 97),invariance_reachability
always ( rise (sig1 < 0) -> sig2 == sig3 ),immediate_response
eventually [0:5.26] (not (sig1 < 4)),invariance_reachability
always ( sig1 >= 155.8 -> eventually [0:1828.36] (always [0:6] (not (sig2 > 73 and sig2 < 93))) ),stabilization_recurrence
always ( rise (sig1 == 5) -> sig2 == sig3 ),immediate_response
always (not (sig1 > 2.1) or sig2 > 39),invariance_reachability
always ( sig1 == sig2 -> eventually [0:7] (always (sig3 > 513)) ),stabilization_recurrence
eventually (sig1 > 6.92 and sig2 == sig3),invariance_reachability
always ( rise (sig1 == sig2) -> eventually [0:10] (rise (sig3 == 3.49)) ),temporal_response
always ( rise (sig1 == sig2) -> sig3 >= 69 ),immediate_response
always ( fall (sig1 == sig2) -> always [0:4] (eventually [0:68.9] (rise (sig3 <= 1648))) ),stabilization_recurrence
eventually [19:55] (sig1 < 63),invariance_reachability
always ( rise (sig1 >= 18) -> eventually [0:31] (rise (sig2 <= 980)) ),temporal_response
always ( rise (sig1 == 84.1) -> (sig2 == 7) until [0:1] (sig3 == 0) ),temporal_response
always ( rise (sig1 >= 0.87) -> always [0:73] (eventually [7:10] (sig2 > 37 and sig2 < 100)) ),stabilization_recurrence
eventually [0:7] (sig1 > 1),invariance_reachability
always ( rise (sig1 >= 1821) -> always [0:7] (sig2 == sig3) ),temporal_response
always ( fall (sig1 == 9.77) -> sig2 < 92 ),immediate_response
always [0:2789] (sig1 == sig2),invariance_reachability
always ( sig1 >= 2 and sig2 == sig3 -> sig4 >= 0 and sig4 <= 5 ),immediate_response
always ( rise (sig1 >= 90) -> eventually (always [90:92] (sig2 >= 815)) ),stabilization_recurrence
eventually (sig1 < 80.5),invariance_reachability
always [0:1693] (sig1 <= 3 or sig2 == 4),invariance_reachability
always ( not (sig1 == 61.9) -> always [4:6] (eventually [0:1053] (sig2 >= 52 and sig2 <= 65)) ),stabilization_recurrence
always ( (sig1 >= 0.6 and sig1 <= 7.3) and sig2 == sig3 -> (sig4 >= 97 and sig4 <= 98) and sig5 == sig6 ),immediate_response
eventually [97:98] (sig1 > 98 and sig1 < 99),invariance_reachability
always ( fall (sig1 == 6) -> eventually [0:1.9] (always [0:71.54] (not (sig2 >= 3.12 and sig2 <= 6.71))) ),stabilization_recurrence
always ( rise (sig1 == 9) or rise (sig2 >= 20.0) -> sig3 > 1 and sig3 < 8 ),immediate_response
always [0:4.2] (not (sig1 <= 6.73) and (sig2 >= 762.09 and sig2 <= 2023.82)),invariance_reachability
always ( sig1 == sig2 or sig3 == 5 -> not (sig4 == sig5) ),immediate_response
always [0:7] (sig1 < 307),invariance_reachability
always ( fall (sig1 == 1987) -> always [0:27] (eventually [0:7] (sig2 >= 8 and sig2 <= 9)) ),stabilization_recurrence
always [2564.74:2894.38] (not (sig1 < 8.7) or sig2 == 6),invariance_reachability
always ( fall (sig1 == 13) -> not fall ((not (sig2 > 19.85)) until [2:7] (not rise (sig3 >= 1220 and sig3 <= 1621))) ),temporal_response
always ( historically (sig1 == 27.67) -> eventually [58:72] (always (sig2 <= 2.96)) ),stabilization_recurrence
always ( sig1 < 3 and sig2 >= 1 -> eventually [0:10] (sig3 > 9.0 and sig3 < 10.0) ),temporal_response
always ( rise (sig1 >= 9) -> always (sig2 > 10) ),temporal_response
always ( once [0:80.3] (sig1 >= 1950 and sig1 <= 2440) -> eventually (always (sig2 > 90)) ),stabilization_recurrence
always ( rise (sig1 == 10) -> rise (sig2 < 2) ),immediate_response
always ( sig1 == 9 or sig2 == 10 -> eventually [56:95] (always [7:10] (sig3 == sig4)) ),stabilization_recurrence
always ( fall (sig1 > 4 and sig1 < 5) -> historically [0:7] (sig2 <= 4) ),temporal_response
always ( (sig1 > 31 and sig1 < 89) and fall (sig2 == 497) -> always (eventually (sig3 > 18.6)) ),stabilization_recurrence
always ( historically [0:27] (sig1 > 1) -> (sig2 > 28) since (sig3 == sig4) ),temporal_response
always ( rise (sig1 == sig2) -> not (eventually [3:7] (rise (sig3 == sig4))) ),temporal_response
always ( (sig1 >= 37 and sig1 <= 39) and sig2 > 64 -> not fall (eventually (rise (sig3 >= 14))) ),temporal_response
always ( sig1 > 14.0 and sig2 > 74.1 -> always [96:98] (eventually [446:563] (rise (sig3 > 10 and sig3 <= 76))) ),stabilization_recurrence
always [0:17.2] (sig1 >= 9),invariance_reachability
always ( rise (sig1 >= 1069) -> always [79:91] (eventually [0:7] (rise (sig2 == sig3))) ),stabilization_recurrence
always ( rise (sig1 >= 91.27) -> always [0:8] (eventually [0:51] (sig2 >= 2 and sig2 <= 6)) ),stabilization_recurrence
eventually (rise (sig1 == 5)),invariance_reachability
always ( not (sig1 >= 2 and sig1 < 10) -> always [0:19.51] (eventually [0:78.1] (rise (sig2 > 28))) ),stabilization_recurrence
always ( rise (sig1 >= 8 and sig1 <= 9) -> always [0:34.5] (eventually (sig2 == 65)) ),stabilization_recurrence
always ( historically (sig1 > 43 and sig1 < 81) -> once [0:1187] (not (sig2 > 78)) ),temporal_response
always ( rise (sig1 > 753.36 and sig1 < 2748.55) -> always [6:10] (eventually [831.44:2060.6] (sig2 >= 95)) ),stabilization_recurrence
always ( rise (sig1 > 92.9 and sig1 < 96.1) -> always [0:52] (eventually (sig2 == 7)) ),stabilization_recurrence
always ( sig1 == 1662 -> not (eventually [0:4] (sig2 > 9 and sig2 < 99)) ),temporal_response
always ( (sig1 >= 63 and sig1 <= 68) or sig2 == sig3 -> always [0:10] (eventually [0:90.9] (fall (sig4 == 10))) ),stabilization_recurrence
always ( (sig1 >= 82 and sig1 <= 98) since [0:6] (sig2 >= 1367) -> eventually [0:50] (always [0:44] (not (sig3 <= 73))) ),stabilization_recurrence
always ( sig1 >= 1775.32 -> not (sig2 <= 8) ),immediate_response
eventually (fall (sig1 >= 5.09 and sig1 <= 8.99)),invariance_reachability
eventually [0:2] (sig1 >= 96),invariance_reachability
always [81:100] (sig1 == sig2 and sig3 < 3.27),invariance_reachability
always [30.34:97.19] (sig1 < 8 or sig2 == sig3),invariance_reachability
eventually (sig1 < 78),invariance_reachability
always ( sig1 <= 2959.1 -> sig2 >= 31 and sig2 <= 83 ),immediate_response
eventually [0:4] (sig1 >= 3 and sig1 <= 5),invariance_reachability
eventually [0:1] (sig1 <= 63.74),invariance_reachability
always ( rise (sig1 == sig2) -> fall (sig3 >= 2 and sig3 <= 10) ),immediate_response
always ( sig1 == sig2 -> always (eventually [0:8.6] (sig3 <= 83)) ),stabilization_recurrence
always ( fall (sig1 >= 79 and sig1 < 85) and not (sig2 == 28) -> sig3 <= 2.4 ),immediate_response
always ( fall (sig1 == sig2) -> sig3 == sig4 ),immediate_response
always ( fall (sig1 >= 856 and sig1 <= 1569) -> eventually (always [0:2202] (sig2 == 7)) ),stabilization_recurrence
eventually (sig1 == 1040 and fall (sig2 == 6)),invariance_reachability
always ( fall (sig1 > 2596 and sig1 < 2642) -> sig2 >= 88 or sig3 >= 31 ),immediate_response
always ( sig1 >= 92 or sig2 == 6 -> historically [4:8] (sig3 > 1 and sig3 < 4) ),temporal_response
always ( rise (sig1 < 31) -> always [0:9.39] (eventually [0:8.63] (rise (sig2 > 80 and sig2 < 83))) ),stabilization_recurrence
always ( once [19:23] (not (sig1 < 1075.0)) -> (sig2 == sig3) since [0:10] (not fall (sig4 == sig5)) ),temporal_response
always ( fall (sig1 == 3) -> eventually (sig2 == 59) ),temporal_response
always ( rise (sig1 <= 90) -> not (eventually [0:1887] (sig2 >= 41)) ),temporal_response
always ( rise (sig1 <= 6.5) -> sig2 == 1363 ),immediate_response
always (sig1 >= 44),invariance_reachability
always [0:4] (sig1 == sig2),invariance_reachability
always ( rise (sig1 > 1.79) -> sig2 > 9.15 ),immediate_response
always (sig1 >= 2287),invariance_reachability
eventually [0:85] (sig1 >= 5 and sig1 <= 6),invariance_reachability
always ( fall (sig1 == sig2) -> always [0:4] (eventually [0:5] (rise (sig3 == sig4))) ),stabilization_recurrence
always ( sig1 == sig2 and not fall (sig3 > 49) -> sig4 > 97 and sig4 < 98 ),immediate_response
always ( once (rise (sig1 >= 1399)) -> (not (sig2 < 1900)) until [1.76:5.32] (fall (sig3 >= 6 and sig3 <= 8)) ),temporal_response
always ( rise (sig1 == 17) -> always [45.7:60.5] (eventually [1:9] (rise (sig2 > 7.68))) ),stabilization_recurrence
eventually (rise (sig1 < 7)),invariance_reachability
always [0:91] (sig1 == sig2 and sig3 == 5),invariance_reachability
always ( rise (sig1 >= 46) -> always [61:64] (eventually [1145:1622] (sig2 == sig3)) ),stabilization_recurrence
always ( not (sig1 <= 3) or not (sig2 >= 41) -> sig3 > 10 and sig4 == sig5 ),immediate_response
always ( rise (sig1 == sig2) -> eventually [0:6] (always [0:3] (sig3 >= 2)) ),stabilization_recurrence
always ( sig1 == sig2 or rise (sig3 >= 4 and sig3 <= 5) -> always [0:83] (eventually [0:7] (not rise (sig4 > 73.2 and sig4 < 89.9))) ),stabilization_recurrence
always ( rise (sig1 >= 0) -> always [1733:2562] (sig2 == 2449) ),temporal_response
always ( rise (sig1 <= 12) and sig2 == sig3 -> rise (sig4 == 0) and sig5 > 59 ),immediate_response
always ( rise (sig1 >= 2.9) -> always [201:2147] (eventually [79:89] (rise (sig2 == sig3))) ),stabilization_recurrence
always ( not (sig1 == sig2) or sig3 == 4 -> always [0:9] (sig4 == 0.8) ),temporal_response
always ( rise (sig1 == 10) -> sig2 == 7 ),immediate_response
eventually [0:8] (sig1 == 10),invariance_reachability
eventually [0:21.78] (sig1 > 82),invariance_reachability
always ( historically [0:55.05] (sig1 > 78 and sig1 < 99) -> once [0:75] (sig2 > 4.1 and sig2 < 4.5) ),temporal_response
always ( not (sig1 <= 54) or (sig2 >= 42.51 and sig2 <= 87.44) -> not fall (sig3 == sig4) ),immediate_response
always ( fall (sig1 == sig2) -> sig3 <= 518 ),immediate_response
always ( sig1 >= 0 -> eventually (sig2 > 2.26) ),temporal_response
always ( sig1 == sig2 and not (sig3 >= 2402 and sig3 <= 2415) -> always [0:8] (eventually (not (sig4 > 1138 and sig4 < 2077))) ),stabilization_recurrence
always ( (not (sig1 > 33)) since [0:771.2] (sig2 >= 2541) -> (not (sig3 > 0 and sig3 < 10)) since [0:5] (sig4 > 7) ),temporal_response
always ( sig1 == sig2 and sig3 == 0 -> eventually [70:74] (sig4 > 44 and sig4 < 80) ),temporal_response
always [0:37] (sig1 <= 9),invariance_reachability
always ( rise (sig1 >= 7 and sig1 <= 9) -> not (sig2 == sig3) ),immediate_response
always ( not (sig1 == 40) and sig2 >= 6 -> always [1690.5:2063.25] (not (sig3 <= 15)) ),temporal_response
eventually [3:9] (sig1 >= 45 and sig1 <= 93),invariance_reachability
always ( sig1 == sig2 and sig3 == sig4 -> always [0:46.8] (sig5 < 2885.53) ),temporal_response
always ( sig1 == sig2 or sig3 == sig4 -> not rise (sig5 == 2926) and sig6 <= 866 ),immediate_response
always ( not (eventually [0:6] (sig1 >= 48 and sig1 <= 81)) -> eventually (always (sig2 > 66.88 and sig2 <= 87.08)) ),stabilization_recurrence
always ( rise (sig1 == 111.9) -> always [2520.19:2634.31] (sig2 == sig3) ),temporal_response
always [0:494.91] (sig1 < 1),invariance_reachability
always ( fall (sig1 > 57 and sig1 < 58) and sig2 == sig3 -> sig4 == sig5 ),immediate_response
always (sig1 >= 10.3 and (sig2 > 44 and sig2 < 98)),invariance_reachability
always ( not (sig1 >= 8) -> sig2 <= 2302.48 ),immediate_response
always ( sig1 > 26 and (sig2 >= 15 and sig2 <= 62) -> rise (sig3 >= 3) and sig4 >= 1 ),immediate_response
always ( not (sig1 == sig2) -> (sig3 >= 2 and sig3 < 9) and sig4 == 11 ),immediate_response
always ( (sig1 > 9.43 and sig1 < 9.69) and sig2 < 532 -> eventually (sig3 > 81) ),temporal_response
always ( rise (sig1 > 2 and sig1 <= 5) -> sig2 == sig3 ),immediate_response
always ( fall (sig1 == sig2) -> rise (sig3 < 657) ),immediate_response
always [0:97] (sig1 >= 3 and sig2 == 18),invariance_reachability
always ( once (not rise (sig1 == sig2)) -> (not (sig3 == sig4)) until (fall (sig5 > 19 and sig5 < 38)) ),temporal_response
always ( rise (sig1 > 458 and sig1 <= 2410) -> eventually [0:3] (always (sig2 >= 16)) ),stabilization_recurrence
always ( sig1 >= 9 -> always [5:14] (eventually [0:10] (sig2 == 83)) ),stabilization_recurrence
always ( once [0:1185] (sig1 >= 1) -> eventually [386.17:538.86] (sig2 == sig3) ),temporal_response
always ( sig1 >= 1697.2 and sig1 < 1698.0 -> not fall (sig2 > 1.2 and sig2 < 4.7) ),immediate_response
always ( rise (sig1 == 101) -> eventually [0:60.5] (always [0:7.0] (not (sig2 <= 3.5))) ),stabilization_recurrence
eventually [0:22] (rise (sig1 >= 1 and sig1 <= 5) or sig2 == 78),invariance_reachability
eventually [0:8] (sig1 == 96.28 and rise (sig2 > 60)),invariance_reachability
always ( not (sig1 == sig2) -> eventually [0:1] (always [0:92] (sig3 < 2090)) ),stabilization_recurrence
always ( sig1 == sig2 or fall (sig3 == 9) -> always [0:3] (sig4 < 7.9) ),temporal_response
always ( sig1 == 2582 and rise (sig2 > 57.2 and sig2 < 95.5) -> always [0:1561] (eventually [0:36.07] (sig3 >= 48.26)) ),stabilization_recurrence
always ( sig1 <= 45 -> sig2 >= 6 ),immediate_response
always ( rise (sig1 >= 5 and sig1 < 9) or sig2 > 44 -> (sig3 < 957.59) until [0:2502] (sig4 == 390) ),temporal_response
always ( rise (sig1 == 49) -> eventually [0:8] (not (sig2 > 5.7)) ),temporal_response
always ( rise (sig1 < 2.11) -> always [0:9.2] (sig2 > 1.4) ),temporal_response
always ( rise (sig1 == sig2) -> historically [8:10] (sig3 == sig4) ),temporal_response
always ( rise (sig1 <= 8.42) and sig2 == sig3 -> once [0:7] (fall (sig4 >= 1083 and sig4 <= 1602)) ),temporal_response
always ( rise (sig1 > 98) -> (sig2 <= 0) until (rise (sig3 < 290)) ),temporal_response
always ( sig1 <= 22 or fall (sig2 == 7) -> sig3 > 93 and sig3 < 95 ),immediate_response
eventually [0:554.9] (sig1 < 6),invariance_reachability
always ( always [2961:2986] (not rise (sig1 >= 7)) -> always [0:7] (sig2 < 5) ),temporal_response
always ( rise (sig1 <= 4) -> sig2 == 29 ),immediate_response
always ( rise (sig1 > 1) -> eventually [0:28.75] (always [0:7] (sig2 <= 9)) ),stabilization_recurrence
always ( not (sig1 >= 628 and sig1 < 709) or sig2 == 1348 -> sig3 == sig4 ),immediate_response
eventually ((sig1 > 2 and sig1 < 6) and rise (sig2 == 1139)),invariance_reachability
eventually [4.0:7.4] ((sig1 > 2 and sig1 < 5) and sig2 < 9),invariance_reachability
eventually [0:9] (rise (sig1 > 2147 and sig1 < 2817)),invariance_reachability
always ( sig1 == 6.4 -> sig2 == sig3 ),immediate_response
always ( rise (sig1 >= 60) -> sig2 >= 5 and sig2 <= 10 ),immediate_response
always ( rise (sig1 == sig2) -> eventually [0:1.61] (not fall (sig3 == 8)) ),temporal_response
always ( sig1 <= 9 -> rise (sig2 <= 1) ),immediate_response
always [0:5] (not (sig1 > 720) or sig2 >= 85.65),invariance_reachability
always ( rise (sig1 == 2) -> sig2 < 2 and sig3 == 3.0 ),immediate_response
always ( rise (sig1 < 1) -> sig2 > 4 and sig2 < 9 ),immediate_response
always ( historically [0:9] (sig1 == sig2) -> historically [0:2] (sig3 == 15.87) ),temporal_response
always [0:4] (sig1 >= 5),invariance_reachability
always ( sig1 == 0 and sig2 <= 41 -> (not rise (sig3 >= 10)) until [0:6.6] (sig4 <= 6) ),temporal_response
eventually (sig1 > 2),invariance_reachability
eventually [0:8] (rise (sig1 == 42.56)),invariance_reachability
always ( fall (sig1 == 7) or (sig2 >= 2.47 and sig2 < 3.81) -> sig3 > 9.87 ),immediate_response
eventually [2.2:4.9] (sig1 >= 3),invariance_reachability
always ( rise (sig1 == 4.1) and rise (sig2 >= 2 and sig2 <= 69) -> rise (sig3 == 2) ),immediate_response
eventually [6:10] (sig1 < 36.5 or sig2 < 49),invariance_reachability
always ( rise (sig1 > 14 and sig1 < 80) and sig2 < 1 -> (sig3 > 54) until [0:9] (rise (sig4 < 6.4)) ),temporal_response
always ( sig1 > 6.9 -> not (sig2 < 1746) ),immediate_response
always ( (sig1 == sig2) since [0:2125] (sig3 == sig4) -> eventually [0:4.6] (sig5 > 23) ),temporal_response
always ( rise (sig1 > 6 and sig1 < 9) -> fall (historically (not (sig2 == sig3))) ),temporal_response
always ( fall (sig1 == 7) -> always (eventually [2:10] (rise (sig2 <= 4))) ),stabilization_recurrence
always [0:6] (sig1 > 1511 and sig2 == 1),invariance_reachability
always ( rise (sig1 >= 9) -> always [0:8] (eventually [0:9] (fall (sig2 == 6.57))) ),stabilization_recurrence
always ( rise (sig1 <= 32) -> sig2 == sig3 and rise (sig4 >= 8) ),immediate_response
always ( rise (sig1 == sig2) -> sig3 == 1 ),immediate_response
always ( rise (sig1 < 651) and rise (sig2 == 13) -> fall (sig3 == 10) ),immediate_response
always ( rise (sig1 > 55 and sig1 <= 91) and rise (sig2 == 2.3) -> sig3 == 59 and (sig4 >= 6 and sig4 <= 8) ),immediate_response
always ( fall (sig1 == 61) or sig2 > 74 -> eventually [0:46] (always [0:89] (sig3 < 2402)) ),stabilization_recurrence
always ( fall (sig1 == sig2) -> sig3 >= 2 ),immediate_response
always ( historically [0:70] (sig1 > 6 and sig1 < 8) -> eventually [0:70] (always [60:63] (sig2 < 2)) ),stabilization_recurrence
always (sig1 <= 9),invariance_reachability
always ( rise (sig1 == 33) -> not ((sig2 == 749) until [43:55] (sig3 <= 29)) ),temporal_response
always ( rise (sig1 >= 20) -> (sig2 >= 207.9 and sig2 <= 1981.7) until (rise (sig3 <= 0.84)) ),temporal_response
always ( rise (sig1 < 756) -> not (always [0:79.3] (not (sig2 >= 26.8))) ),temporal_response
always ( rise (sig1 == 1352.8) -> eventually (rise (sig2 == 4)) ),temporal_response
always [0:6] (sig1 >= 0 and not (sig2 == sig3)),invariance_reachability
always ( historically [0:2742] (sig1 == sig2) -> eventually [0:29.7] (always [0:9] (not rise (sig3 >= 68 and sig3 <= 82))) ),stabilization_recurrence
always ( (not fall (sig1 > 7 and sig1 < 8)) until [0:21.0] (not (sig2 >= 2)) -> not (always [0:0.9] (sig3 == sig4)) ),temporal_response
always ( rise (sig1 == sig2) -> sig3 < 6.6 ),immediate_response
always ( rise (sig1 < 8) -> sig2 > 5 and sig2 < 46 ),immediate_response
always ( rise (sig1 == sig2) -> always (eventually (sig3 == 7)) ),stabilization_recurrence
always ( rise (sig1 > 28 and sig1 < 32) -> not fall (eventually (sig2 >= 81 and sig2 <= 92)) ),temporal_response
always ( (sig1 >= 387) since (sig2 > 12 and sig2 < 56) -> eventually (sig3 == 2400.67) ),temporal_response
always ( rise (sig1 <= 75) -> always [0:0.92] (eventually (rise (sig2 == sig3))) ),stabilization_recurrence
always ( sig1 > 45 and sig2 > 1 -> always [0:532] (sig3 >= 20 and sig3 <= 66) ),temporal_response
always [1136:1325] (sig1 > 78),invariance_reachability
always ( rise (sig1 >= 22.5) -> always [1:5] (eventually (fall (sig2 == sig3))) ),stabilization_recurrence
always ( rise (sig1 <= 2245.7) -> sig2 <= 0.8 and fall (sig3 == 303.5) ),immediate_response
always ( rise (sig1 < 94) -> eventually [0:31.7] (always [0:38.99] (not (sig2 <= 58))) ),stabilization_recurrence
eventually (rise (sig1 > 26)),invariance_reachability
always [1:6] (sig1 > 9 or sig2 >= 6),invariance_reachability
eventually [0:7] ((sig1 >= 0 and sig1 <= 5) or rise (sig2 > 21.97)),invariance_reachability
always ( sig1 == 5 and rise (sig2 > 36) -> always [2534:2827] (eventually [735.04:2244.42] (rise (sig3 <= 21))) ),stabilization_recurrence
always ( sig1 > 19.87 and sig2 <= 6 -> sig3 > 5 ),immediate_response
eventually [0:8] (rise (sig1 >= 94 and sig1 <= 99) or rise (sig2 < 92)),invariance_reachability
always ( historically [0:4] (sig1 <= 58) -> always [4:7] (eventually [0:93] (sig2 >= 2932)) ),stabilization_recurrence
always ( rise (sig1 <= 20) -> always [0:4] (eventually [0:43] (sig2 == 7)) ),stabilization_recurrence
always [0:2] (not (sig1 == sig2) and not (sig3 == 6)),invariance_reachability
always (sig1 == sig2 and (sig3 > 1.4 and sig3 < 8.9)),invariance_reachability
always ( not (sig1 >= 1 and sig1 <= 4) and sig2 < 9 -> always [0:5] (eventually [0:4] (sig3 >= 3.24 and sig3 < 6.25)) ),stabilization_recurrence
always [0:1] (sig1 <= 47 or (sig2 > 10 and sig2 <= 40)),invariance_reachability
always ( rise (sig1 > 2970) -> once [0:2490] (not (sig2 > 3 and sig2 <= 4)) ),temporal_response
always ( historically [41:52] (sig1 == sig2) -> eventually [0:73] (always [0:5] (sig3 <= 23)) ),stabilization_recurrence
always ( always (not rise (sig1 == sig2)) -> always (eventually [2:4] (fall (sig3 == 2140))) ),stabilization_recurrence
always ( sig1 >= 0 and sig1 <= 10 -> (sig2 <= 55) since [0:1254] (rise (sig3 == sig4)) ),temporal_response
eventually (sig1 <= 69 or (sig2 > 3 and sig2 < 6)),invariance_reachability
always ( fall (sig1 >= 1416.9 and sig1 <= 2790.8) -> not (eventually [2.4:6.0] (sig2 == sig3)) ),temporal_response
always (sig1 >= 91 or sig2 == sig3),invariance_reachability
always ( sig1 == sig2 -> sig3 <= 59 ),immediate_response
always ( fall (sig1 == 21.68) -> always [43:81] (eventually [0:2176] (rise (sig2 >= 37 and sig2 <= 50))) ),stabilization_recurrence
always ( sig1 == 7 and (sig2 > 892 and sig2 < 2077) -> (sig3 == sig4) until (sig5 >= 21.07) ),temporal_response
always (not (sig1 <= 1396.0)),invariance_reachability
always ( historically (sig1 >= 3.5) -> always (eventually (sig2 > 1272)) ),stabilization_recurrence
always ( (sig1 > 2555) since [70:84] (not (sig2 < 0)) -> (sig3 < 5) until [86.36:99.86] (rise (sig4 == _ 5)) ),temporal_response
always ( not (sig1 >= 80 and sig1 <= 88) -> eventually (always (sig2 == sig3)) ),stabilization_recurrence
always ( sig1 < 8 -> eventually [51:91] (always [2744.5:2908.0] (sig2 == 2399)) ),stabilization_recurrence
always ( historically (sig1 > 8 and sig1 < 9) -> eventually [0:352.4] (always (sig2 == sig3)) ),stabilization_recurrence
always ( rise (sig1 > 81 and sig1 < 83) or (sig2 >= 32.57 and sig2 <= 78.16) -> historically [0:52] (sig3 > 45 and sig3 < 80) ),temporal_response
always ( sig1 > 1409 or rise (sig2 > 28.8 and sig2 < 67.8) -> (not fall (sig3 >= 6 and sig3 <= 8)) until (sig4 > 56.7) ),temporal_response
always ( sig1 <= 568 or rise (sig2 > 40) -> eventually (always [25.2:32.8] (sig3 > 247)) ),stabilization_recurrence
always ( sig1 == sig2 or sig3 == 2499 -> sig4 >= 8.5 and sig4 <= 9.7 ),immediate_response
always ( rise (sig1 >= 31.3) -> sig2 == sig3 ),immediate_response
always ( (sig1 > 67 and sig1 < 78) or sig2 >= 30 -> sig3 <= 39 ),immediate_response
always ( once [0:98] (sig1 < 9) -> not ((sig2 == sig3) until (sig4 == sig5)) ),temporal_response
always ( sig1 >= 421 and sig2 == sig3 -> always (eventually [0:2] (sig4 == sig5)) ),stabilization_recurrence
always [0:2181] (sig1 == 1811),invariance_reachability
always ( not (historically [0:9] (sig1 > 873 and sig1 < 2080)) -> eventually [0:20.2] (rise (sig2 == sig3)) ),temporal_response
always [0:80.4] (sig1 < 25 or (sig2 > 36 and sig2 < 75)),invariance_reachability
always ( sig1 == sig2 or sig3 == 1.0 -> eventually (always (sig4 <= 4)) ),stabilization_recurrence
always ( once [67:79] (sig1 < 20) -> (sig2 > 81) until (sig3 == sig4) ),temporal_response
always ( fall (sig1 == sig2) -> not ((sig3 == sig4) until [0:37] (rise (sig5 == sig6))) ),temporal_response
always ( sig1 == 0 -> eventually [0:29] (not fall (sig2 == 1)) ),temporal_response
always ( fall (sig1 == 38) -> always [0:8] (sig2 == 2) ),temporal_response
always ( rise (sig1 == 2741) -> once [16:40] (sig2 == 884) ),temporal_response
always ( rise (sig1 <= 2217.07) or sig2 == 2 -> always [0:2] (sig3 < 972) ),temporal_response
always ( rise (sig1 == sig2) -> historically [53:99] (sig3 <= 1628) ),temporal_response
always [1:8] (sig1 > 1),invariance_reachability
eventually [0:1071.17] ((sig1 >= 20 and sig1 <= 30) and sig2 < 74),invariance_reachability
always ( (sig1 >= 53 and sig1 <= 95) and sig2 < 2 -> (sig3 < 1) until [0:1] (not (sig4 == 10)) ),temporal_response
always ( fall (sig1 == 2515.67) -> rise (sig2 > 10) ),immediate_response
always [0:2] (sig1 == 2 or not fall (sig2 == sig3)),invariance_reachability
always ( fall (sig1 == 52) -> sig2 > 5.82 and sig2 <= 9.89 ),immediate_response
always ( rise (sig1 >= 10) -> sig2 > 7 and sig2 < 10 ),immediate_response
always ( rise (sig1 >= 7.75 and sig1 <= 9.47) -> once (sig2 >= 4) ),temporal_response
eventually (sig1 >= 676.38 or sig2 > 75),invariance_reachability
always ( historically [0:496] (sig1 >= 3.7) -> not ((sig2 >= 64 and sig2 <= 71) until [0:33] (rise (sig3 == 7.4))) ),temporal_response
always ( sig1 > 68 -> sig2 == 69 ),immediate_response
always ( sig1 > 54.4 and sig2 == 49 -> eventually [0:42.2] (sig3 == sig4) ),temporal_response
always ( sig1 == 7 or sig2 >= 56 -> sig3 < 1878 ),immediate_response
always [0:5.1] ((sig1 >= 900.3 and sig1 <= 1994.3) and sig2 <= 5),invariance_reachability
always ( rise (sig1 >= 91) -> eventually [0:1] (fall (sig2 >= 2 and sig2 <= 4)) ),temporal_response
always ( sig1 <= 40.9 -> always [0:67] (eventually [0:2160] (rise (sig2 >= 84 and sig2 <= 99))) ),stabilization_recurrence
always ( rise (sig1 >= 2981.57) -> historically [2226:2244] (sig2 > 5 and sig2 < 9) ),temporal_response
always (sig1 == 29 and not rise (sig2 == sig3)),invariance_reachability
eventually [85:100] (sig1 == sig2 and not (sig3 == 3)),invariance_reachability
always ( not (sig1 < 4) and not rise (sig2 == 6) -> always [0:99] (eventually [0:14] (fall (sig3 > 1.9 and sig3 <= 29.7))) ),stabilization_recurrence
always ( rise (sig1 > 16) -> sig2 <= 19.0 ),immediate_response
always ( rise (sig1 == sig2) -> sig3 == 6.64 ),immediate_response
always ( rise (sig1 == sig2) -> sig3 > 22 and sig3 <= 96 ),immediate_response
always ( rise (sig1 < 2) -> rise (sig2 <= 43) and (sig3 > 268.4 and sig3 < 1026.3) ),immediate_response
eventually [2:9] (rise (sig1 < 0) or sig2 >= 5),invariance_reachability
always [0:49] (sig1 >= 2284),invariance_reachability
eventually (not (sig1 > 838.8) and not (sig2 > 85)),invariance_reachability
always ( rise (sig1 > 2234.5 and sig1 <= 2459.7) -> eventually [0:39] (always [0:6.8] (sig2 == 42)) ),stabilization_recurrence
always ( rise (sig1 < 1560) -> always [0:2] (eventually [0:79] (rise (sig2 > 68))) ),stabilization_recurrence
always ( rise (sig1 == 53.15) -> eventually [0:2.17] (always [0:21] (sig2 < 42)) ),stabilization_recurrence
always (sig1 >= 75.1 and sig2 <= 1),invariance_reachability
eventually [0:7] (sig1 == sig2 or sig3 < 4),invariance_reachability
always ( rise (sig1 == 1711) -> (sig2 == 6) until [0:3.0] (sig3 > 7.4 and sig3 < 9.86) ),temporal_response
always ( not (once [0:26] (not (sig1 >= 98 and sig1 <= 100))) -> fall (always [1993:2908] (not (sig2 <= 887))) ),temporal_response
always ( fall (sig1 == sig2) -> always (eventually [0:74] (not fall (sig3 == sig4))) ),stabilization_recurrence
always ( rise (sig1 <= 66.37) -> eventually [0:7] (always [0:46.14] (sig2 == 1)) ),stabilization_recurrence
always ( sig1 == sig2 and sig3 == sig4 -> once (sig5 >= 73.47) ),temporal_response
always ( rise (sig1 == 1) -> eventually [0:2518] (always [0:2027] (sig2 == sig3)) ),stabilization_recurrence
always [0:9] (not (sig1 <= 2)),invariance_reachability
always ( rise (sig1 >= 3.88) -> always [1918:2429] (eventually [0:3] (sig2 < 7)) ),stabilization_recurrence
always ( rise (sig1 == sig2) -> (sig3 <= 7) until [22.5:29.2] (sig4 >= 26.65) ),temporal_response
always ( sig1 <= 34 -> not (always (sig2 == sig3)) ),temporal_response
always ( (not (sig1 == 363)) since [0:727.1] (rise (sig2 >= 1 and sig2 <= 98)) -> always [0:20] (sig3 == 7) ),temporal_response
always ( fall (sig1 == sig2) -> not (sig3 == sig4) ),immediate_response
always ( rise (sig1 >= 9) -> always [6:10] (sig2 == 1) ),temporal_response
always ( rise (sig1 >= 9.82) -> sig2 >= 1602 or sig3 == 9 ),immediate_response
always ( rise (sig1 == sig2) -> rise (sig3 > 88) ),immediate_response
always (sig1 > 64),invariance_reachability
always ( rise (sig1 == 7) -> not (sig2 >= 33) and (sig3 > 31 and sig3 < 37) ),immediate_response
always ( fall (sig1 == 9) -> historically (not (sig2 == sig3)) ),temporal_response
always (sig1 < 99.67),invariance_reachability
eventually [0:1] (sig1 <= 87 or sig2 <= 243),invariance_reachability
always ( rise (sig1 >= 76 and sig1 <= 96) -> sig2 == sig3 or not fall (sig4 == 6) ),immediate_response
always ( sig1 == 65 or (sig2 > 34 and sig2 <= 75) -> (not (sig3 >= 87)) until (sig4 == 278.7) ),temporal_response
always ( sig1 < 1644 or fall (sig2 == 646) -> eventually [8:10] (always (sig3 >= 1709 and sig3 <= 2130)) ),stabilization_recurrence
always ( fall (sig1 > 8 and sig1 < 9) -> sig2 == sig3 ),immediate_response
always ( sig1 == 792.22 or fall (sig2 == 2) -> not (always [94.01:98.87] (not fall (sig3 >= 3 and sig3 <= 4))) ),temporal_response
always ( rise (sig1 > 5) -> eventually (always [0:2] (sig2 == sig3)) ),stabilization_recurrence
always ( rise (sig1 <= 422) -> not (sig2 == 1538.5) or rise (sig3 > 81) ),immediate_response
eventually [0:1447] (sig1 == sig2),invariance_reachability
always ( fall (sig1 > 6.11 and sig1 < 15.12) -> eventually [0:8] (always [28.52:97.37] (sig2 <= 22)) ),stabilization_recurrence
always ( sig1 <= 1720.0 and rise (sig2 > 7 and sig2 <= 9) -> always [9:68] (sig3 <= 10) ),temporal_response
always [6:10] (not rise (sig1 > 11 and sig1 < 78) and sig2 < 122.72),invariance_reachability
always ( sig1 == sig2 and sig3 == 1200 -> sig4 == sig5 ),immediate_response
always ( historically [1:5] (not (sig1 > 2333 and sig1 < 2389)) -> eventually [0:26] (always [0:49] (not fall (sig2 == sig3))) ),stabilization_recurrence
always ( rise (sig1 <= 3) -> not fall (sig2 >= 0 and sig2 <= 2) ),immediate_response
eventually [4:6] (sig1 == 224),invariance_reachability
always ( rise (sig1 >= 54.0 and sig1 <= 69.1) -> sig2 < 3.1 ),immediate_response
always ( rise (sig1 == sig2) -> fall (eventually [22:77] (sig3 == sig4)) ),temporal_response
always ( rise (sig1 < 66) -> rise (sig2 == 17) ),immediate_response
always ( rise (sig1 == 73) and not (sig2 < 28) -> rise (sig3 > 93) and fall (sig4 > 1.87 and sig4 < 2.93) ),immediate_response
always ( rise (sig1 <= 81.1) -> sig2 >= 1554 ),immediate_response
always ( rise (sig1 <= 514.6) -> not fall (sig2 > 2898) ),immediate_response
always ( sig1 <= 4 -> once [0:42] (sig2 == sig3) ),temporal_response
always ( rise (sig1 >= 1055) -> once [0:82.27] (rise (sig2 < 2.5)) ),temporal_response
always [43:73] (sig1 >= 65 and sig2 == 54),invariance_reachability
always [0:65.4] (sig1 == 9 or sig2 < 1257.25),invariance_reachability
always ( rise (sig1 > 5.8 and sig1 < 8.2) -> eventually [3:6] (always [49.2:77.8] (sig2 > 1239 and sig2 < 1578)) ),stabilization_recurrence
always ( fall (sig1 >= 6 and sig1 <= 8) -> always [592:1641] (sig2 == sig3) ),temporal_response
always ( rise (sig1 < 10) -> always (eventually [0:8] (not (sig2 > 1.8))) ),stabilization_recurrence
always ( sig1 >= 1551 and sig2 == 48.1 -> sig3 < 47 ),immediate_response
always ( once (sig1 >= 54.53 and sig1 <= 76.55) -> eventually [0:1.5] (always [0:88] (sig2 == sig3)) ),stabilization_recurrence
always ( sig1 == 20 -> eventually [0:10] (always [0:6] (not (sig2 >= 73.71 and sig2 <= 86.27))) ),stabilization_recurrence
always ( rise (sig1 > 958.7) -> sig2 < 93 or sig3 <= 8 ),immediate_response
always ( rise (sig1 > 2111.7 and sig1 < 2728.6) -> rise (sig2 == 3) or rise (sig3 > 91 and sig3 < 98) ),immediate_response
eventually [0:82.81] (sig1 == 2 and sig2 > 10),invariance_reachability
always ( not (once [620:1855] (sig1 == 2827)) -> always (eventually [78.1:88.3] (rise (sig2 == sig3))) ),stabilization_recurrence
always (not (sig1 >= 95 and sig1 < 98)),invariance_reachability
always ( rise (sig1 == sig2) -> historically [2890:2907] (sig3 < 75.54) ),temporal_response
always ( sig1 == 5 and sig2 == sig3 -> always (sig4 >= 6 and sig4 <= 9) ),temporal_response
always ( sig1 > 7 and sig1 < 10 -> eventually [0:67] (always [0:6.7] (not (sig2 <= 7))) ),stabilization_recurrence
always [0:5] (sig1 == sig2),invariance_reachability
eventually [0:90.8] (sig1 >= 1870 and sig2 < 1),invariance_reachability
always ( rise (sig1 <= 99.89) -> rise (sig2 >= 1) ),immediate_response
eventually [0:981] (sig1 <= 5),invariance_reachability
always ( fall (sig1 == sig2) -> rise (sig3 <= 8) or (sig4 >= 6.25 and sig4 < 7.07) ),immediate_response
always ( sig1 <= 1709.86 or rise (sig2 > 90) -> always [0:48] (eventually [0:66] (rise (sig3 == sig4))) ),stabilization_recurrence
always ( (sig1 > 68 and sig1 <= 77) until [0:3] (sig2 == 6) -> eventually [82:97] (rise (sig3 > 1)) ),temporal_response
always ( fall (sig1 == sig2) -> eventually [4:6] (always (sig3 > 2502)) ),stabilization_recurrence
always ( rise (sig1 <= 2.24) -> eventually [0:53] (always (sig2 == sig3)) ),stabilization_recurrence
always ( fall (sig1 > 96 and sig1 < 100) -> sig2 < 6 ),immediate_response
eventually (sig1 > 1.2 and sig1 < 9.3),invariance_reachability
always (sig1 > 998 and sig1 < 1188),invariance_reachability
always ( rise (sig1 == sig2) -> always (eventually (sig3 > 395)) ),stabilization_recurrence
always ( rise (sig1 >= 15) -> (sig2 >= 0) until (sig3 > 172.0 and sig3 < 2369.9) ),temporal_response
always (not fall (sig1 == 10)),invariance_reachability
always ( fall (sig1 > 44 and sig1 < 61) -> eventually [0:2910.9] (always [0:9.07] (sig2 >= 8)) ),stabilization_recurrence
always ( fall (sig1 == 563) -> eventually (not (sig2 == 61)) ),temporal_response
always ( sig1 == 239.36 and sig2 == sig3 -> sig4 == sig5 or (sig6 > 54.5 and sig6 < 58.2) ),immediate_response
always ( fall (sig1 == sig2) -> always [42:56] (sig3 < 34) ),temporal_response
always ( sig1 < 2.32 or not fall (sig2 > 81.76 and sig2 < 96.99) -> always [6.29:9.11] (not fall (sig3 > 77)) ),temporal_response
always ( rise (sig1 >= 9) -> historically [0:9] (not rise (sig2 > 0)) ),temporal_response
always ( rise (sig1 > 58) -> sig2 == 1082.7 ),immediate_response
eventually [0:8.7] (sig1 > 1 or rise (sig2 >= 268)),invariance_reachability
always ( rise (sig1 == sig2) -> not (eventually (fall (sig3 == sig4))) ),temporal_response
always ( rise (sig1 > 94) -> sig2 == sig3 ),immediate_response
eventually [1018:1204] (sig1 < 9.7 or sig2 >= 2),invariance_reachability
always ( always [0:2900] (sig1 == 82) -> always [0:8.9] (eventually [0:8.7] (rise (sig2 == 75))) ),stabilization_recurrence
always ( rise (sig1 >= 8 and sig1 <= 9) -> always [1185:2595] (eventually [0:4] (sig2 == 8.3)) ),stabilization_recurrence
eventually (sig1 < 2),invariance_reachability
always ( fall (always [4:48] (sig1 <= 1332)) -> eventually [0:2965.93] (always [0:2058] (sig2 == 71)) ),stabilization_recurrence
always ( fall (sig1 == sig2) -> historically [96:97] (not (sig3 <= 91)) ),temporal_response
always ( rise (sig1 <= 5) -> sig2 <= 38 or not (sig3 == 594) ),immediate_response
always ( always (sig1 < 68) -> (sig2 > 12) until [66:67] (sig3 == sig4) ),temporal_response
eventually [0:5.53] (not (sig1 > 1)),invariance_reachability
eventually [2958:2970] (sig1 == sig2),invariance_reachability
always ( sig1 >= 60.13 or (sig2 > 8 and sig2 < 10) -> sig3 == sig4 ),immediate_response
eventually (rise (sig1 > 0.1)),invariance_reachability
always ( sig1 == 10 and not (sig2 > 17.9) -> sig3 <= 7 ),immediate_response
always [0:7] (sig1 == 2799 and sig2 == sig3),invariance_reachability
always (not (sig1 == sig2) and sig3 == sig4),invariance_reachability
always ( (sig1 == 36) since (rise (sig2 == 1245)) -> (not (sig3 < 7.61)) until [0:35.37] (sig4 >= 10) ),temporal_response
always ( sig1 <= 896 -> sig2 >= 24 and sig2 <= 34 ),immediate_response
eventually [0:1176] ((sig1 >= 18 and sig1 <= 45) and sig2 <= 6),invariance_reachability
always [35:95] (sig1 <= 7),invariance_reachability
always ( sig1 < 15 -> rise (sig2 > 1962) ),immediate_response
always ( rise (sig1 == sig2) -> fall (sig3 == 2) ),immediate_response
always ( rise (sig1 > 4.72 and sig1 < 6.34) -> not rise ((sig2 < 1411) until (sig3 <= 13)) ),temporal_response
always ( sig1 == sig2 and rise (sig3 < 58.42) -> not ((sig4 == 77.0) until [0:5] (fall (sig5 == sig6))) ),temporal_response
always [0:19] (sig1 == sig2),invariance_reachability
always ( (sig1 == sig2) since (sig3 == 3) -> always [0:23] (not (sig4 == sig5)) ),temporal_response
always ( rise (sig1 < 56.81) -> sig2 == sig3 ),immediate_response
always ( fall (sig1 > 455 and sig1 < 1762) -> eventually (rise (sig2 > 59)) ),temporal_response
always [0:7] (sig1 >= 321 and sig1 <= 1617),invariance_reachability
always [5.6:8.6] (sig1 == sig2),invariance_reachability
always ( historically [0:22] (not (sig1 >= 94.97 and sig1 <= 99.78)) -> fall (eventually [5.17:7.88] (rise (sig2 < 2))) ),temporal_response
always ( not (sig1 == sig2) and sig3 == 91 -> eventually [0:8] (always [0:18] (sig4 < 3)) ),stabilization_recurrence
eventually (rise (sig1 > 39) or sig2 < 30),invariance_reachability
always ( rise (sig1 < 2) -> sig2 == sig3 and not (sig4 < 40) ),immediate_response
always [72.3:73.0] (sig1 < 538 and sig2 > 5),invariance_reachability
always ( once [4:6] (rise (sig1 == sig2)) -> always [0:48] (eventually [0:43] (rise (sig3 > 1503))) ),stabilization_recurrence
eventually (rise (sig1 > 0.5 and sig1 < 2.8) and sig2 < 4),invariance_reachability
eventually (not (sig1 <= 374)),invariance_reachability
always ( rise (sig1 < 76) -> sig2 == 2897 ),immediate_response
always ( sig1 > 96 and sig1 < 100 -> eventually [13:40] (always [0:6.67] (sig2 < 4)) ),stabilization_recurrence
always [0:510] (sig1 == sig2),invariance_reachability
always ( fall (sig1 >= 5 and sig1 <= 8) -> always [0:8] (eventually [0:4.4] (rise (sig2 >= 2))) ),stabilization_recurrence
always ( rise (sig1 < 513) -> eventually [0:80] (always [0:9] (sig2 >= 43)) ),stabilization_recurrence
always ( rise (sig1 == 12) and sig2 < 3 -> eventually [0:10] (always [0:6] (sig3 <= 1225)) ),stabilization_recurrence
always ( rise (sig1 < 4) -> sig2 == 2718.2 ),immediate_response
always ( sig1 > 1.7 -> not (sig2 == 4) ),immediate_response
always ( sig1 > 23 and sig1 < 32 -> eventually [4:5] (sig2 == sig3) ),temporal_response
always ( rise (sig1 > 66 and sig1 < 78) or sig2 == sig3 -> eventually [0:92] (always (sig4 >= 1354 and sig4 < 2639)) ),stabilization_recurrence
always ( (sig1 > 7 and sig1 < 9) since [0:1.5] (not fall (sig2 == 6.91)) -> always (eventually [0:91] (rise (sig3 == sig4))) ),stabilization_recurrence
always ( rise (sig1 < 23) -> always [2019:2913] (eventually [2747:2824] (sig2 > 37.6 and sig2 < 72.1)) ),stabilization_recurrence
always ( rise (sig1 < 7) or sig2 < 0 -> sig3 > 3 and sig3 < 7 ),immediate_response
always (sig1 == 73),invariance_reachability
always ( not fall (sig1 > 2154) -> always (eventually [5:10] (sig2 >= 77)) ),stabilization_recurrence
always ( rise (sig1 == 2895.6) -> eventually (sig2 >= 8) ),temporal_response
eventually (rise (sig1 == 7.26) or not (sig2 >= 7.67)),invariance_reachability
eventually [0:659] (fall (sig1 == 3)),invariance_reachability
always ( sig1 >= 17 and sig1 <= 55 -> always [0:1] (eventually [0:29] (not fall (sig2 == sig3))) ),stabilization_recurrence
eventually [0:94] (sig1 > 81.3 and sig2 >= 2),invariance_reachability
always ( rise (sig1 <= 1945) -> not (eventually [0:6] (sig2 > 0.41 and sig2 < 28.31)) ),temporal_response
always ( sig1 == sig2 and rise (sig3 >= 39.87) -> sig4 <= 2792 or not (sig5 > 12 and sig5 < 50) ),immediate_response
always ( sig1 == 0 -> fall (sig2 == 2) ),immediate_response
eventually [0:99] (rise (sig1 == 7.7) and sig2 < 2),invariance_reachability
always [0:5] (sig1 == 2),invariance_reachability
always ( fall (sig1 > 2966.5 and sig1 < 2998.0) -> not fall (always (not (sig2 <= 68.5))) ),temporal_response
always [6:9] (not (sig1 <= 16) and (sig2 >= 8.6 and sig2 <= 9.9)),invariance_reachability
always ( rise (sig1 >= 6.74) -> not (eventually [0:3] (rise (sig2 == sig3))) ),temporal_response
always [97:98] ((sig1 >= 74.2 and sig1 <= 87.5) and sig2 == 64),invariance_reachability
always ( sig1 >= 8.31 and sig1 < 9.38 -> always [0:9.5] (eventually [0:1] (sig2 > 9.3 and sig2 < 9.9)) ),stabilization_recurrence
eventually [2:8] (fall (sig1 == 69) or sig2 >= 191),invariance_reachability
always [0:2748.24] ((sig1 > 6 and sig1 < 10) and sig2 <= 2645),invariance_reachability
always ( fall (sig1 > 97 and sig1 < 100) -> always [0:6] (sig2 == sig3) ),temporal_response
always ( rise (sig1 >= 100.33 and sig1 <= 2869.56) and sig2 == sig3 -> sig4 == sig5 ),immediate_response
always ( rise (sig1 >= 0.91) or sig2 == sig3 -> sig4 > 55.26 ),immediate_response
always ( sig1 > 10 or sig2 < 94.7 -> eventually [0:86] (always [0:3] (sig3 > 79)) ),stabilization_recurrence
always [0:72] (sig1 == 22.44),invariance_reachability
always ( rise (sig1 <= 3) -> always [0:3] (eventually [0:2.09] (fall (sig2 == sig3))) ),stabilization_recurrence
always ( sig1 == 1756 and (sig2 >= 91 and sig2 <= 95) -> eventually (rise (sig3 > 0 and sig3 < 8)) ),temporal_response
always ( sig1 == 0 or (sig2 >= 32 and sig2 <= 42) -> not (always (sig3 >= 4 and sig3 <= 8)) ),temporal_response
always [4:6] (sig1 < 7.5 and sig2 == sig3),invariance_reachability
always ( fall (sig1 > 13 and sig1 < 37) and (sig2 >= 2.3 and sig2 <= 9.1) -> sig3 >= 2820 ),immediate_response
always (not (sig1 > 12 and sig1 <= 16) or sig2 >= 7),invariance_reachability
always ( sig1 < 1981 or sig2 <= 99 -> not (eventually [0:74] (sig3 == 58)) ),temporal_response
always (sig1 == 1578),invariance_reachability
always ( fall (sig1 >= 1 and sig1 <= 3) -> sig2 == 16.7 ),immediate_response
always ( rise (sig1 == 3) -> eventually [0:62] (always [0:2192] (sig2 == 2)) ),stabilization_recurrence
eventually [0:2848] (not fall (sig1 == 83) and sig2 == sig3),invariance_reachability
always ( not (sig1 >= 10) -> eventually [0:9] (rise (sig2 < 9)) ),temporal_response
always (sig1 < 8 or sig2 <= 27),invariance_reachability
always ( rise (sig1 > 4) -> (sig2 > 2976 and sig2 < 2990) or rise (sig3 >= 24) ),immediate_response
always ( fall (sig1 == sig2) -> always [2838:2951] (eventually [0:1] (rise (sig3 == sig4))) ),stabilization_recurrence
always ( rise (sig1 >= 6) or rise (sig2 < 2.6) -> once [4.44:6.39] (sig3 == 6) ),temporal_response
always ( rise (sig1 == sig2) -> eventually [1:7] (always [0:6.52] (sig3 <= 2)) ),stabilization_recurrence
always [4:7] (sig1 == 6 and sig2 == 15),invariance_reachability
always ( once (sig1 > 59 and sig1 < 95) -> (sig2 == 5) until (not (sig3 == sig4)) ),temporal_response
always ( rise (sig1 >= 5.3 and sig1 <= 7.7) -> eventually [8:10] (always [0:6.13] (sig2 == sig3)) ),stabilization_recurrence
always ( rise (sig1 > 5.13) -> sig2 > 2 ),immediate_response
eventually [0:8.4] (sig1 == sig2),invariance_reachability
eventually [0:40] (sig1 >= 1657.2 or sig2 == sig3),invariance_reachability
always ((sig1 >= 587 and sig1 <= 851) and not (sig2 <= 2827)),invariance_reachability
always ( fall (sig1 > 93 and sig1 <= 100) -> sig2 >= 3 and sig2 <= 10 ),immediate_response
eventually [0:4] (sig1 == sig2),invariance_reachability
always ( fall (sig1 == 60.3) -> sig2 == sig3 ),immediate_response
always ( rise (sig1 <= 81) -> always [5.1:9.2] (eventually (fall (sig2 == 24))) ),stabilization_recurrence
always ( sig1 < 15 -> once [2:5] (sig2 == 1292) ),temporal_response
always ( eventually [0:76] (sig1 < 2) -> (sig2 <= 86) until [1645:1859] (not (sig3 < 70)) ),temporal_response
always ( fall (sig1 == 6.51) -> sig2 == sig3 ),immediate_response
always ( rise (sig1 == 252) -> always [9:56] (sig2 == 3) ),temporal_response
always ( fall (sig1 == 5) -> always [0:550] (eventually (sig2 == 7)) ),stabilization_recurrence
always ( fall (sig1 >= 0.8 and sig1 < 3.5) -> sig2 == sig3 ),immediate_response
always ((sig1 >= 1615 and sig1 <= 2907) or not (sig2 <= 125)),invariance_reachability
always ( sig1 == sig2 and sig3 == sig4 -> always [0:2] (not (sig5 == sig6)) ),temporal_response
always ( rise (sig1 >= 2286) -> always [0:5] (eventually [0:2] (fall (sig2 == 1.6))) ),stabilization_recurrence
always ( fall (sig1 == sig2) -> historically (sig3 >= 0 and sig3 <= 7) ),temporal_response
eventually (sig1 == 60 and fall (sig2 == 2.75)),invariance_reachability
always ( rise (sig1 == 81.88) -> sig2 < 31 or sig3 == 7.5 ),immediate_response
always ( rise (sig1 >= 1) -> eventually [15:24] (always [0:20] (sig2 > 0)) ),stabilization_recurrence
always ( rise (sig1 > 1012) -> always [0:3] (eventually [0:7] (rise (sig2 > 1113.0))) ),stabilization_recurrence
always ( sig1 == sig2 -> eventually [0:1237] (always [0:2] (sig3 >= 80.29)) ),stabilization_recurrence
always ( not fall (historically [0:5] (sig1 == sig2)) -> eventually (sig3 == 60) ),temporal_response
always ( not (sig1 == 2532) or not fall (sig2 >= 6) -> sig3 <= 2444 and rise (sig4 > 1410) ),immediate_response
always ( sig1 == sig2 -> (sig3 > 7 and sig3 < 8) or sig4 == sig5 ),immediate_response
always ((sig1 >= 2322 and sig1 <= 2506) or sig2 == sig3),invariance_reachability
always ( rise (sig1 == 60) -> always [0:35] (eventually (rise (sig2 > 1 and sig2 < 9))) ),stabilization_recurrence
always [0:1715] (sig1 == sig2 or sig3 < 93),invariance_reachability
eventually [0:3] (sig1 == sig2 and sig3 >= 11),invariance_reachability
always [0:89.51] (sig1 <= 1046.5 and sig2 >= 1),invariance_reachability
always ( sig1 == sig2 -> sig3 == sig4 ),immediate_response
always ( rise (sig1 > 4.83) -> always [2029:2934] (sig2 > 154 and sig2 < 1334) ),temporal_response
always ( once [53:87] (rise (sig1 > 1)) -> eventually [0:64.9] (always [0:9.1] (sig2 == sig3)) ),stabilization_recurrence
always ( fall (sig1 == sig2) -> eventually [1.4:36.58] (sig3 > 62 and sig3 < 79) ),temporal_response
always ( not (sig1 == 1647.6) -> (sig2 == sig3) since (sig4 == sig5) ),temporal_response
eventually [0:50] (rise (sig1 <= 53.07) and rise (sig2 == 81.7)),invariance_reachability
always ( sig1 <= 55 and sig2 < 1990 -> rise (sig3 >= 82 and sig3 <= 86) and sig4 == 1677 ),immediate_response
always [0:8] (sig1 == sig2),invariance_reachability
always [0:2042] (sig1 == sig2 and sig3 > 3),invariance_reachability
always [0:64] (sig1 == sig2),invariance_reachability
always ( rise (sig1 == sig2) -> sig3 >= 7 and sig3 <= 8 ),immediate_response
eventually (rise (sig1 <= 3)),invariance_reachability
always ( not (sig1 > 83 and sig1 < 90) and fall (sig2 == 94.6) -> eventually [0:6] (always [0:4] (sig3 == 1041)) ),stabilization_recurrence
always ( rise (sig1 >= 0) -> sig2 == 1 and (sig3 >= 2779 and sig3 <= 2954) ),immediate_response
always ( sig1 <= 9 or rise (sig2 > 9) -> sig3 > 97 and sig3 < 98 ),immediate_response
always [0:4.5] ((sig1 > 84 and sig1 < 97) and sig2 >= 72.18),invariance_reachability
eventually [0:794] (sig1 >= 5),invariance_reachability
eventually [0:98] (sig1 <= 77),invariance_reachability
always ( sig1 > 5 and sig2 >= 9 -> not (always [0:9.81] (sig3 > 6.5)) ),temporal_response
eventually [476.26:2027.69] (rise (sig1 > 2.9)),invariance_reachability
always ( rise (sig1 <= 2.22) -> sig2 <= 6 ),immediate_response
always ( fall (sig1 == 6.24) -> eventually [14:25] (rise (sig2 < 5)) ),temporal_response
eventually [1:48] (rise (sig1 >= 5) and sig2 < 6.8),invariance_reachability
always ( rise (sig1 < 4) -> rise (sig2 > 4) ),immediate_response
always [0:9] (sig1 > 8),invariance_reachability
always (sig1 == 9 and not (sig2 < 8)),invariance_reachability
always ( sig1 >= 90 and (sig2 > 4.34 and sig2 < 7.67) -> eventually [1298:2928] (always (sig3 > 12.57 and sig3 < 43.57)) ),stabilization_recurrence
always ( fall (sig1 > 2051 and sig1 <= 2614) -> (sig2 == 4) until [0:9] (sig3 > 1581 and sig3 < 2339) ),temporal_response
always ( fall (sig1 == sig2) -> not ((sig3 > 8 and sig3 < 9) until (rise (sig4 == sig5))) ),temporal_response
always ( (sig1 >= 18.56 and sig1 <= 88.53) and sig2 == 9 -> eventually [0:112] (sig3 > 47.4) ),temporal_response
always [63:94] (not (sig1 > 95) or sig2 < 71),invariance_reachability
always ( sig1 >= 3 -> eventually [2:7] (always [0:2582] (sig2 >= 7)) ),stabilization_recurrence
eventually (sig1 >= 93 and not (sig2 == sig3)),invariance_reachability
always ( rise (sig1 <= 8) -> always [0:2] (eventually [0:16] (rise (sig2 < 79.39))) ),stabilization_recurrence
always ( fall (sig1 > 34 and sig1 < 98) -> always (eventually (rise (sig2 <= 9))) ),stabilization_recurrence
always ( sig1 == sig2 -> rise (sig3 == 34) ),immediate_response
eventually [6:10] (sig1 == sig2),invariance_reachability
always ( not (sig1 <= 1) or (sig2 >= 1.77 and sig2 <= 2.79) -> historically [0:9] (sig3 == 0) ),temporal_response
always ( rise (sig1 == sig2) -> sig3 == 2 ),immediate_response
eventually (not (sig1 >= 10) and (sig2 >= 1113.8 and sig2 <= 2723.35)),invariance_reachability
always ( eventually [0:8.0] (sig1 > 10) -> (not fall (sig2 > 93 and sig2 < 97)) since [19.9:44.4] (sig3 > 10) ),temporal_response
always ( sig1 == 9.24 and sig2 <= 70.26 -> always [0:29] (eventually [0:8] (sig3 > 37 and sig3 < 55)) ),stabilization_recurrence
eventually [76.3:95.5] (sig1 == 4 or not (sig2 == sig3)),invariance_reachability
always [0:16] ((sig1 >= 41.3 and sig1 <= 86.5) and sig2 > 403),invariance_reachability
always ( sig1 > 3 -> sig2 < 4.4 ),immediate_response
always ( rise (sig1 <= 8.47) -> sig2 <= 5.8 ),immediate_response
always ( rise (sig1 >= 5 and sig1 <= 10) -> eventually [0:4] (fall (sig2 == sig3)) ),temporal_response
eventually [517:1894] (sig1 >= 5.3),invariance_reachability
always [0:36.1] (sig1 == sig2),invariance_reachability
always [0:9.09] (not (sig1 < 4) and sig2 > 0.5),invariance_reachability
eventually [8.5:9.0] (sig1 == sig2),invariance_reachability
always ( rise (sig1 > 94 and sig1 < 97) -> sig2 > 2.6 ),immediate_response
always ( rise (sig1 > 0.75 and sig1 <= 6.47) -> always [592.3:1821.7] (eventually [0:1.6] (sig2 <= 22.5)) ),stabilization_recurrence
always (not rise (sig1 >= 1.11 and sig1 <= 2.32) and sig2 == 41),invariance_reachability
always ( rise (sig1 == sig2) -> always [0:306] (eventually [93:94] (rise (sig3 <= 6.2))) ),stabilization_recurrence
always ( fall (once (sig1 > 1353 and sig1 < 1629)) -> (sig2 >= 1.63 and sig2 <= 8.18) until [0:1695] (sig3 == sig4) ),temporal_response
always ( fall (sig1 == sig2) -> sig3 == sig4 and sig5 == sig6 ),immediate_response
always ( fall (sig1 > 4 and sig1 < 7) -> sig2 > 24 and sig2 < 42 ),immediate_response
always ( (sig1 >= 2312 and sig1 <= 2799) and sig2 <= 16 -> not (sig3 > 3.6 and sig3 < 4.8) and sig4 < 10.39 ),immediate_response
always ( not (once (sig1 == 4)) -> (sig2 > 6) until [1.5:3.3] (rise (sig3 < 57)) ),temporal_response
eventually [1.5:7.7] (rise (sig1 > 2921 and sig1 <= 2936)),invariance_reachability
always ( rise (sig1 > 88) -> always (sig2 <= 6.66) ),temporal_response
always ( (sig1 >= 38 and sig1 <= 45) or not (sig2 == sig3) -> always (sig4 == 8.6) ),temporal_response
eventually [0:1.0] (sig1 == sig2),invariance_reachability
always ( rise (sig1 == 7) -> not (sig2 >= 2314) ),immediate_response
always ( sig1 == 3 or sig2 == sig3 -> not (sig4 == sig5) ),immediate_response
eventually (sig1 == 4),invariance_reachability
eventually [0:89] (sig1 <= 0 or sig2 == sig3),invariance_reachability
always ( sig1 == sig2 -> (sig3 >= 2396 and sig3 <= 2875) until [0:25] (sig4 > 4 and sig4 < 8) ),temporal_response
always ( rise (sig1 < 326) -> historically (sig2 == sig3) ),temporal_response
eventually (sig1 > 33 and sig2 <= 29),invariance_reachability
always ( rise (sig1 > 3 and sig1 <= 9) -> eventually [594:1443] (always (sig2 == sig3)) ),stabilization_recurrence
always [0:1815] (sig1 == 8),invariance_reachability
always ( fall (sig1 == 78.6) -> eventually [0:5] (sig2 > 0.5) ),temporal_response
eventually [0:63] (not (sig1 == sig2)),invariance_reachability
always ( rise (sig1 >= 24 and sig1 < 76) -> sig2 < 85 or sig3 > 1379 ),immediate_response
always ( sig1 == 84 -> sig2 <= 15 and not (sig3 < 8) ),immediate_response
always [0:4] (sig1 == 2),invariance_reachability
always ( not (sig1 < 4.85) -> (sig2 == sig3) until (sig4 == sig5) ),temporal_response
always ( fall (historically (sig1 <= 94)) -> always [0:8.03] (eventually [0:89.89] (rise (sig2 <= 2))) ),stabilization_recurrence
always ( fall (sig1 >= 50 and sig1 < 55) -> eventually (not (sig2 > 92)) ),temporal_response
always ( rise (sig1 < 4) -> once [0:16] (rise (sig2 > 1)) ),temporal_response
eventually [98:99] (rise (sig1 >= 69) or sig2 < 7),invariance_reachability
eventually [0:3] (sig1 > 5.9 and not fall (sig2 >= 82)),invariance_reachability
always ( not (sig1 <= 23) or sig2 == sig3 -> sig4 >= 15.6 ),immediate_response
always ( rise (sig1 == sig2) -> eventually (always [31:98] (not (sig3 >= 28))) ),stabilization_recurrence
always [19:26] (sig1 > 9 and sig2 == sig3),invariance_reachability
always ( rise (sig1 > 362) -> sig2 >= 3 or rise (sig3 >= 167 and sig3 <= 671) ),immediate_response
always ( rise (sig1 == sig2) -> once [25.84:82.18] (sig3 > 64.44 and sig3 < 83.26) ),temporal_response
always ( rise (sig1 < 2) -> eventually [0:1] (not rise (sig2 == sig3)) ),temporal_response
always ( sig1 == sig2 and not fall (sig3 >= 71 and sig3 <= 97) -> sig4 == 4 ),immediate_response
always ( sig1 == sig2 -> sig3 < 1 ),immediate_response
always [0:94] (sig1 == sig2),invariance_reachability
always ( not fall (sig1 > 7 and sig1 < 8) or not (sig2 > 33.96 and sig2 < 1741.41) -> eventually [8:10] (sig3 == 1) ),temporal_response
always ( rise (sig1 >= 52) or rise (sig2 < 4) -> once [1:10] (sig3 == 4) ),temporal_response
always ( sig1 == 9 or sig2 == 1802.9 -> sig3 == 42 ),immediate_response
eventually [0:44.2] (sig1 == sig2),invariance_reachability
always [0:2] ((sig1 > 90 and sig1 < 100) or sig2 < 485),invariance_reachability
always ( rise (sig1 > 7 and sig1 < 54) -> (sig2 > 78.4 and sig2 < 96.8) until (fall (sig3 == 2258)) ),temporal_response
always ( rise (sig1 > 1273) -> eventually [1381:2368] (always [0:68] (sig2 > 6)) ),stabilization_recurrence
always ( sig1 <= 546.2 -> eventually [0:1183] (always [0:33] (sig2 <= 9)) ),stabilization_recurrence
always ( fall (sig1 == sig2) -> always [0:1921] (eventually [0:983.86] (sig3 > 712.0)) ),stabilization_recurrence
always ( fall (sig1 > 90.62 and sig1 < 91.76) and sig2 == sig3 -> always [0:7] (eventually [34:83] (rise (sig4 > 2 and sig4 < 7))) ),stabilization_recurrence
always ( rise (sig1 < 23.15) -> eventually (sig2 == sig3) ),temporal_response
always ( sig1 == sig2 or rise (sig3 > 2.0) -> not (always [0:6.9] (not (sig4 >= 20))) ),temporal_response
eventually [0:7] (sig1 > 2 and sig2 < 1543),invariance_reachability
always ( sig1 == sig2 -> always [0:1] (eventually [0:6] (sig3 == sig4)) ),stabilization_recurrence
always ( fall (sig1 == 8) -> eventually [0:72] (always [0:1] (not (sig2 >= 1 and sig2 <= 9))) ),stabilization_recurrence
eventually [27:34] (sig1 <= 29 and not (sig2 <= 12)),invariance_reachability
always ( sig1 == sig2 and sig3 == 4 -> always [3:6] (eventually [6.1:8.4] (not fall (sig4 == sig5))) ),stabilization_recurrence
always ( rise (sig1 < 2) -> always [0:470.5] (sig2 < 1680) ),temporal_response
always ( fall (sig1 == 2506) -> always (sig2 > 2 and sig2 < 5) ),temporal_response
always ( rise (sig1 >= 7 and sig1 <= 8) -> not ((sig2 > 1274 and sig2 < 1431) until [1.12:1.84] (rise (sig3 >= 5))) ),temporal_response
always ( sig1 == sig2 -> sig3 == 2296 ),immediate_response
always ( (not (sig1 < 6)) since (fall (sig2 > 6.0 and sig2 < 8.21)) -> always (eventually [1414:2407] (not (sig3 <= 1))) ),stabilization_recurrence
always ( sig1 >= 25 and sig1 <= 64 -> fall (eventually [53:76] (rise (sig2 < 4))) ),temporal_response
eventually (sig1 == sig2 and rise (sig3 > 16 and sig3 <= 26)),invariance_reachability
always ( sig1 >= 3 and sig1 <= 7 -> sig2 >= 72.4 ),immediate_response
always ( rise (sig1 > 0.3) -> sig2 > 27 and sig2 < 36 ),immediate_response
eventually [0:1143] (sig1 > 41),invariance_reachability
eventually (sig1 == 42 or not (sig2 == sig3)),invariance_reachability
always ( rise (sig1 >= 1558 and sig1 <= 2765) -> (sig2 > 3) until [0:99] (sig3 < 2291) ),temporal_response
always ( rise (sig1 > 1938) -> eventually [0:7] (always (sig2 >= 24)) ),stabilization_recurrence
always [0:7] (sig1 >= 1823.9 and sig2 == sig3),invariance_reachability
always ( fall (historically [5:10] (sig1 == sig2)) -> not ((not fall (sig3 == sig4)) until [78:87] (rise (sig5 == 9))) ),temporal_response
always ( historically [0:40] (sig1 <= 7.6) -> always (eventually [0:3.18] (rise (sig2 > 12 and sig2 < 31))) ),stabilization_recurrence
eventually (rise (_ <= 10) and sig1 == sig2),invariance_reachability
always ( once [4:7] (sig1 >= 6.0 and sig1 <= 8.5) -> always (eventually [0:0.72] (rise (sig2 == sig3))) ),stabilization_recurrence
always ( fall (sig1 == sig2) -> eventually [13.98:60.99] (sig3 >= 250 and sig3 <= 2623) ),temporal_response
eventually (not (sig1 >= 75) and (sig2 > 45 and sig2 < 88)),invariance_reachability
always ( sig1 == sig2 -> not ((sig3 == sig4) until (sig5 <= 75)) ),temporal_response
always [0:1564] (sig1 == 0.8),invariance_reachability
always ( sig1 >= 8 and sig2 == sig3 -> sig4 == sig5 ),immediate_response
always (sig1 > 36 or sig2 > 65),invariance_reachability
always ( once [25:29] (rise (sig1 > 73 and sig1 <= 83)) -> not ((not (sig2 > 82)) until [94.43:98.39] (sig3 > 3.4)) ),temporal_response
always ( (sig1 == 77) since [185:2615] (sig2 >= 3.73) -> eventually [0:1781] (always [0:5] (sig3 <= 57)) ),stabilization_recurrence
always ( not (sig1 <= 10) -> not ((sig2 <= 2.1) until [2:7] (sig3 >= 2294)) ),temporal_response
always ( fall (sig1 == 62) -> sig2 == 10 ),immediate_response
eventually [0:83] (sig1 < 63.6 and sig2 == _),invariance_reachability
eventually [0:7] (sig1 == 0),invariance_reachability
always [1:6] ((sig1 > 4 and sig1 < 8) and sig2 == sig3),invariance_reachability
always [0:1.9] (sig1 == 9 or sig2 == 18),invariance_reachability
always ( rise (sig1 > 8) or (sig2 > 4 and sig2 < 6) -> eventually [0:1584.53] (sig3 > 9) ),temporal_response
always [0:6] (sig1 == 8 or sig2 == 761),invariance_reachability
always ( (sig1 > 3 and sig1 <= 6) until (sig2 == 1629) -> always [0:64] (eventually [0:41] (rise (sig3 == 34))) ),stabilization_recurrence
always ( rise (sig1 < 560) -> not (always (sig2 == sig3)) ),temporal_response
always ( rise (sig1 <= 59.0) -> sig2 <= 60 and fall (sig3 == 0) ),immediate_response
always ( fall (sig1 > 46 and sig1 < 78) -> (sig2 > 85) until [0:68] (sig3 == sig4) ),temporal_response
always [0:172] (sig1 == 7 and sig2 <= 40.2),invariance_reachability
always ( sig1 <= 4 and sig2 >= 2794 -> sig3 > 7.9 ),immediate_response
always ( sig1 > 749 -> not (sig2 == 9.1) ),immediate_response
always ( sig1 == sig2 and sig3 == sig4 -> eventually [0:4.1] (always (sig5 >= 4.5)) ),stabilization_recurrence
always ( fall (sig1 > 66 and sig1 <= 96) -> (sig2 == sig3) until [63.2:88.3] (not (sig4 < 68)) ),temporal_response
always ( rise (sig1 == 81.5) -> eventually [0:46] (always [0:33.5] (sig2 >= 2.8 and sig2 <= 9.3)) ),stabilization_recurrence
always ( not (historically [0:35.2] (sig1 == 71)) -> always (eventually [0:30] (rise (sig2 >= 517 and sig2 <= 2927))) ),stabilization_recurrence
eventually [0:31] (fall (sig1 >= 12.6 and sig1 <= 44.2)),invariance_reachability
always ( sig1 == sig2 or fall (sig3 == 7) -> sig4 < 3 ),immediate_response
always ( rise (sig1 >= 2 and sig1 <= 5) and (sig2 >= 6.25 and sig2 < 7.88) -> always [0:10.28] (sig3 <= 48.73) ),temporal_response
eventually [6:8] (sig1 == sig2 and sig3 < 26),invariance_reachability
always ( sig1 == sig2 -> eventually [50:78] (always (sig3 <= 343)) ),stabilization_recurrence
always ( rise (sig1 == 5) -> eventually [16:44] (always (sig2 > 2057)) ),stabilization_recurrence
always ( rise (sig1 == 8) -> sig2 >= 62 ),immediate_response
always [0:1] (sig1 == 449.6),invariance_reachability
always ( sig1 == 426 and not fall (sig2 == 19) -> not (sig3 >= 36) ),immediate_response
always ( once [0:12] (rise (sig1 > 8 and sig1 < 9)) -> always [0:93] (eventually [0:1] (rise (sig2 > 89))) ),stabilization_recurrence
always ( fall (sig1 == 1750) -> eventually [0:79.7] (always [0:10] (sig2 >= 42)) ),stabilization_recurrence
eventually [0:2025] (sig1 == 1 or sig2 == 89),invariance_reachability
always [0:2077] (sig1 >= 31),invariance_reachability
eventually [1119:2527] (sig1 > 30.72 and sig1 < 70.7),invariance_reachability
always ( fall (sig1 == sig2) -> always [2053.7:2376.0] (eventually [1429.3:2243.4] (sig3 > 10)) ),stabilization_recurrence
always ( sig1 < 3 -> not (eventually [0:91.81] (sig2 > 6)) ),temporal_response
always ( rise (sig1 <= 8) -> always [0:10] (eventually (rise (sig2 > 22))) ),stabilization_recurrence
always ( rise (sig1 == 41) -> always (eventually [0:19.93] (rise (sig2 > 42.29 and sig2 < 98.39))) ),stabilization_recurrence
always ( rise (sig1 == 4.8) -> sig2 <= 2278 ),immediate_response
always ( sig1 <= 7 and not (sig2 >= 5) -> (sig3 <= 4) until (sig4 == 5.3) ),temporal_response
always ( sig1 > 42 or sig2 >= 8 -> sig3 < 47 ),immediate_response
always ( fall (sig1 == 1) -> always [0:10] (eventually [742.0:1506.8] (rise (sig2 >= 5 and sig2 < 7))) ),stabilization_recurrence
eventually [290.8:2151.5] (rise (sig1 > 68)),invariance_reachability
always ( not fall (sig1 == 47) -> not (always (sig2 > 71.75)) ),temporal_response
always [0:3] (sig1 == 51 or sig2 < 1),invariance_reachability
always ( fall (sig1 > 49 and sig1 <= 79) -> sig2 == 2067.45 or sig3 < 9 ),immediate_response
eventually [4:10] (sig1 >= 10),invariance_reachability
always ( (sig1 >= 96 and sig1 <= 98) and (sig2 >= 48.3 and sig2 <= 99.9) -> always [0:15] (eventually [0:10] (rise (sig3 >= 12))) ),stabilization_recurrence
eventually [0:36] (not fall (sig1 == sig2) or sig3 < 1),invariance_reachability
always ( fall (sig1 == 2) -> not (eventually (sig2 >= 2255 and sig2 <= 2420)) ),temporal_response
always ( rise (sig1 <= 14.29) -> always [1027:1701] (eventually [0:95] (fall (sig2 >= 72 and sig2 <= 95))) ),stabilization_recurrence
always ( fall (sig1 == 2) -> (sig2 <= 0) until [0:2] (sig3 <= 36) ),temporal_response
always ( rise (sig1 == 0.6) -> always [2360.36:2772.28] (sig2 >= 3 and sig2 < 5) ),temporal_response
always [1:4] (sig1 >= 96 or sig2 >= 9),invariance_reachability
always ( rise (sig1 < 761) -> not ((sig2 > 85.3) until [191:2923] (sig3 >= 1793)) ),temporal_response
always ( rise (sig1 <= 6) -> sig2 > 14 ),immediate_response
always [0:772] (sig1 == 30.23 or sig2 == 97),invariance_reachability
always [0:2] (sig1 >= 10 and sig1 <= 14),invariance_reachability
always ( fall (historically (sig1 == 39.02)) -> eventually (always [0:1753] (not (sig2 == sig3))) ),stabilization_recurrence
eventually [0:40] (not fall (sig1 == sig2) and sig3 == 4),invariance_reachability
always ( sig1 >= 8 or sig2 == sig3 -> sig4 == 54 and sig5 == 1215.82 ),immediate_response
always ( historically [1847:2162] (sig1 < 50.0) -> not (eventually (sig2 <= 69)) ),temporal_response
always ( rise (sig1 < 51) -> (sig2 < 95.6) until [0:81] (not rise (sig3 == 1917)) ),temporal_response
always ( rise (sig1 > 87.7) -> eventually [0:9] (always [0:2732] (not (sig2 >= 73.1))) ),stabilization_recurrence
always ( sig1 == sig2 or (sig3 > 1651 and sig3 < 2087) -> not (historically (sig4 >= 22 and sig4 <= 43)) ),temporal_response
always ( rise (sig1 >= 61 and sig1 <= 99) or sig2 == 2796 -> eventually [0:83] (always [0:10] (sig3 == sig4)) ),stabilization_recurrence
always (sig1 >= 2884.2 and sig1 < 2935.2),invariance_reachability
always ( sig1 == sig2 and sig3 > 4 -> always [0:45] (sig4 == sig5) ),temporal_response
always ( rise (sig1 >= 5) -> eventually (always [0:58] (sig2 >= 1424)) ),stabilization_recurrence
always ( sig1 < 66 -> (sig2 >= 1099 and sig2 < 1962) and sig3 < 76 ),immediate_response
always ( rise (sig1 == sig2) -> not (sig3 >= 5 and sig3 <= 8) or sig4 == 1740.76 ),immediate_response
always [0:9] (sig1 == 6.0),invariance_reachability
always ( (sig1 >= 9 and sig1 <= 72) or not (sig2 <= 6.61) -> not fall (sig3 > 41 and sig3 < 75) ),immediate_response
always ( rise (sig1 > 5) -> sig2 >= 42 ),immediate_response
always ( fall (sig1 > 36.42 and sig1 <= 50.08) -> (sig2 == sig3) until [2:6] (not (sig4 < 10)) ),temporal_response
always ( not fall (sig1 == 47) -> (sig2 == 7) until [0:53.99] (sig3 == 1546.8) ),temporal_response
always [60:75] (sig1 > 7 or not (sig2 >= 56)),invariance_reachability
always ( rise (sig1 == sig2) -> not (sig3 < 75.45) ),immediate_response
always ( always [0:1] (sig1 > 8) -> eventually [0:4] (always [0:10] (sig2 <= 77)) ),stabilization_recurrence
always ( rise (sig1 == sig2) -> eventually (always [7:9] (sig3 < 17.86)) ),stabilization_recurrence
always ( not fall (sig1 == 97.03) -> sig2 < 7 ),immediate_response
always ( fall (sig1 == 47) -> (sig2 == 85) until (sig3 < 43.7) ),temporal_response
always ( rise (sig1 == 10) or sig2 > 2729 -> sig3 == 1888 ),immediate_response
always ( (sig1 >= 8 and sig1 <= 9) until [0:8] (sig2 <= 61) -> (sig3 == sig4) until [0:86] (sig5 == 6) ),temporal_response
always ( not (historically [76:84] (sig1 > 1.6 and sig1 < 4.4)) -> always (eventually (rise (sig2 > 88))) ),stabilization_recurrence
always ( not (sig1 > 4.1 and sig1 < 6.5) and not (sig2 == sig3) -> eventually [0:8] (always [0:22] (sig4 < 9.1)) ),stabilization_recurrence
always [0:9.1] (sig1 == sig2),invariance_reachability
always ( rise (sig1 <= 0) -> always [0:88] (eventually [0:5] (fall (sig2 == 83))) ),stabilization_recurrence
always [0:3] (not (sig1 == sig2)),invariance_reachability
always ( sig1 >= 6.6 -> always [0:6] (sig2 >= 2776) ),temporal_response
always ( fall (sig1 > 7 and sig1 <= 10) -> eventually (sig2 >= 70) ),temporal_response
eventually (rise (sig1 == 2142)),invariance_reachability
always ( once [0:628] (sig1 > 44.71 and sig1 < 62.87) -> eventually [0:4] (always [0:935] (not (sig2 <= 36))) ),stabilization_recurrence
always ( fall (sig1 >= 2 and sig1 <= 10) -> (sig2 <= 6) until [47:91] (not (sig3 > 19)) ),temporal_response
always ( fall (sig1 == 2) -> not (eventually [5:8] (sig2 == sig3)) ),temporal_response
always [0:2650] (sig1 > 16.83 and (sig2 >= 2688 and sig2 <= 2925)),invariance_reachability
always ( rise (sig1 == sig2) -> sig3 == 7 ),immediate_response
always ( rise (sig1 == sig2) -> eventually [0:8] (always [0:2368.8] (sig3 == 5)) ),stabilization_recurrence
eventually [0:66] (fall (sig1 == sig2)),invariance_reachability
always [5:6] (sig1 > 41 and sig1 < 54),invariance_reachability
always ( fall (sig1 >= 6 and sig1 <= 10) or (sig2 >= 1957 and sig2 <= 2936) -> once [0:94] (sig3 >= 49 and sig3 <= 97) ),temporal_response
always ( rise (sig1 > 6) -> eventually [0:19] (always (sig2 >= 24)) ),stabilization_recurrence
always ( not (historically (not (sig1 == sig2))) -> eventually [0:51] (always [0:7] (sig3 >= 92)) ),stabilization_recurrence
eventually ((sig1 >= 0 and sig1 <= 4) or sig2 == 0.29),invariance_reachability
always [3.57:8.03] (sig1 == 26),invariance_reachability
always ( sig1 == sig2 -> eventually (always (sig3 == sig4)) ),stabilization_recurrence
always ( rise (sig1 >= 1972) -> not (sig2 < 412) and sig3 < 4.96 ),immediate_response
always [0:32] ((sig1 >= 87 and sig1 <= 99) or sig2 > 66),invariance_reachability
always ( rise (sig1 > 8 and sig1 < 9) -> (sig2 >= 2 and sig2 <= 8) until [0:3.03] (sig3 <= 20) ),temporal_response
always ( sig1 == sig2 and sig3 == 1538.18 -> once [5:8] (not (sig4 >= 259.15 and sig4 <= 2711.52)) ),temporal_response
always ( once [0:794.65] (sig1 < 40) -> eventually [0:912.13] (always (sig2 > 9)) ),stabilization_recurrence
always ( rise (sig1 < 20) and sig2 == 85.49 -> historically [0:7] (sig3 == 19.2) ),temporal_response
always ( rise (sig1 >= 89) -> (not rise (sig2 == sig3)) until [0:9.5] (sig4 == 7) ),temporal_response
always [0:21] (sig1 < 59 or sig2 < 17.18),invariance_reachability
always ( rise (sig1 == sig2) -> always [0:1.6] (eventually [8.4:9.6] (sig3 >= 11 and sig3 <= 66)) ),stabilization_recurrence
always ( sig1 == 81 and rise (sig2 <= 61) -> eventually [0:7] (always (sig3 == sig4)) ),stabilization_recurrence
always [0:1] (sig1 == 94),invariance_reachability
always ( (sig1 == 83) until (rise (sig2 > 5.3)) -> always [68:97] (sig3 <= 3) ),temporal_response
always ( rise (sig1 == sig2) -> always [0:10] (eventually [0:8] (fall (sig3 >= 108 and sig3 <= 2304))) ),stabilization_recurrence
always ( fall (sig1 == 10) -> (sig2 == sig3) until [0:88] (sig4 > 1749 and sig4 < 2962) ),temporal_response
always ( rise (sig1 == 8) -> not (always (sig2 == sig3)) ),temporal_response
always ( rise (sig1 == sig2) -> eventually [0:8] (always [0:1] (sig3 < 77)) ),stabilization_recurrence
always (sig1 < 9.3),invariance_reachability
always ( rise (sig1 > 6 and sig1 < 9) -> sig2 == sig3 ),immediate_response
eventually [0:55] (sig1 == sig2 and sig3 == 55),invariance_reachability
always [0:5.06] (sig1 >= 5),invariance_reachability
always [0:51] (sig1 == sig2 and sig3 < 27),invariance_reachability
always ( rise (sig1 <= 1545.4) -> eventually [0:1695] (sig2 == sig3) ),temporal_response
always ( sig1 <= 9 and rise (sig2 >= 1632) -> always [0:6.6] (eventually (fall (sig3 == sig4))) ),stabilization_recurrence
always ( rise (sig1 > 8 and sig1 <= 9) -> sig2 == sig3 ),immediate_response
always ( fall (sig1 == sig2) -> eventually [0:43] (always [0:10] (sig3 <= 4)) ),stabilization_recurrence
eventually (rise (sig1 == 0.8)),invariance_reachability
always ( rise (sig1 <= 8) -> eventually [9.4:64.5] (always [87:88] (sig2 == sig3)) ),stabilization_recurrence
always (sig1 >= 6.0),invariance_reachability
always ( fall (sig1 == 16) and (sig2 >= 8 and sig2 <= 9) -> always [2247:2921] (sig3 >= 0 and sig3 <= 10) ),temporal_response
eventually [0:280] (fall (sig1 > 6 and sig1 < 7) and not (sig2 >= 53)),invariance_reachability
always ( rise (sig1 == 1156.94) -> not fall (always [0:24] (sig2 < 62)) ),temporal_response
always ( rise (sig1 > 6) -> not fall (sig2 == 98) and sig3 < 6 ),immediate_response
always ( sig1 == sig2 -> eventually [0:9] (always [0:3] (not (sig3 == sig4))) ),stabilization_recurrence
always ( rise (sig1 >= 2614) -> always [8:10] (eventually [0:6.28] (sig2 == sig3)) ),stabilization_recurrence
always ( (not (sig1 >= 3)) since (sig2 > 36 and sig2 <= 69) -> historically [34.2:83.5] (not fall (sig3 > 38.9)) ),temporal_response
eventually [0:0.9] (sig1 == sig2),invariance_reachability
always ( rise (sig1 > 62) -> sig2 > 8 ),immediate_response
always ( once [0:1938] (sig1 >= 7 and sig1 <= 9) -> eventually [0:8] (always [0:6] (sig2 >= 21 and sig2 <= 56)) ),stabilization_recurrence
always ( rise (sig1 == 2299) -> sig2 <= 29 ),immediate_response
always [0:1155] ((sig1 >= 2844 and sig1 <= 2848) and (sig2 >= 96 and sig2 <= 100)),invariance_reachability
always ( not (sig1 >= 0.83 and sig1 < 1.51) or sig2 > 57 -> fall ((sig3 == sig4) until [0:2894] (sig5 == 37)) ),temporal_response
always ( rise (sig1 < 5) -> always [0:9.0] (eventually [0:2] (fall (sig2 == sig3))) ),stabilization_recurrence
eventually [631.87:1227.8] (rise (sig1 <= 1230.4) and sig2 > 1760),invariance_reachability
always ( sig1 == 2551 -> sig2 == sig3 ),immediate_response
always ( fall (sig1 == 1) -> eventually [0:10] (rise (sig2 > 78)) ),temporal_response
always ( rise (sig1 >= 72) -> always (sig2 >= 1) ),temporal_response
always ( rise (sig1 > 72) -> always [5:7] (eventually (sig2 >= 2510.85 and sig2 <= 2935.76)) ),stabilization_recurrence
always ( sig1 > 0.04 and sig2 < 9.4 -> sig3 == 4 ),immediate_response
always ( sig1 > 2 or sig2 < 57 -> eventually [0:8] (sig3 < 27) ),temporal_response
eventually (not rise (sig1 == sig2) or sig3 > 599),invariance_reachability
always ( (sig1 >= 1791) since [0:2753.76] (sig2 <= 63) -> (sig3 == 7) until [0:2766] (sig4 == sig5) ),temporal_response
always ( rise (sig1 >= 87) -> always (sig2 > 2754.15 and sig2 < 2857.47) ),temporal_response
always ( once [0:63] (sig1 == 537) -> eventually [0:6] (always [0:1862] (sig2 < 9)) ),stabilization_recurrence
always ( (not fall (sig1 == sig2)) since (sig3 == 34) -> always [0:2] (eventually [0:68.11] (sig4 >= 9.23 and sig4 < 9.44)) ),stabilization_recurrence
always ( sig1 >= 99 -> sig2 <= 0 and sig3 == 8 ),immediate_response
eventually [57.0:83.8] (not (sig1 >= 1815 and sig1 < 2489) or rise (sig2 > 32)),invariance_reachability
eventually (rise (sig1 >= 60.5 and sig1 <= 76.7) or sig2 < 8),invariance_reachability
always ( rise (sig1 == sig2) -> sig3 > 7 ),immediate_response
always [0:6.3] (sig1 >= 10 and sig2 == sig3),invariance_reachability
always ( not fall ((sig1 == 1) since (not (sig2 <= 13))) -> eventually [0:8] (always [3:4] (sig3 > 30)) ),stabilization_recurrence
eventually [0:64] (rise (sig1 >= 68) and not (sig2 > 26)),invariance_reachability
always ( rise (sig1 == 80) -> (sig2 == sig3) until [0:71.31] (sig4 == sig5) ),temporal_response
eventually [0:638] (rise (sig1 >= 4)),invariance_reachability
always ( rise (sig1 > 1223) -> not (sig2 > 69 and sig2 < 85) ),immediate_response
always ( rise (sig1 < 5.5) -> always [0:1212] (eventually [2.2:6.4] (not fall (sig2 >= 57))) ),stabilization_recurrence
always ( fall (sig1 >= 19 and sig1 <= 63) -> eventually [0:75] (always [61.12:80.45] (sig2 == sig3)) ),stabilization_recurrence
always ( rise (sig1 < 2313) -> sig2 < 9 ),immediate_response
always ( rise (sig1 < 6) -> always (eventually [0:28] (rise (sig2 >= 780))) ),stabilization_recurrence
always ( not (once [0:1.5] (not (sig1 > 5 and sig1 < 7))) -> always [2398:2857] (sig2 > 73) ),temporal_response
always ( fall (sig1 == sig2) -> sig3 > 4 ),immediate_response
always [0:4] (sig1 >= 0.7 and sig2 < 0.57),invariance_reachability
always (sig1 == 10),invariance_reachability
always (sig1 > 1138),invariance_reachability
always [0:68] (sig1 == 1 or sig2 == 4),invariance_reachability
always ( rise (sig1 > 10) or not (sig2 < 41) -> always [0:47.62] (eventually [0:10] (rise (sig3 == 85))) ),stabilization_recurrence
always ( once [0:4.98] (rise (sig1 == 3)) -> fall (eventually [0:1] (sig2 < 34)) ),temporal_response
eventually [0:5.05] (sig1 == 5),invariance_reachability
always ( rise (sig1 == sig2) -> sig3 > 130 ),immediate_response
eventually [0:5] (sig1 == sig2),invariance_reachability
always ( sig1 == 561 or sig2 == 8 -> (sig3 == sig4) since [0:31] (sig5 >= 59) ),temporal_response
always ( rise (sig1 == 1.19) -> rise (sig2 <= 6.69) and (sig3 > 44 and sig3 < 52) ),immediate_response
always ( rise (sig1 >= 7) and sig2 >= 0.1 -> sig3 > 3 and sig3 < 10 ),immediate_response
always ( rise (sig1 >= 5) -> (sig2 == sig3) until [148:622] (sig4 == 2588) ),temporal_response
always ( fall (sig1 == 3.1) -> fall (sig2 >= 23 and sig2 <= 72) and (sig3 >= 15 and sig3 <= 57) ),immediate_response
eventually [761.0:2428.0] (not rise (sig1 == 7) and rise (sig2 >= 42 and sig2 <= 86)),invariance_reachability
eventually [0:2] (sig1 > 7),invariance_reachability
always [5:9] (not (sig1 < 60)),invariance_reachability
always ( rise (sig1 >= 4) -> (sig2 < 8) since [0:27] (rise (sig3 == sig4)) ),temporal_response
always ( rise (sig1 > 74 and sig1 < 87) or sig2 == sig3 -> eventually [0:33] (always (sig4 >= 4 and sig4 < 8)) ),stabilization_recurrence
always [0:33] (sig1 == sig2),invariance_reachability
always (sig1 == 5 and sig2 < 60),invariance_reachability
always ( sig1 == sig2 -> not (eventually [0:12.9] (rise (sig3 > 74))) ),temporal_response
always ( (not fall (sig1 == sig2)) since (sig3 == 42.7) -> always [0:566.8] (eventually [0:88] (sig4 >= 1377 and sig4 < 1571)) ),stabilization_recurrence
always ( fall (sig1 == sig2) -> not (eventually [0:2297] (sig3 >= 100 and sig3 <= 1862)) ),temporal_response
always ( rise (sig1 >= 8.84 and sig1 <= 9.67) -> always (eventually (sig2 == sig3)) ),stabilization_recurrence
always ( sig1 == 8 and sig2 == sig3 -> sig4 == sig5 ),immediate_response
always ( fall (sig1 > 67 and sig1 <= 91) -> once [8:10] (sig2 > 2.1) ),temporal_response
eventually [0:38] (sig1 < 48 or sig2 == 62),invariance_reachability
always ( sig1 > 75 and sig1 < 86 -> always [0:544] (eventually [0:4.4] (rise (sig2 > 18))) ),stabilization_recurrence
always ( sig1 < 2.3 and not (sig2 == 1445.0) -> (not (sig3 >= 14.5 and sig3 <= 63.0)) since [9:19] (sig4 == sig5) ),temporal_response
always ( rise (sig1 == 2255) and sig2 == sig3 -> (sig4 > 61) until [0:66.61] (not (sig5 == sig6)) ),temporal_response
eventually (sig1 == sig2 and rise (sig3 < 4)),invariance_reachability
always (sig1 > 20),invariance_reachability
always ( fall (sig1 >= 4 and sig1 <= 5) -> always [0:2866] (eventually [0:25] (sig2 == sig3)) ),stabilization_recurrence
always ( sig1 > 35 and sig1 < 75 -> sig2 >= 69 and sig2 <= 73 ),immediate_response
always ( rise (sig1 > 50.4) -> sig2 <= 34 ),immediate_response
always ( rise (sig1 > 3.56 and sig1 < 7.86) -> not ((sig2 <= 10) until [60:83] (not (sig3 >= 6 and sig3 <= 7))) ),temporal_response
always ( rise (sig1 == 40.2) -> rise (sig2 >= 95) and rise (sig3 <= 53) ),immediate_response
always ( sig1 == sig2 -> always [0:5] (eventually [8.8:9.3] (rise (sig3 > 1403 and sig3 < 2450))) ),stabilization_recurrence
always ( sig1 > 3 -> historically (sig2 == sig3) ),temporal_response
always ( rise (sig1 >= 668 and sig1 < 1345) -> eventually (always (sig2 <= 4.7)) ),stabilization_recurrence
always ( rise (sig1 >= 49.9 and sig1 <= 78.8) -> not (sig2 == 89) ),immediate_response
always [4:5] (sig1 >= 23 and sig1 <= 493),invariance_reachability
always [7:9] (sig1 == 1 and sig2 < 3.6),invariance_reachability
always ( (not rise (sig1 == sig2)) until [0:11.19] (not (sig3 == sig4)) -> eventually [0:19] (always [0:15.4] (sig5 >= 4.6 and sig5 <= 6.7)) ),stabilization_recurrence
always ( not fall (sig1 == 1.1) and rise (sig2 < 61.4) -> (not (sig3 == sig4)) until [2514:2823] (sig5 == sig6) ),temporal_response
always ( rise (sig1 <= 6.4) or sig2 < 47 -> rise (sig3 > 68) or not (sig4 > 3 and sig4 <= 6) ),immediate_response
eventually (sig1 > 3),invariance_reachability
always ( rise (sig1 == sig2) -> always [0:2514] (eventually [88.9:95.7] (_ == 1)) ),stabilization_recurrence
always [0:4] (sig1 == 8 and not (sig2 < 245.2)),invariance_reachability
always ( fall (sig1 == 3.93) -> once [0:7] (not fall (sig2 == 2439)) ),temporal_response
always ( (sig1 >= 6 and sig1 <= 9) and rise (sig2 <= 52) -> not ((sig3 == sig4) until [0:2] (sig5 == sig6)) ),temporal_response
always ( not rise (sig1 >= 85.96) -> sig2 <= 5 ),immediate_response
always ( rise (sig1 <= 7) -> not (always [0:33] (sig2 > 8.1 and sig2 < 9.9)) ),temporal_response
always ( rise (sig1 <= 9.8) -> always [1458:2662] (not (sig2 > 98)) ),temporal_response
always ( (sig1 > 833.7 and sig1 < 2595.6) until [0:10] (rise (sig2 < 1346)) -> not ((not rise (sig3 > 2)) since [639:2894] (sig4 <= 9)) ),temporal_response
always ( rise (sig1 == sig2) -> sig3 >= 6 and sig3 <= 9 ),immediate_response
always ( rise (sig1 < 6) -> sig2 < 8 ),immediate_response
always ( not ((sig1 == 1485) since [0:2.05] (sig2 > 1376)) -> eventually [0:7] (always [0:7] (sig3 > 77.57 and sig3 < 2421.9)) ),stabilization_recurrence
always ( always [0:3] (sig1 >= 55) -> not (eventually [0:2893] (rise (sig2 >= 8.6))) ),temporal_response
always ( sig1 > 2.5 -> always [0:10] (eventually [0:2677] (rise (sig2 <= 4))) ),stabilization_recurrence
eventually [1534:1766] (sig1 < 1 or (sig2 > 5 and sig2 < 6)),invariance_reachability
always ( rise (sig1 == 3) -> sig2 >= 387.96 and sig3 == sig4 ),immediate_response
always ( rise (sig1 > 1125.11 and sig1 < 2677.1) -> sig2 >= 8.97 and sig2 <= 9.33 ),immediate_response
always ( fall (sig1 > 709 and sig1 < 1541) -> (not (sig2 == 23)) until [0:805] (sig3 > 29 and sig3 < 78) ),temporal_response
always [80.73:83.9] (not (sig1 < 4)),invariance_reachability
always ( rise (sig1 > 1618) -> (sig2 >= 4.95 and sig2 <= 8.66) and sig3 > 52 ),immediate_response
always ( fall (sig1 == 2240) or sig2 == 63.92 -> historically [0:2780] (sig3 > 14.58) ),temporal_response
always ( fall (sig1 == sig2) -> (sig3 == sig4) since [0:8] (rise (sig5 >= 67)) ),temporal_response
always [0:2] (sig1 <= 4 and sig2 == 2264),invariance_reachability
always ( rise (sig1 == sig2) -> not rise (eventually [1.1:2.84] (sig3 > 2986)) ),temporal_response
always ( rise (sig1 == sig2) -> eventually [0:25] (always [0:45] (sig3 >= 1820)) ),stabilization_recurrence
always ( not (sig1 > 1133 and sig1 < 1360) and (sig2 >= 1620 and sig2 <= 2818) -> (sig3 >= 85 and sig3 < 94) and sig4 < 1 ),immediate_response
always ( rise (sig1 == 8) -> sig2 > 50.43 and sig2 < 67.2 ),immediate_response
always ( sig1 > 7 and sig2 < 2178 -> sig3 == 5 ),immediate_response
eventually [0:72] (sig1 < 3.27 and sig2 >= 3.6),invariance_reachability
always ( rise (sig1 == sig2) -> (sig3 == sig4) until (sig5 >= 7 and sig5 <= 10) ),temporal_response
always ( fall (sig1 >= 3 and sig1 <= 6) -> eventually (always [1.4:67.0] (sig2 == sig3)) ),stabilization_recurrence
always ( not (once (rise (sig1 >= 81))) -> eventually [0:7.32] (always [0:1] (sig2 == sig3)) ),stabilization_recurrence
always ( rise (sig1 == 4) -> always [0:9] (eventually [0:38] (sig2 >= 85 and sig2 <= 95)) ),stabilization_recurrence
always ( historically [0:79.46] (not fall (sig1 == 6)) -> always [0:1] (eventually (rise (sig2 > 57))) ),stabilization_recurrence
always ( rise (sig1 == 9.1) and sig2 == 36 -> eventually (always (sig3 >= 2 and sig3 < 8)) ),stabilization_recurrence
always ( sig1 >= 6 or sig2 > 9 -> (sig3 >= 24 and sig3 <= 26) until (sig4 == 3.78) ),temporal_response
eventually [0:8] ((sig1 > 0 and sig1 < 6) or sig2 == 69),invariance_reachability
always [0:1] (sig1 < 64),invariance_reachability
always [0:8] (sig1 <= 1654.11 and sig2 > 90),invariance_reachability
always ( rise (sig1 >= 1674) -> always (eventually [2:3] (not (sig2 <= 38.99))) ),stabilization_recurrence
always ( rise (sig1 >= 71) -> (sig2 == sig3) until [0:95] (sig4 >= 0) ),temporal_response
always ( fall (sig1 == 10) -> eventually (always (sig2 <= 9)) ),stabilization_recurrence
eventually [0:2] (rise (sig1 <= 3) and sig2 == 67),invariance_reachability
always ( sig1 == sig2 or sig3 >= 76.3 -> always [0:7.9] (eventually [0:2274] (not (sig4 < 2594))) ),stabilization_recurrence
always ( fall (sig1 == 55) -> always [500:1494] (eventually [81:86] (not (sig2 == sig3))) ),stabilization_recurrence
always ( rise (sig1 >= 3 and sig1 <= 10) -> always [0:63] (eventually [0:28.7] (sig2 == sig3)) ),stabilization_recurrence
always ( historically [2297:2957] (sig1 < 40) -> eventually [0:6] (always [0:10] (sig2 == sig3)) ),stabilization_recurrence
always ( rise (sig1 >= 44.84) -> always [0:556.15] (eventually [0:74.5] (fall (sig2 == 1323.03))) ),stabilization_recurrence
always ( sig1 == sig2 -> (sig3 >= 75 and sig3 <= 100) or sig4 > 5.73 ),immediate_response
always ( rise (sig1 == 2.6) -> not ((sig2 == 0) until [69:100] (sig3 <= 3)) ),temporal_response
always ( rise (sig1 > 3) -> sig2 > 47 and sig2 < 93 ),immediate_response
always ( rise (sig1 < 8.6) -> not fall (sig2 >= 8) ),immediate_response
eventually [0:2436] (sig1 > 6),invariance_reachability
always ( sig1 == sig2 -> eventually (always [77.3:86.1] (not fall (sig3 > 16))) ),stabilization_recurrence
always [0:2248.57] (sig1 > 89 and sig2 == sig3),invariance_reachability
eventually [0:2.28] (sig1 == sig2 and rise (sig3 >= 3.9)),invariance_reachability
always ( rise (sig1 >= 1287) -> historically [1643.63:2627.17] (not (sig2 == sig3)) ),temporal_response
always (sig1 == 8 and sig2 > 13.0),invariance_reachability
always ( fall (sig1 > 206.23 and sig1 < 2635.68) -> always [0:54] (sig2 < 2) ),temporal_response
always [0:3] (not (sig1 == sig2) or sig3 == sig4),invariance_reachability
always (sig1 > 2 and sig1 < 8),invariance_reachability
always ( rise (sig1 == sig2) -> eventually (always [2.21:6.67] (sig3 < 8)) ),stabilization_recurrence
always ( sig1 >= 5 and (sig2 >= 1.47 and sig2 <= 2.46) -> eventually (always [0:8] (sig3 == 5)) ),stabilization_recurrence
always ( fall (sig1 == 34) -> eventually [84:87] (always [95:100] (sig2 == sig3)) ),stabilization_recurrence
always [44:81] (sig1 == 7),invariance_reachability
always ( fall (sig1 > 3 and sig1 < 6) -> (sig2 == sig3) until [0:7] (sig4 == 43) ),temporal_response
always ( historically [2675:2996] (sig1 >= 9.0) -> not ((not (sig2 >= 416)) until [41:84] (sig3 <= 50.0)) ),temporal_response
eventually ((sig1 >= 2 and sig1 <= 4) and not (sig2 == 390)),invariance_reachability
always [0:1819] (not fall (sig1 == 39) and sig2 == sig3),invariance_reachability
always ( (sig1 >= 0) since [0:98] (rise (sig2 == sig3)) -> (not rise (sig4 == sig5)) until [0:8] (sig6 > 8 and sig6 < 23) ),temporal_response
eventually [2:5] (not (sig1 >= 6 and sig1 <= 10) and sig2 == sig3),invariance_reachability
eventually [0:55] (sig1 > 2 or not (sig2 == 2944)),invariance_reachability
always [4.1:15.9] (sig1 == 37),invariance_reachability
always ( sig1 < 816 -> eventually [0:4] (sig2 == 2302) ),temporal_response
always ( sig1 == 1084 and rise (sig2 == 6.6) -> sig3 > 0 ),immediate_response
eventually [0:2.78] ((sig1 > 73 and sig1 < 87) or rise (sig2 <= 6)),invariance_reachability
always ( sig1 < 28 -> rise (sig2 == sig3) ),immediate_response
always [21:95] (sig1 > 6 or not fall (sig2 >= 20 and sig2 <= 27)),invariance_reachability
always ( not rise (sig1 == sig2) -> (sig3 >= 33.3 and sig3 <= 44.06) and sig4 == 2 ),immediate_response
always ( historically [1416:2222] (sig1 == 3) -> eventually [69:79] (always (sig2 > 178 and sig2 < 1897)) ),stabilization_recurrence
always ( not (historically [9.1:9.2] (sig1 <= 70)) -> (not (sig2 > 45 and sig2 <= 75)) until [0:911] (fall (sig3 >= 1.8 and sig3 <= 27.4)) ),temporal_response
always ( sig1 >= 7 -> not ((sig2 <= 91) until [6:8] (fall (sig3 > 2 and sig3 < 8))) ),temporal_response
eventually [0:2723] (rise (sig1 <= 245)),invariance_reachability
always [93.9:94.2] (sig1 == sig2),invariance_reachability
always ( sig1 >= 36 -> (not (sig2 == sig3)) until [0:2172] (sig4 == 36.33) ),temporal_response
eventually [0:3] (sig1 == 5.35 and sig2 == sig3),invariance_reachability
always ( sig1 == sig2 and rise (sig3 <= 3) -> sig4 > 15.0 ),immediate_response
always ( historically [0:27] (sig1 == sig2) -> always (eventually [0:17] (rise (sig3 == sig4))) ),stabilization_recurrence
always ( rise (sig1 >= 48) -> sig2 == 8 ),immediate_response
always ( rise (sig1 > 10) -> sig2 < 98 ),immediate_response
always (sig1 == 16 and sig2 > 47),invariance_reachability
always ( not (historically [0:9] (sig1 > 44 and sig1 < 92)) -> always [5:10] (eventually [8:10] (sig2 > 4 and sig2 < 7)) ),stabilization_recurrence
always ( fall (sig1 == sig2) -> sig3 > 3 and (sig4 >= 0 and sig4 <= 6) ),immediate_response
always ( sig1 == 884.0 -> always [0:32] (eventually [0:29] (sig2 < 3)) ),stabilization_recurrence
always [0:1498.0] (sig1 == 69.8),invariance_reachability
always ( rise (sig1 == sig2) -> eventually [6:10] (fall (sig3 == sig4)) ),temporal_response
always ( fall (sig1 == sig2) -> sig3 <= 9 and (sig4 > 93.5 and sig4 < 95.5) ),immediate_response
always ( not (sig1 < 89) or sig2 == sig3 -> not fall (always (sig4 > 799.4)) ),temporal_response
always [8:9] (sig1 <= 37 or sig2 < 4),invariance_reachability
always [0:265.5] (sig1 == 8 or sig2 > 100),invariance_reachability
always [44:92] (not (sig1 <= 8) or not fall (sig2 > 741)),invariance_reachability
always ( sig1 >= 3.7 and sig1 <= 10.0 -> sig2 == sig3 ),immediate_response
eventually [0:6] (sig1 >= 61 and sig1 <= 81),invariance_reachability
always ( rise (sig1 == sig2) -> sig3 >= 6.5 and sig3 <= 6.9 ),immediate_response
always ( rise (sig1 > 20 and sig1 < 53) -> not (sig2 <= 62) ),immediate_response
always ( rise (sig1 == sig2) -> not fall (sig3 >= 76 and sig3 <= 100) ),immediate_response
eventually (rise (sig1 < 50) or not (sig2 <= 3)),invariance_reachability
always ( eventually [0:82] (not (sig1 <= 1577)) -> (sig2 == 9.8) until (rise (sig3 >= 918.0 and sig3 <= 2784.4)) ),temporal_response
eventually [0:1.3] (rise (sig1 >= 1 and sig1 <= 9) and sig2 >= 46),invariance_reachability
always ( rise (sig1 <= 62) and (sig2 > 83.1 and sig2 < 89.1) -> sig3 < 43 ),immediate_response
always ( rise (sig1 >= 24.53 and sig1 <= 41.31) or sig2 == 37.3 -> sig3 >= 2498 and sig3 < 2741 ),immediate_response
always ( rise (sig1 <= 9) -> once (sig2 > 58) ),temporal_response
eventually (sig1 == sig2 or rise (sig3 >= 999)),invariance_reachability
always ( sig1 > 4.5 and sig1 < 5.1 -> sig2 <= 10 ),immediate_response
always [3.5:7.9] (sig1 == 73),invariance_reachability
always ( rise (sig1 == sig2) -> not (sig3 >= 65) ),immediate_response
eventually [31:72] (sig1 >= 20.71 and sig2 < 8),invariance_reachability
always ( (sig1 >= 11.8 and sig1 <= 54.2) or rise (sig2 > 9) -> eventually [0:5.7] (not (sig3 == sig4)) ),temporal_response
always ( sig1 == 3.3 or sig2 == sig3 -> not (sig4 == sig5) ),immediate_response
always ( sig1 == 54 and sig2 > 3.85 -> eventually [0:1786] (sig3 == sig4) ),temporal_response
always ( rise (sig1 <= 58) -> sig2 == sig3 ),immediate_response
always ( not ((sig1 == 7) since [49.6:87.5] (sig2 >= 22 and sig2 <= 96)) -> always (sig3 == sig4) ),temporal_response
always ( rise (sig1 >= 59) -> always (sig2 > 4.9) ),temporal_response
always ( once [0:7] (sig1 > 54.29) -> eventually (sig2 > 7.7) ),temporal_response
always ( (sig1 >= 5.4 and sig1 <= 6.6) and sig2 == 77.12 -> (sig3 > 63 and sig3 < 65) or (sig4 >= 2962.2 and sig4 <= 2986.9) ),immediate_response
always ( sig1 > 80.77 and sig2 >= 90 -> eventually [5:7] (always [48.8:55.0] (sig3 >= 25.4)) ),stabilization_recurrence
always [0:2747] (not rise (sig1 == sig2)),invariance_reachability
eventually [0:52] (sig1 == 0.8 or sig2 > 0.1),invariance_reachability
always ( fall (sig1 == 36) -> (sig2 >= 50) until [0:8] (sig3 == 67) ),temporal_response
always ( rise (sig1 > 3) -> always (sig2 >= 81 and sig2 <= 92) ),temporal_response
always ( (sig1 > 4 and sig1 < 9) and sig2 == sig3 -> always [9:81] (eventually [0:24] (sig4 == 10.0)) ),stabilization_recurrence
always ( (sig1 >= 64.0 and sig1 <= 86.0) and sig2 <= 1 -> sig3 == sig4 ),immediate_response
always ( rise (sig1 == 611.93) -> always [0:8] (sig2 == 18) ),temporal_response
always ( fall (sig1 == 2127) -> not (always [6:7] (sig2 > 84.7)) ),temporal_response
always ( not (sig1 <= 7) or sig2 > 1973.8 -> always [0:697] (eventually [0:111] (rise (sig3 == 1328))) ),stabilization_recurrence
always (sig1 == 21),invariance_reachability
eventually [0:4] (sig1 == 91.29),invariance_reachability
always ( sig1 > 1 or sig2 < 97 -> not rise ((sig3 == sig4) until [90:91] (sig5 == sig6)) ),temporal_response
always ( once [0:62.25] (sig1 == sig2) -> eventually [20.0:52.5] (rise (sig3 == 3)) ),temporal_response
always ( fall ((sig1 == 1061) until [4:9] (sig2 == sig3)) -> always (eventually (sig4 > 56)) ),stabilization_recurrence
always ( fall (sig1 == 28) -> eventually [1104.1:2639.5] (always [0:6] (sig2 > 4)) ),stabilization_recurrence
always ( historically [5.65:9.98] (sig1 == sig2) -> always [0:4] (sig3 <= 6) ),temporal_response
always ((sig1 > 7 and sig1 < 10) or sig2 >= 1085.3),invariance_reachability
always ( rise (sig1 == 8) -> not (sig2 <= 73) and rise (sig3 > 0.93 and sig3 < 47.46) ),immediate_response
always ( rise (sig1 < 32.6) -> eventually [0:619] (always [0:1014] (sig2 == 35)) ),stabilization_recurrence
eventually [0:6] (sig1 >= 3.0 and sig2 == 1676.0),invariance_reachability
always ( rise (sig1 == 51) -> eventually (always (sig2 < 2323)) ),stabilization_recurrence
always ( (sig1 <= 96) since (sig2 > 5.3) -> eventually (always [0:800] (not (sig3 < 66))) ),stabilization_recurrence
always ( sig1 >= 1568 and sig2 == sig3 -> eventually [0:1727.5] (rise (sig4 >= 1369 and sig4 <= 2238)) ),temporal_response
always ( fall (sig1 == 1268) -> (sig2 == sig3) until [0:9] (not rise (sig4 >= 2285 and sig4 <= 2714)) ),temporal_response
always ( not (sig1 <= 2433) -> eventually (not fall (sig2 > 323)) ),temporal_response
eventually [0:5.92] (rise (sig1 == 0)),invariance_reachability
