STL,English,Type
eventually [t1:t2] (rise (pred1 and pred2)),"Ultimately there must exist a certain time instant within t1 to t2 time units, at which the scenario that the pred1 and pred2 must be observed.",invariance_reachability
always ( eventually (pred1) -> eventually [t1:t2] (pred2) ),"In the case there will be a certain time instant in the future before the end of the simulation, at which the value of pred1 then in response ultimately the pred2 at a certain time instant in the next t1 to t2 time units.",temporal_response
always ( rise (pred1) -> not (pred2 and pred3) and rise (pred4) ),On condition that the scenario that the value of signal pred1 happens then all of the following conditions are true: without any delay the pred2 and pred3 and the scenario that the value of signal pred4 will be observed instantly.,immediate_response
always [0:t1] (pred1 or pred2),For each time point during the first t1 time units the value of pred1 or without interruption the value of pred2,invariance_reachability
eventually [0:t1] (pred1),"At a certain time point in the first t1 time units, the pred1",invariance_reachability
always ( not ((pred1) since [t1:t2] (pred2)) -> always [t3:t4] (pred3) ),"Globally, when the subsequent condition will not be true: there was a certain time point before between t1 to t2 time units, at which once the mode of signal pred2 after this consistently the value of signal pred1 then the value of pred3 for each moment in the coming t3 to t4 time units.",temporal_response
always ( pred1 or pred2 -> always [0:t1] (eventually (rise (pred3 and pred4))) ),"It is always the case that whenever pred1 or the state of pred2 then all of the following conditions are true: for each time instant in the next t1 time units, at a certain time point in the future before the end of the simulation, the transition action that the pred3 and pred4 has to be detected finally.",stabilization_recurrence
always ( rise (pred1 and pred2) or rise (pred3) -> (pred4) until [0:t1] (not (pred5)) ),"Globally, if the event that the value of pred1 and pred2 occurs, or the event that pred3 is detected, then there must be a certain time point within the following t1 time units, at which ultimately the state of pred5 before this the state of pred4 all the time.",temporal_response
always ( once [0:t1] (pred1) -> eventually [0:t2] (not (pred2)) ),"Everytime when there would exist a certain time instant in the last t1 time units, at which the pred1 then all of the following conditions hold: there must be eventually a certain moment within t2 time units, at which the value of pred2",temporal_response
always [0:t1] (pred1 and pred2),"For each time point within the first t1 time units, without interruption the value of signal pred1 and uninterruptedly pred2",invariance_reachability
always ( pred1 -> always [0:t1] (pred2) ),When the pred1 then the following condition is true: the pred2 consecutively for each time instant within the next t1 time units.,temporal_response
eventually [0:t1] (rise (pred1)),"Eventually there has to be a certain time instant within t1 time units, at which the scenario that the mode of signal pred1 needs to happen.",invariance_reachability
always ( rise (pred1) -> pred2 and fall (pred3 and pred4) ),"Globally, in case that the scenario that the value of signal pred1 is detected, then the following condition is true: the value of signal pred2 at the same time, and instantly the event that the value of signal pred3 and pred4 will happen.",immediate_response
always ( rise (pred1) -> eventually [0:t1] (pred2) ),"It is always the case that when the transition action that the pred1 is detected, then the value of signal pred2 finally at a certain time point during the next t1 time units.",temporal_response
always ( pred1 and pred2 -> always (eventually [0:t1] (pred3)) ),In the case pred1 and pred2 then all of the following conditions are true: for each time point in the future till the simulation ends at sometime within the subsequent t1 time units the pred3,stabilization_recurrence
always ( not (pred1) and pred2 -> rise ((pred3) until [0:t1] (rise (pred4 and pred5))) ),When the value of pred1 and the pred2 then the condition that uninterruptedly the value of signal pred3 until ultimately the pred4 and pred5 at a certain time point within the next t1 time units ought to change from false to true.,temporal_response
eventually (rise (pred1) or pred2),"At sometime in the future before the end of the simulation the event that the value of pred1 should eventually get observed, or the value of pred2",invariance_reachability
always ( pred1 and pred2 -> always [0:t1] (pred3) ),In case that the mode of pred1 and the value of signal pred2 then the pred3 then this condition shall keep consistently for each moment within the first t1 time units.,temporal_response
always ( not fall (pred1) -> always [t1:t2] (eventually (rise (pred2))) ),While the transition action that the value of signal pred1 is not observed then for each moment during the next t1 to t2 time units the scenario that pred2 finally gets detected at a certain time instant in the future before the simulation ends.,stabilization_recurrence
always ( rise (pred1) -> eventually [0:t1] (always [0:t2] (pred2)) ),"It is always the case that everytime when the event that the pred1 is detected, then in response there will be a certain time point within t1 time units ultimately, after which pred2 then this condition has to last consecutively for every time instant within the subsequent t2 time units.",stabilization_recurrence
always ( (pred1 and pred2) or pred3 -> eventually [t1:t2] (always (pred4)) ),"It is always the case that in case that the pred1 and pred2 or the value of signal pred3 then the following condition holds: there shall be a time within the first t1 to t2 time units finally, at which the value of pred4 in the future till the simulation ends.",stabilization_recurrence
always [0:t1] (pred1 or pred2),"For each time instant within t1 time units, pred1 or the value of pred2",invariance_reachability
always ( rise (pred1 and pred2) -> eventually [0:t1] (rise (pred3)) ),"In the case the event that the value of signal pred1 and pred2 is observed, then the following condition is true: there is a time in the next t1 time units, at which the transition action that the value of signal pred3 needs to finally take place.",temporal_response
always ( (pred1) since [t1:t2] (not (pred2)) -> always (pred3) ),On condition that the value of signal pred1 and then uninterruptedly this scenario sustained since the value of pred2 which was detected at a certain time instant within the last t1 to t2 time units once then the following condition holds: in the future before the simulation ends without interruption the pred3,temporal_response
always [val1:t1] (pred1 and pred2),"For each time instant within t1 time units, pred1 and the state of signal pred2 consistently.",invariance_reachability
eventually [0:t1] (not (pred1) and fall (pred2)),"There is a time within the first t1 time units, at which the value of signal pred1 and the event that the value of pred2 needs to get detected eventually.",invariance_reachability
always ( fall (pred1 and pred2) -> not ((pred3) since [t1:t2] (pred4)) ),It is always the case that everytime when the pred1 and pred2 then in response the condition that consistently the state of pred3 since once the value of pred4 at sometime within the past t1 to t2 time units will not be true.,temporal_response
always ( rise (pred1) -> (pred2) until [t1:t2] (pred3) ),"When the scenario that the value of pred1 is detected, then the following condition holds: the pred2 and has to stay at this value consecutively until the pred3 ultimately at a time during the following t1 to t2 time units.",temporal_response
always ( not (pred1) or not (pred2) -> pred3 and pred4 ),While the value of signal pred1 or the value of pred2 then all of the following conditions are true: immediately the value of signal pred3 and the mode of signal pred4 in no time.,immediate_response
always ( rise (pred1 and pred2) -> always [0:t1] (pred3 and pred4) ),"It is always the case that if the scenario that the value of pred1 and pred2 takes place, then all of the following conditions are true: the value of signal pred3 and pred4 and this condition will sustain for every time point within the next t1 time units.",temporal_response
always ( pred1 and pred2 -> pred3 or not rise (pred4) ),Everytime when pred1 and the pred2 then the following condition is true: at once the value of signal pred3 or at the same time instant the event that the value of signal pred4 never occurs.,immediate_response
always ( once (pred1) -> eventually [t1:t2] (pred2) ),"Globally, in case that there existed a time in the past starting from the beginning of the execution once, at which the value of pred1 then in response pred2 eventually at a certain moment in the first t1 to t2 time units.",temporal_response
always (pred1),In the future before the simulation ends the value of signal pred1 consistently.,invariance_reachability
always ( rise (pred1) -> not (always [t1:t2] (pred2)) ),"Globally, everytime when the transition action that the value of pred1 happens then for every time instant in the subsequent t1 to t2 time units, the mode of pred2 continuously.",temporal_response
always ( rise (pred1) and pred2 -> pred3 and pred4 ),It is always the case that everytime when the value of signal pred1 and the pred2 then all of the following conditions hold: promptly the value of pred3 and pred4,immediate_response
eventually (pred1 and rise (pred2)),"At sometime in the future, the mode of pred1 eventually, and the event that the value of signal pred2 will occur ultimately.",invariance_reachability
always [val1:t1] (pred1 and pred2),Continuously the value of signal pred1 and pred2 for every time point during the first t1 time units.,invariance_reachability
always ( once [0:t1] (pred1) -> not (always [0:t2] (pred2)) ),"In case that at a certain time point during the last t1 time units, the value of signal pred1 then in response the condition that uninterruptedly the mode of signal pred2 for every moment in the first t2 time units is not true.",temporal_response
always ( pred1 and pred2 -> always [0:t1] (not (pred3)) ),"While the pred1 and pred2 then all of the following conditions are true: for each time point within the following t1 time units, the mode of signal pred3",temporal_response
always ( rise (pred1) -> pred2 ),"Globally, when the mode of pred1 then the following condition holds: at the same time point the value of signal pred2",immediate_response
always ( not (once [t1:t2] (pred1 and pred2)) -> eventually [0:t3] (always [0:t4] (pred3 and pred4)) ),"It is always the case that in case that the subsequent condition will not be true: once at sometime during the last t1 to t2 time units the value of signal pred1 and pred2 then in response at sometime within the following t3 time units, the value of pred3 and pred4 then uninterruptedly this condition shall last for each time instant during the following t4 time units.",stabilization_recurrence
always [0:t1] (pred1 and pred2),For every moment in the first t1 time units the pred1 and pred2,invariance_reachability
always ( fall (pred1) -> rise (pred2) ),"It is always the case that whenever the event that the pred1 gets detected, then all of the following conditions hold: the scenario that the value of signal pred2 will have to get observed at the same time point.",immediate_response
always (pred1),"In the future until the end of the simulation, the value of signal pred1",invariance_reachability
always ( always (pred1 and pred2) -> always [0:t1] (eventually [0:t2] (pred3)) ),"Globally, whenever the value of pred1 and pred2 and will stay like that consecutively in the future till the end of the simulation then all of the following conditions hold: for each time point in the first t1 time units, at a certain moment within the next t2 time units pred3 eventually.",stabilization_recurrence
always [t1:t2] (not (pred1) and not (pred2)),For every time point during the first t1 to t2 time units continuously the value of pred1 and consecutively the pred2,invariance_reachability
always ( pred1 or pred2 -> pred3 ),"Globally, if the value of signal pred1 or the value of pred2 then all of the following conditions hold: at once the state of signal pred3",immediate_response
eventually [0:t1] (pred1 and pred2),At a certain moment in the first t1 time units the pred1 ultimately and the value of pred2 ultimately.,invariance_reachability
always ( not fall (pred1) and pred2 -> (not (pred3)) since [0:t1] (fall (pred4 and pred5)) ),"When the scenario that the value of pred1 doesn't occur, and pred2 then in response at a certain moment within the past t1 time units once the transition action that pred4 and pred5 took place, after this continuously the mode of signal pred3",temporal_response
always ( pred1 -> rise (always (not (pred2))) ),In the case pred1 then in response the following condition has to shift from false to true: pred2 then consecutively this scenario will keep in the future till the end of the simulation.,temporal_response
always ( fall (pred1) -> (not (pred2)) until (rise (pred3 and pred4)) ),"It is always the case that if the scenario that the value of signal pred1 is detected then all of the following conditions hold: the scenario that pred3 and pred4 needs to happen eventually at a certain time point in the future before the execution ends, before this pred2",temporal_response
eventually [t1:t2] (pred1 or pred2),"At a certain time instant in the first t1 to t2 time units, eventually the value of signal pred1 or the value of signal pred2",invariance_reachability
always ( pred1 and pred2 -> eventually [0:t1] (always [0:t2] (pred3 and pred4)) ),"On condition that the value of pred1 and pred2 then in response ultimately there needs to be sometime in the first t1 time units, at which for each time instant within the subsequent t2 time units, uninterruptedly the value of signal pred3 and pred4",stabilization_recurrence
always ((pred1 and pred2) and pred3),In the future till the simulation ends pred1 and pred2 and the value of signal pred3,invariance_reachability
always ( pred1 -> always (pred2) ),"Globally, in case that the mode of signal pred1 then all of the following conditions hold: in the future until the end of the execution, the value of pred2 without interruption.",temporal_response
always ( fall (pred1) -> pred2 and pred3 ),"As soon as the event that the mode of signal pred1 happens, then in response the value of pred2 and pred3 at the same time point.",immediate_response
always ( not (historically [0:t1] (pred1)) -> eventually (always [0:t2] (pred2)) ),"It is always the case that everytime when the condition that pred1 within the elapsed t1 time units is not true, then in response finally at a certain time point in the future before the end of the execution for every time point within the coming t2 time units the pred2 all the time.",stabilization_recurrence
always ( (not fall (pred1 and pred2)) until [0:t1] (fall (pred3)) -> eventually (fall (pred4)) ),"As soon as the scenario that the state of signal pred3 gets observed finally at a certain time point in the subsequent t1 time units, till then consistently the event that the pred1 and pred2 won't be detected then the following condition holds: there will have to exist a certain time point in the future, at which the transition action that the state of pred4 gets observed ultimately.",temporal_response
always [val1:t1] (not (pred1 and pred2) or pred3),"In the first t1 time units, pred1 and pred2 or the value of signal pred3",invariance_reachability
always ( rise (pred1 and pred2) -> always [0:t1] (eventually [0:t2] (rise (pred3 and pred4))) ),In the case the scenario that the value of signal pred1 and pred2 is detected then the following condition holds: for each moment within the coming t1 time units eventually at a certain time instant in the coming t2 time units the scenario that the pred3 and pred4 ought to happen.,stabilization_recurrence
always ( fall (pred1 and pred2) -> (pred3) until [val1:t1] (pred4 and pred5) ),It is always the case that in case that the value of signal pred1 and pred2 then the following condition holds: pred3 and shall stay like this consistently till eventually the value of pred4 and pred5 which will be detected at a certain time point within the subsequent t1 time units.,temporal_response
always ( pred1 -> eventually (pred2) ),"Globally, everytime when the mode of signal pred1 then all of the following conditions are true: there needs to exist a time in the future before the end of the simulation, at which the pred2",temporal_response
always ( not fall (pred1) -> always [t1:t2] (eventually (rise (pred2))) ),"While the event that the value of pred1 does not take place, then for each time instant within the first t1 to t2 time units, at sometime in the future before the end of the execution, the value of pred2",stabilization_recurrence
eventually (fall (pred1)),"At sometime in the future before the end of the simulation, the scenario that the mode of signal pred1 should get detected eventually.",invariance_reachability
always ( rise (pred1) -> pred2 and pred3 ),"Globally, everytime when the scenario that the pred1 gets detected then all of the following conditions hold: pred2 simultaneously and at the same time point the mode of signal pred3",immediate_response
eventually [0:t1] (pred1 and rise (pred2)),"There ought to be a time in less than t1 time units, at which the state of signal pred1 and finally the transition action that the value of pred2 shall occur.",invariance_reachability
always [t1:t2] (not fall (pred1 and pred2) or not (pred3)),"For each time instant in the first t1 to t2 time units, uninterruptedly the transition action that the pred1 and pred2 will never be detected, or consecutively the pred3",invariance_reachability
always [0:t1] (pred1 or pred2),For every time instant during the first t1 time units the state of signal pred1 or continuously the value of pred2,invariance_reachability
always ( historically [0:t1] (pred1) -> eventually [0:t2] (always [0:t3] (pred2)) ),"If the value of signal pred1 and this scenario has sustained without interruption for the past t1 time units then finally at a certain time point in the coming t2 time units for every time point in the coming t3 time units, pred2 consecutively.",stabilization_recurrence
always [t1:t2] (pred1 or pred2),"For every time point during the first t1 to t2 time units, the pred1 consecutively or the value of pred2",invariance_reachability
always [t1:t2] (pred1),The value of signal pred1 for every time point during the first t1 to t2 time units.,invariance_reachability
always ( rise (pred1) -> (pred2) until [0:t1] (pred3) ),"If the scenario that the value of signal pred1 is observed then the following condition holds: the pred3 at a certain moment within the coming t1 time units, till then the pred2 continuously.",temporal_response
always ( (pred1) since [t1:t2] (pred2) -> always [0:t3] (eventually [0:t4] (pred3)) ),"In case that the state of signal pred1 then this scenario has been sustaining consistently since pred2 which would be observed at sometime within the elapsed t1 to t2 time units then all of the following conditions hold: for each time point during the coming t3 time units, at a time in less than t4 time units, ultimately the mode of pred3",stabilization_recurrence
always ( rise (pred1 and pred2) -> (pred3) until [0:t1] (pred4 and pred5) ),"As soon as the scenario that the pred1 and pred2 takes place, then all of the following conditions hold: the value of signal pred3 all the time till the value of signal pred4 and pred5 finally at a certain time instant in the next t1 time units.",temporal_response
always (pred1 or pred2),"In the future before the simulation ends, the mode of signal pred1 all the time or pred2",invariance_reachability
always [t1:t2] (pred1),The value of signal pred1 without interruption for the first t1 to t2 time units.,invariance_reachability
always ( rise (pred1) and pred2 -> not (eventually (pred3 and pred4)) ),"It is always the case that in case that the scenario that the pred1 takes place, and the value of signal pred2 then in response pred3 and pred4 at any time instant in the future before the end of the simulation.",temporal_response
always [0:t1] (pred1),For every time instant in the first t1 time units the pred1,invariance_reachability
eventually (rise (pred1)),"There ought to be finally a time in the future before the end of the execution, at which the event that the state of signal pred1 gets detected.",invariance_reachability
always ( (not (pred1)) since [t1:t2] (pred2) -> always [0:t3] (eventually [0:t4] (rise (pred3 and pred4))) ),"In the case there will exist a time within the elapsed t1 to t2 time units, at which the pred2 once, after that without interruption the mode of signal pred1 then in response for every time point within the subsequent t3 time units, the transition action that pred3 and pred4 ought to eventually happen at a time in the next t4 time units.",stabilization_recurrence
always [t1:t2] (pred1),Consistently the mode of pred1 for every time instant within t1 to t2 time units.,invariance_reachability
always [t1:t2] (not (pred1 and pred2) or not (pred3)),"For each moment within the first t1 to t2 time units, pred1 and pred2 continuously, or continuously the mode of pred3",invariance_reachability
always ( rise (pred1 and pred2) -> (pred3 and pred4) until [0:t1] (pred5 and pred6) ),It is always the case that everytime when the transition action that pred1 and pred2 occurs then all of the following conditions hold: the value of pred3 and pred4 until the pred5 and pred6 at a certain moment in the first t1 time units.,temporal_response
always ( pred1 -> always [0:t1] (eventually [0:t2] (rise (pred2))) ),"It is always the case that everytime when the value of pred1 then the following condition is true: for every time instant during the following t1 time units there must be a certain time point during the subsequent t2 time units, at which pred2 finally.",stabilization_recurrence
always ( once [0:t1] (pred1) -> rise ((pred2) until (rise (pred3))) ),"As soon as there would be a certain time point during the past t1 time units, at which the value of pred1 then the condition that the value of signal pred2 till the value of signal pred3 finally at a certain time point in the future before the simulation ends ought to be observed to shift from false to true.",temporal_response
always ( pred1 and pred2 -> eventually (pred3) ),While the value of signal pred1 and pred2 then at a certain time point in the future before the end of the simulation the value of pred3,temporal_response
always ( pred1 -> pred2 and pred3 ),"Globally, during the interval that the pred1 then the following condition is true: the pred2 and pred3 at the same time.",immediate_response
always ( fall (pred1 and pred2) -> (pred3) since (pred4) ),It is always the case that everytime when the scenario that the pred1 and pred2 happens then consistently the value of pred3 since the value of pred4 which should get detected at a certain moment in the past from the start of the execution.,temporal_response
always (pred1),"In the future till the execution ends, the pred1",invariance_reachability
eventually [t1:t2] ((pred1 and pred2) and pred3),At a time during the first t1 to t2 time units the value of signal pred1 and pred2 and ultimately the value of pred3,invariance_reachability
always [0:t1] (pred1 and pred2),"In the first t1 time units, the value of pred1 and the pred2",invariance_reachability
always ( pred1 and pred2 -> (pred3) until [0:t1] (pred4) ),"Everytime when the value of pred1 and the value of pred2 then all of the following conditions are true: there has to be ultimately a time in the following t1 time units, at which the pred4 before this pred3 continuously.",temporal_response
always ( not (pred1) -> eventually [t1:t2] (pred2) ),"Globally, in case that the pred1 then the following condition holds: eventually there exists a certain moment in the following t1 to t2 time units, at which the pred2",temporal_response
always ( rise (pred1) -> always [0:t1] (eventually [0:t2] (pred2)) ),"It is always the case that in case that the value of signal pred1 then all of the following conditions are true: for each time point within the following t1 time units there should exist a time within the following t2 time units, at which the pred2 finally.",stabilization_recurrence
always ( once [0:t1] (pred1) -> always [0:t2] (pred2 and pred3) ),It is always the case that in case that once the mode of signal pred1 at sometime in the last t1 time units then the following condition is true: pred2 and pred3 and then this condition has to keep without interruption for every time instant in the coming t2 time units.,temporal_response
always ( fall (pred1) -> pred2 and (pred3 and pred4) ),"Globally, whenever the transition action that the state of pred1 occurs, then all of the following conditions are true: at once the value of pred2 and at once the pred3 and pred4",immediate_response
always ( rise (pred1) -> always (pred2) ),On condition that the value of signal pred1 then in response the mode of signal pred2 then this condition shall continue consecutively in the future before the end of the simulation.,temporal_response
always ( rise (pred1) -> rise (pred2) ),Everytime when the event that pred1 occurs then the following condition is true: at the same time instant the transition action that the pred2 shall happen.,immediate_response
always [t1:t2] (pred1),"For the first t1 to t2 time units, pred1 all the time.",invariance_reachability
always ( rise (pred1) -> always [t1:t2] (eventually [t3:t4] (rise (pred2))) ),"If the transition action that the mode of signal pred1 gets observed, then the following condition is true: for every time point within the next t1 to t2 time units, at sometime within the coming t3 to t4 time units, the event that the state of pred2 will have to eventually take place.",stabilization_recurrence
eventually [t1:t2] (pred1),Finally the state of signal pred1 at sometime within t1 to t2 time units.,invariance_reachability
always ( pred1 -> pred2 and rise (pred3) ),"Everytime when the pred1 then all of the following conditions hold: the value of signal pred2 immediately, and the transition action that pred3 shall get observed instantly.",immediate_response
always ( pred1 -> always [0:t1] (eventually [0:t2] (pred2)) ),"In the case the value of pred1 then all of the following conditions are true: for every time point within the subsequent t1 time units, there is sometime in less than t2 time units, at which the value of pred2 finally.",stabilization_recurrence
always (pred1),"In the future until the end of the simulation, the value of signal pred1 continuously.",invariance_reachability
eventually [0:t1] (pred1),"There ultimately exists a certain time point in the first t1 time units, at which the value of pred1",invariance_reachability
always ( rise (pred1 and pred2) -> always [0:t1] (eventually [0:t2] (rise (pred3))) ),"In case that the event that the value of signal pred1 and pred2 occurs, then all of the following conditions are true: for each moment within the coming t1 time units there should exist sometime during the first t2 time units, at which ultimately the transition action that pred3 will be detected.",stabilization_recurrence
always ( rise (pred1) -> (pred2) until [0:t1] (pred3) ),"Globally, whenever the transition action that the value of pred1 takes place then the following condition is true: the state of pred3 ultimately at a certain time point during the coming t1 time units, and before that pred2 consistently.",temporal_response
always ( fall (pred1 and pred2) -> rise (pred3 and pred4) and pred5 ),"In the case pred1 and pred2 then all of the following conditions hold: the scenario that the value of signal pred3 and pred4 shall happen right away, and at the same time point the value of signal pred5",immediate_response
eventually [0:t1] (pred1 or pred2),At a certain moment in the first t1 time units ultimately the value of pred1 or eventually the value of signal pred2,invariance_reachability
eventually [t1:t2] (pred1 and pred2),"At a certain moment in the first t1 to t2 time units, pred1 and the value of pred2 ultimately.",invariance_reachability
always ( pred1 and pred2 -> (pred3) until [0:t1] (rise (pred4)) ),"It is always the case that if the value of signal pred1 and pred2 then the following condition is true: the transition action that the state of signal pred4 is detected ultimately at a certain time point within the coming t1 time units, before this the pred3",temporal_response
always ( rise (pred1 and pred2) -> always [0:t1] (eventually [t2:t3] (pred3)) ),"On condition that the transition action that pred1 and pred2 gets observed, then for each moment during the coming t1 time units, there should exist a certain time point during the following t2 to t3 time units ultimately, at which the value of signal pred3",stabilization_recurrence
always (pred1 and pred2),In the future until the execution ends the value of pred1 and pred2 all the time.,invariance_reachability
always ( rise (pred1) -> (pred2) until (rise (pred3)) ),"Globally, if the transition action that the value of signal pred1 occurs, then in response the value of pred2 till at a certain moment in the future before the execution ends, the event that the mode of signal pred3 will happen ultimately.",temporal_response
always ( rise (pred1) -> eventually [t1:t2] (not (pred2)) ),"It is always the case that whenever the event that the value of signal pred1 is observed, then all of the following conditions are true: at sometime within t1 to t2 time units, the mode of signal pred2 eventually.",temporal_response
always ( once [t1:t2] (pred1 and pred2) -> eventually [0:t3] (always (pred3)) ),"Globally, if there would exist a certain time instant in the elapsed t1 to t2 time units, at which the value of pred1 and pred2 once, then all of the following conditions hold: eventually there should be a certain moment during the first t3 time units, at which the state of signal pred3 and should remain like this uninterruptedly in the future.",stabilization_recurrence
always ( fall (pred1 and pred2) -> pred3 and pred4 ),It is always the case that everytime when the scenario that the value of signal pred1 and pred2 is detected then the following condition holds: the value of pred3 and pred4 at once.,immediate_response
always [t1:t2] (not rise (pred1)),"For each time point in the first t1 to t2 time units, consecutively the event that the value of signal pred1 won't get observed.",invariance_reachability
always ( rise (pred1) -> (pred2 and pred3) or pred4 ),"Globally, in case that the transition action that the value of pred1 gets detected, then the following condition holds: pred2 and pred3 at the same time point, or the value of signal pred4 at the same time point.",immediate_response
eventually [0:t1] (pred1 and (pred2 and pred3)),"There is a certain time point during the first t1 time units, at which the value of pred1 finally and pred2 and pred3",invariance_reachability
eventually (rise (pred1)),"There shall be a certain moment in the future before the end of the execution, at which the scenario that the value of pred1 has to take place finally.",invariance_reachability
always ( pred1 or pred2 -> always [0:t1] (eventually [0:t2] (fall (pred3 and pred4))) ),"It is always the case that if the value of signal pred1 or the state of signal pred2 then all of the following conditions hold: for every moment in the first t1 time units, there will be a certain time instant within the coming t2 time units, at which the scenario that the pred3 and pred4 needs to be detected.",stabilization_recurrence
always [t1:t2] (pred1),pred1 consistently for every time instant during the first t1 to t2 time units.,invariance_reachability
always ( rise (pred1 and pred2) -> not (always [t1:t2] (pred3)) ),"Globally, everytime when the pred1 and pred2 then in response the mode of pred3 all the time for each time point during the following t1 to t2 time units.",temporal_response
always ( pred1 -> eventually (always [0:t1] (pred2)) ),"It is always the case that while the value of signal pred1 then ultimately there is a certain time instant in the future, after which for every moment within the following t1 time units the state of pred2 continuously.",stabilization_recurrence
always (pred1),The value of signal pred1 continuously in the future till the simulation ends.,invariance_reachability
eventually [0:t1] (rise (pred1 and pred2)),"At a time in less than t1 time units, ultimately the event that the value of pred1 and pred2 is observed.",invariance_reachability
always ( pred1 -> eventually [t1:t2] (pred2) ),In the case pred1 then pred2 ultimately at a certain time instant during the next t1 to t2 time units.,temporal_response
always ( pred1 and pred2 -> eventually [0:t1] (always [0:t2] (pred3 and pred4)) ),"Globally, whenever the pred1 and the value of signal pred2 then in response ultimately there ought to exist a time within t1 time units, at which pred3 and pred4 all the time for each moment within the coming t2 time units.",stabilization_recurrence
always [0:t1] (not (pred1) or pred2),"For each time point within the first t1 time units, consistently the value of signal pred1 or the pred2",invariance_reachability
always [0:t1] (pred1 and pred2),For each time point within t1 time units the value of pred1 and pred2,invariance_reachability
always ( historically [0:t1] (pred1) -> always [0:t2] (not (pred2)) ),"Everytime when the state of pred1 in the last t1 time units, then the following condition holds: the pred2 and this condition will be continuing consistently for each time instant within t2 time units.",temporal_response
eventually [0:t1] (pred1 and pred2),"There must be finally sometime starting at most t1 time units, at which pred1 and pred2",invariance_reachability
always ( rise (pred1) -> always [0:t1] (eventually [0:t1] (pred2)) ),"On condition that the scenario that the pred1 is observed, then in response for every moment during the following t1 time units, there needs to exist sometime during the subsequent t1 time units ultimately, at which pred2",stabilization_recurrence
always ( fall (pred1 and pred2) -> always [t1:t2] (pred3) ),"Globally, in case that pred1 and pred2 then all of the following conditions hold: pred3 and then ought to stay at this value consistently for each time point within the first t1 to t2 time units.",temporal_response
always ( not (pred1) or pred2 -> always [0:t1] (eventually [0:t2] (fall (pred3 and pred4))) ),"It is always the case that whenever pred1 or the value of pred2 then for every moment within the coming t1 time units, eventually there should exist a certain moment in the subsequent t2 time units, at which pred3 and pred4",stabilization_recurrence
always ( rise (pred1) -> fall (pred2 and pred3) and not (pred4) ),"Globally, if the event that the value of signal pred1 is detected, then in response the scenario that the pred2 and pred3 has to occur at once and instantly the value of pred4",immediate_response
always ( rise (pred1) -> eventually [t1:t2] (pred2) ),"In case that the scenario that the value of signal pred1 happens, then in response at a certain time point within the subsequent t1 to t2 time units, eventually the value of signal pred2",temporal_response
always ( not rise (pred1) or pred2 -> pred3 ),"While the event that the pred1 doesn't occur, or pred2 then all of the following conditions hold: the value of pred3 immediately.",immediate_response
always ( pred1 -> pred2 ),It is always the case that in case that the value of signal pred1 then the following condition holds: simultaneously the value of pred2,immediate_response
always ( rise (pred1) -> (pred2) until [t1:t2] (pred3) ),"It is always the case that in case that the event that the value of pred1 gets detected, then all of the following conditions are true: the value of signal pred2 and this scenario will last till the pred3 which shall get detected at sometime in the following t1 to t2 time units ultimately.",temporal_response
always ( rise (pred1 and pred2) -> always [t1:t2] (eventually [0:t3] (pred3)) ),"It is always the case that in case that the scenario that pred1 and pred2 gets detected then the following condition is true: for every time instant in the next t1 to t2 time units there should be a certain moment in the next t3 time units, at which pred3",stabilization_recurrence
eventually [0:t1] (pred1),"At a certain time instant during the first t1 time units, pred1 ultimately.",invariance_reachability
always ( pred1 or (pred2 and pred3) -> once [0:t1] (pred4) ),"In the case pred1 or the value of pred2 and pred3 then the following condition is true: at a certain time point before at most t1 time units, pred4 once.",temporal_response
always ( fall (pred1) -> eventually [0:t1] (pred2) ),"Globally, if the scenario that the state of signal pred1 gets observed then all of the following conditions hold: there will have to exist a certain time instant within pred2 will be finally greater than or equal to t1.",temporal_response
always [0:t1] (not (pred1) and pred2),"For each time instant within the first t1 time units, uninterruptedly the pred1 and the pred2",invariance_reachability
always ( pred1 and pred2 -> not ((not (pred3 and pred4)) since [0:t1] (not fall (pred5 and pred6))) ),"Globally, when the pred1 and pred2 then the subsequent condition must not be true: the pred3 and pred4 since once there existed a certain moment during the past t1 time units, at which the transition action that pred5 and pred6 was not detected.",temporal_response
always ( (pred1 and pred2) or not (pred3) -> rise (pred4 and pred5) ),"Globally, when the pred1 and pred2 or the value of pred3 then the following condition holds: right away the transition action that the value of signal pred4 and pred5 shall get observed.",immediate_response
always ( rise (pred1) -> (pred2 and pred3) until [0:t1] (not fall (pred4)) ),"It is always the case that everytime when the event that the value of signal pred1 happens, then ultimately the transition action that the value of signal pred4 does not occur at sometime in less than t1 time units, until then the pred2 and pred3",temporal_response
always ( always (pred1) -> always [0:t1] (pred2 and pred3) ),"Globally, in case that the value of pred1 and remains like this in the future till the simulation ends then the pred2 and pred3 then this condition will be consecutively holding for each time point during the next t1 time units.",temporal_response
always ( rise (pred1) -> eventually [0:t1] (always [0:t2] (pred2)) ),"If the transition action that the value of pred1 takes place then the following condition holds: there will have to eventually exist a time after at most t1 time units, at which the pred2 then this condition will have to sustain for each moment during the subsequent t2 time units.",stabilization_recurrence
eventually (pred1),"There must be a time in the future before the execution ends, at which eventually the value of signal pred1",invariance_reachability
always ( rise (pred1) -> eventually [0:t1] (fall (pred2 and pred3)) ),"Globally, in case that the transition action that the mode of pred1 gets detected then there has to be a time starting at most t1 time units, at which the transition action that the pred2 and pred3 shall be observed eventually.",temporal_response
always [0:t1] (not (pred1)),The pred1 for every moment within t1 time units.,invariance_reachability
always ( rise (pred1) -> always [0:t1] (pred2) ),"Globally, in case that the scenario that the value of signal pred1 takes place then the following condition is true: without interruption the pred2 within the next t1 time units.",temporal_response
always ( pred1 -> pred2 ),"Globally, in case that the pred1 then the following condition holds: promptly the state of signal pred2",immediate_response
always ( rise (pred1 and pred2) -> once (rise (pred3)) ),"It is always the case that if the scenario that the pred1 and pred2 is detected, then there needed to be a certain time instant in the past starting from the beginning of the execution, at which once the scenario that pred3 occurred.",temporal_response
always ( fall (pred1 and pred2) and pred3 -> always [0:t1] (eventually [0:t2] (rise (pred4))) ),"Everytime when the event that the value of pred1 and pred2 happens and the value of signal pred3 then for each time instant during the subsequent t1 time units, there shall be eventually a certain moment in the subsequent t2 time units, at which the event that the value of pred4 has to be detected.",stabilization_recurrence
always ( pred1 or not (pred2) -> (pred3) since [t1:t2] (pred4 and pred5) ),It is always the case that while the value of pred1 or the pred2 then the following condition holds: pred3 and this condition ought to hold without interruption since the value of pred4 and pred5 which will have to once get detected at a certain time instant before between t1 to t2 time units.,temporal_response
always ( fall (pred1) -> always [t1:t2] (eventually [t3:t4] (rise (pred2))) ),"Globally, if the scenario that the mode of signal pred1 is detected, then for every moment within the following t1 to t2 time units, at a certain time point in the following t3 to t4 time units, eventually the event that the value of signal pred2 must take place.",stabilization_recurrence
always ( fall (pred1 and pred2) -> pred3 or pred4 ),"It is always the case that in case that the scenario that the value of signal pred1 and pred2 occurs then in response the value of pred3 without any delay, or at the same time point pred4",immediate_response
always ( rise (pred1) -> always [0:t1] (eventually [0:t2] (pred2)) ),"When the event that the value of signal pred1 occurs, then in response for every moment within t1 time units at a time during the coming t2 time units the value of signal pred2",stabilization_recurrence
always ( rise (pred1) -> pred2 ),"Globally, whenever the scenario that the value of pred1 is detected, then the pred2",immediate_response
always ( rise (pred1) -> pred2 ),On condition that the scenario that pred1 is detected then all of the following conditions hold: the pred2 at the same moment.,immediate_response
eventually [0:t1] (pred1 and pred2),"There shall exist a certain moment during the first t1 time units, at which ultimately pred1 and pred2",invariance_reachability
always ( fall (pred1 and pred2) -> not fall (always (not (pred3))) ),"Globally, whenever the transition action that the value of pred1 and pred2 gets detected, then in response the condition that pred3 in the future before the execution ends shall not change from true to false.",temporal_response
always [t1:t2] (pred1),The pred1 all the time during the first t1 to t2 time units.,invariance_reachability
eventually [0:t1] (pred1),pred1 finally at a certain time point starting at most t1 time units.,invariance_reachability
eventually [0:t1] (pred1),"Ultimately there will exist a certain time instant in the first t1 time units, at which pred1",invariance_reachability
always ( pred1 and pred2 -> pred3 ),When the pred1 and the mode of signal pred2 then the following condition is true: the mode of pred3 at once.,immediate_response
eventually (pred1),The state of pred1 ultimately at a certain moment in the future.,invariance_reachability
always ( pred1 or (pred2 and pred3) -> eventually [t1:t2] (always (pred4)) ),"In the case the pred1 or the pred2 and pred3 then all of the following conditions are true: there ought to eventually exist a certain time point within the subsequent t1 to t2 time units, after which pred4 continuously in the future till the simulation ends.",stabilization_recurrence
always ( pred1 and pred2 -> rise ((pred3 and pred4) until [t1:t2] (not rise (pred5))) ),"In the case the pred1 and the state of signal pred2 then the following condition ought to change from false to true: pred3 and pred4 and remains like that uninterruptedly until there exists a time in the first t1 to t2 time units, at which the event that the value of signal pred5 isn't detected eventually.",temporal_response
always ( rise (pred1) -> pred2 and pred3 ),"It is always the case that everytime when the event that pred1 gets observed, then the following condition holds: starting without any delay pred2 and at the same time instant pred3",immediate_response
always ( pred1 -> rise (always (not (pred2))) ),"Globally, when pred1 then in response the following condition should be observed to shift from false to true: consistently the value of signal pred2 in the future until the end of the execution.",temporal_response
always ( pred1 and pred2 -> always [t1:t2] (pred3) ),It is always the case that if the pred1 and pred2 then the following condition is true: in the following t1 to t2 time units the value of pred3,temporal_response
always ( pred1 and pred2 -> pred3 ),In case that the value of signal pred1 and pred2 then the following condition holds: the pred3 immediately.,immediate_response
always ( not fall (historically [t1:t2] (pred1 and pred2)) -> always (pred3) ),In case that the condition that pred1 and pred2 consecutively in the past t1 to t2 time units does not shift from true to false then the following condition is true: continuously the mode of signal pred3 in the future before the simulation ends.,temporal_response
always ( rise (pred1) -> always [0:t1] (eventually [0:t2] (rise (pred2))) ),"It is always the case that when the value of pred1 then the following condition is true: for every moment within the first t1 time units, at sometime within the following t2 time units the scenario that the pred2 needs to take place.",stabilization_recurrence
always ( rise (pred1) -> eventually (pred2) ),"It is always the case that when the event that the pred1 takes place, then the following condition is true: the value of signal pred2 finally at a time in the future before the end of the execution.",temporal_response
always ( rise (pred1) -> eventually [0:t1] (always [0:t2] (pred2)) ),"Whenever the transition action that the value of pred1 gets observed, then all of the following conditions hold: ultimately there has to be a certain moment in the next t1 time units, after which the value of signal pred2 then consecutively this condition must last for the following t2 time units.",stabilization_recurrence
always ( fall (pred1) -> pred2 ),"As soon as the transition action that pred1 happens, then the following condition is true: the value of pred2",immediate_response
always ( pred1 and not (pred2) -> pred3 ),In the event that the pred1 and the pred2 then the following condition is true: promptly pred3,immediate_response
eventually [0:t1] (rise (pred1 and pred2) and pred3),"There will be a certain time point starting at most t1 time units, at which pred1 and pred2 and ultimately the pred3",invariance_reachability
always ( rise (pred1) -> not rise (pred2 and pred3) ),"Globally, if the transition action that the value of signal pred1 gets observed then in response at once the transition action that the value of pred2 and pred3 should not be observed.",immediate_response
eventually (pred1),"At a certain time instant in the future before the end of the execution, the value of pred1",invariance_reachability
always ( historically [t1:t2] (pred1) -> eventually (always (not (pred2))) ),"In case that the value of signal pred1 without interruption in the last t1 to t2 time units then all of the following conditions hold: there is ultimately a time in the future before the simulation ends, after which in the future before the end of the simulation consecutively the pred2",stabilization_recurrence
always ( not (once [t1:t2] (not (pred1))) -> eventually [0:t3] (always [0:t4] (not (pred2 and pred3))) ),"If the condition that once the value of pred1 at a certain moment within the past t1 to t2 time units is not true, then all of the following conditions are true: there must finally exist a certain moment within the next t3 time units, after which pred2 and pred3 and then stays like that for each time point in the subsequent t4 time units.",stabilization_recurrence
always [t1:t2] (not fall (pred1)),For every time instant within the first t1 to t2 time units consecutively the event that pred1 doesn't get observed.,invariance_reachability
always ( rise (pred1) -> eventually [0:t1] (always [0:t2] (pred2)) ),"Globally, whenever the transition action that pred1 takes place then the following condition holds: there will have to exist a certain time instant within t1 time units ultimately, at which the mode of signal pred2 continuously in the subsequent t2 time units.",stabilization_recurrence
always (pred1 and pred2),"In the future until the simulation ends, without interruption the value of signal pred1 and pred2",invariance_reachability
always ( rise (pred1) -> always [t1:t2] (eventually [t3:t4] (rise (pred2))) ),"Whenever the event that the value of pred1 occurs, then all of the following conditions are true: for each moment during the coming t1 to t2 time units, finally the event that the value of pred2 is detected at sometime within t3 to t4 time units.",stabilization_recurrence
always ( rise (pred1) -> always [0:t1] (eventually [0:t2] (pred2 and pred3)) ),"As soon as the transition action that the value of signal pred1 is detected then the following condition holds: for every time instant within the following t1 time units, the pred2 and pred3 finally at a certain time instant in less than t2 time units.",stabilization_recurrence
always ( fall (pred1 and pred2) -> historically [0:t1] (pred3) ),It is always the case that if the scenario that the value of pred1 and pred2 is observed then in response continuously the value of pred3 in the elapsed t1 time units.,temporal_response
always ( pred1 -> pred2 or rise (pred3) ),Everytime when the value of pred1 then pred2 at the same time or at the same time instant the transition action that the pred3 must be observed.,immediate_response
always ( rise (pred1) -> eventually [0:t1] (always (pred2)) ),"If the value of signal pred1 then ultimately after a time within the first t1 time units, the value of pred2 in the future until the end of the simulation.",stabilization_recurrence
always [0:t1] (pred1),pred1 for every time point within t1 time units.,invariance_reachability
always [0:t1] (not (pred1) or pred2),"For each time point during the first t1 time units, uninterruptedly the pred1 or pred2 consistently.",invariance_reachability
always ( fall (pred1 and pred2) -> always [0:t1] (eventually [0:t2] (fall (pred3))) ),"Globally, in case that the event that pred1 and pred2 is detected, then the following condition holds: for every moment within the first t1 time units, finally the pred3 at a certain moment within the coming t2 time units.",stabilization_recurrence
eventually [0:t1] (pred1),"There should be a certain time point in less than t1 time units, at which ultimately the value of signal pred1",invariance_reachability
always ( fall (pred1 and pred2) or fall (pred3) -> pred4 and pred5 ),"In case that the scenario that the value of signal pred1 and pred2 gets detected or the event that the value of signal pred3 happens, then all of the following conditions hold: at once the value of pred4 and pred5",immediate_response
eventually [0:t1] (pred1 or (pred2 and pred3)),At a certain time point starting at most t1 time units the value of pred1 or the value of pred2 and pred3,invariance_reachability
always ( pred1 -> pred2 ),It is always the case that whenever the value of pred1 then the following condition holds: in no time the value of signal pred2,immediate_response
eventually [t1:t2] (pred1 or not (pred2)),"At a certain time point within the first t1 to t2 time units, the pred1 eventually, or pred2 ultimately.",invariance_reachability
eventually [0:t1] (pred1 and pred2),At a time in less than t1 time units the pred1 and finally the value of pred2,invariance_reachability
always ( rise (pred1) -> pred2 and pred3 ),In the case pred1 then in response the pred2 and the state of signal pred3 simultaneously.,immediate_response
eventually [t1:t2] (pred1 and pred2),The pred1 and pred2 finally at a certain time instant during the first t1 to t2 time units.,invariance_reachability
always ( rise (pred1) -> pred2 ),"Globally, if the scenario that pred1 is observed, then all of the following conditions hold: instantly the value of signal pred2",immediate_response
always ( pred1 -> fall (pred2) ),It is always the case that in case that the pred1 then the following condition holds: immediately the transition action that pred2 shall be detected.,immediate_response
always (pred1 or pred2),"In the future until the execution ends, pred1 uninterruptedly or without interruption the value of signal pred2",invariance_reachability
always ( rise (pred1) -> eventually [0:t1] (always [0:t2] (not (pred2))) ),"It is always the case that if the scenario that the value of signal pred1 gets observed then the following condition is true: finally there ought to be a certain time point in less than t1 time units, at which the value of pred2 and then should keep like that consecutively for every time point in the subsequent t2 time units.",stabilization_recurrence
always [0:t1] (pred1 or pred2),"For every moment within t1 time units, the mode of pred1 or consistently the pred2",invariance_reachability
always (pred1 or (pred2 and pred3)),"In the future, consecutively the pred1 or the value of signal pred2 and pred3",invariance_reachability
always ( rise (pred1 and pred2) -> pred3 and pred4 ),If the scenario that pred1 and pred2 gets detected then the value of pred3 and pred4 simultaneously.,immediate_response
always ( fall (pred1 and pred2) -> pred3 ),On condition that the transition action that the value of signal pred1 and pred2 gets observed then the following condition holds: in no time the pred3,immediate_response
always ( (pred1 and pred2) or rise (pred3) -> always [0:t1] (eventually [0:t2] (pred4)) ),"Whenever the value of pred1 and pred2 or the scenario that the pred3 is detected, then the following condition is true: for every time point in the following t1 time units, at a time in less than t2 time units pred4",stabilization_recurrence
always [t1:t2] ((pred1 and pred2) or pred3),"Between t1 to t2 time units, the value of pred1 and pred2 or without interruption pred3",invariance_reachability
always ( rise (pred1 and pred2) -> always (eventually [t1:t2] (rise (pred3))) ),"Globally, in case that the transition action that the pred1 and pred2 is detected, then the following condition holds: for every time instant in the future before the end of the simulation there will have to exist a certain time point starting between t1 to t2 time units eventually, at which the transition action that pred3 shall happen.",stabilization_recurrence
eventually [0:t1] (pred1),"There will have to exist sometime within the first t1 time units, at which the value of pred1 ultimately.",invariance_reachability
always ( rise (pred1) -> not (always [0:t1] (pred2)) ),"If the scenario that the state of pred1 takes place then for every time instant within t1 time units, the state of pred2",temporal_response
always ( pred1 and (pred2 and pred3) -> eventually [0:t1] (not rise (pred4)) ),"Globally, during the interval that the value of pred1 and the pred2 and pred3 then all of the following conditions hold: there should ultimately exist sometime within the first t1 time units, at which the event that the value of pred4 shan't get detected.",temporal_response
always ( historically (pred1) -> not (once (pred2)) ),"On condition that the mode of signal pred1 all the time in the past since the beginning of the simulation then in response there must not be any time instant in the past from the beginning of the execution, at which the value of signal pred2",temporal_response
eventually (pred1 and pred2),"At a certain time point in the future before the simulation ends, the pred1 and the value of signal pred2 eventually.",invariance_reachability
always ( rise (pred1) -> pred2 ),"If the event that the value of pred1 is observed, then the following condition is true: pred2 at once.",immediate_response
always ( rise (pred1) -> eventually (always [0:t1] (pred2)) ),"Whenever the scenario that the value of pred1 is detected, then all of the following conditions hold: there will finally exist a certain moment in the future before the simulation ends, after which for every moment in the next t1 time units the value of pred2 consecutively.",stabilization_recurrence
always ( rise (pred1) or pred2 -> pred3 or pred4 ),On condition that the value of signal pred1 or the value of signal pred2 then the following condition is true: the value of signal pred3 right away or pred4 in no time.,immediate_response
always ( rise (pred1 and pred2) -> eventually [0:t1] (pred3) ),"It is always the case that when the scenario that the value of signal pred1 and pred2 happens, then in response there will have to ultimately exist a certain time point within the first t1 time units, at which pred3",temporal_response
always ( rise (pred1) -> pred2 ),"On condition that the scenario that the value of signal pred1 is observed, then in response promptly the value of pred2",immediate_response
always [0:t1] (pred1 and pred2),"For each time instant within t1 time units, the mode of pred1 consistently, and pred2",invariance_reachability
always ( rise (pred1) or rise (pred2) -> always [t1:t2] (pred3) ),"It is always the case that if the event that the value of pred1 happens, or the event that the value of pred2 is detected, then the following condition is true: pred3 and this scenario must remain for every time instant in the coming t1 to t2 time units.",temporal_response
eventually [0:t1] (not rise (pred1) and fall (pred2)),At a certain time point during the first t1 time units the state of signal pred1 eventually and the scenario that the value of pred2 is eventually detected.,invariance_reachability
eventually [0:t1] (pred1),Ultimately the value of signal pred1 at sometime after at most t1 time units.,invariance_reachability
always [t1:t2] (pred1),The pred1 without interruption between t1 to t2 time units.,invariance_reachability
eventually [0:t1] (rise (pred1 and pred2) or pred3),At a certain moment in the first t1 time units eventually the scenario that the value of signal pred1 and pred2 shall take place or the pred3,invariance_reachability
eventually (rise (pred1)),"There has to be a certain moment in the future before the simulation ends finally, at which the value of pred1",invariance_reachability
always ( fall (pred1) -> eventually [t1:t2] (always (pred2)) ),"It is always the case that in case that the transition action that pred1 takes place, then in response there has to exist a certain time instant within the first t1 to t2 time units, at which the value of signal pred2 in the future until the end of the simulation.",stabilization_recurrence
eventually [t1:t2] (rise (pred1) or (pred2 and pred3)),"At a certain moment starting between t1 to t2 time units the scenario that the value of pred1 will have to be finally detected, or pred2 and pred3",invariance_reachability
always ( fall (pred1 and pred2) -> once [t1:t2] (not fall (pred3)) ),It is always the case that when the event that the pred1 and pred2 gets detected then all of the following conditions hold: at a time within the last t1 to t2 time units the event that the value of signal pred3 must once not occur.,temporal_response
always ( rise (pred1) -> always [0:t1] (pred2) ),"In case that the event that the value of pred1 gets observed, then the following condition holds: the value of signal pred2 for every moment in the following t1 time units.",temporal_response
always ( pred1 and pred2 -> pred3 and pred4 ),When the value of pred1 and pred2 then the following condition is true: at once the state of pred3 and at once the value of signal pred4,immediate_response
always [t1:t2] (pred1 and pred2),For every moment within the first t1 to t2 time units consecutively the state of pred1 and consistently the value of pred2,invariance_reachability
always ( rise (pred1 and pred2) -> always (eventually [t1:t2] (fall (pred3))) ),"On condition that the transition action that pred1 and pred2 gets detected, then the following condition holds: for every moment in the future before the end of the execution, there must exist a certain time point in the coming t1 to t2 time units, at which the state of pred3 finally.",stabilization_recurrence
always ( pred1 or rise (pred2) -> pred3 ),It is always the case that in case that the value of pred1 or the event that the value of signal pred2 gets observed then all of the following conditions are true: without any delay the state of signal pred3,immediate_response
always ( pred1 and pred2 -> pred3 ),It is always the case that if pred1 and pred2 then all of the following conditions are true: the value of signal pred3 at the same moment.,immediate_response
eventually [t1:t2] (rise (pred1)),The event that the pred1 will finally take place at a certain moment starting between t1 to t2 time units.,invariance_reachability
always ( fall (pred1) -> eventually [0:t1] (always [0:t2] (pred2)) ),"In the case the transition action that pred1 takes place, then the following condition holds: ultimately after a certain time instant in the subsequent t1 time units pred2 for every moment within t2 time units.",stabilization_recurrence
eventually [0:t1] (pred1),"At a certain moment during the first t1 time units, eventually the value of signal pred1",invariance_reachability
always [0:t1] (pred1),Continuously the value of signal pred1 for more than t1 time units.,invariance_reachability
always ( pred1 -> eventually [0:t1] (always [0:t2] (pred2)) ),"Globally, during the interval that the pred1 then the following condition holds: there eventually exists a time within the coming t1 time units, after which for the coming t2 time units pred2",stabilization_recurrence
eventually [0:t1] (rise (pred1 and pred2)),At a certain time point within the first t1 time units the transition action that pred1 and pred2 has to happen finally.,invariance_reachability
eventually (rise (pred1 and pred2) and pred3),"There must exist a certain time point in the future, at which the event that pred1 and pred2 shall get observed eventually, and ultimately the value of signal pred3",invariance_reachability
eventually (pred1 or pred2),"There ought to be sometime in the future before the end of the execution, at which eventually the state of signal pred1 or finally pred2",invariance_reachability
always (not rise (pred1) and pred2),"In the future before the simulation ends, the transition action that the state of pred1 is consistently not detected, and consecutively pred2",invariance_reachability
always ( pred1 -> pred2 ),It is always the case that when the value of signal pred1 then in response the value of signal pred2,immediate_response
always ( rise (pred1) -> always [0:t1] (eventually [0:t2] (fall (pred2))) ),"In case that the event that pred1 occurs then the following condition is true: for every time point in the coming t1 time units, at a time in less than t2 time units, the event that the value of signal pred2 ought to happen eventually.",stabilization_recurrence
always ( pred1 or rise (pred2) -> eventually [t1:t2] (always [0:t3] (pred3 and pred4)) ),"When the pred1 or the event that pred2 gets observed, then the following condition holds: after a certain moment within the subsequent t1 to t2 time units, the value of pred3 and pred4 and this condition will be remaining consistently for every moment in the next t3 time units.",stabilization_recurrence
always [0:t1] (not (pred1)),For the first t1 time units continuously the pred1,invariance_reachability
always ( fall (pred1) -> always [0:t1] (eventually [0:t2] (fall (pred2))) ),"Globally, if the transition action that the pred1 gets detected, then all of the following conditions hold: for each moment in the coming t1 time units at a certain time point within the following t2 time units the transition action that the value of signal pred2 must eventually occur.",stabilization_recurrence
always ( rise (pred1) -> pred2 ),If the transition action that the pred1 occurs then the following condition is true: promptly the value of signal pred2,immediate_response
always ( pred1 and pred2 -> eventually (always [0:t1] (pred3 and pred4)) ),Whenever the value of pred1 and pred2 then the following condition is true: after a certain moment in the future before the end of the simulation the pred3 and pred4 then this condition remains uninterruptedly for every time instant during the coming t1 time units.,stabilization_recurrence
always ( pred1 and pred2 -> fall (once [t1:t2] (not fall (pred3))) ),"Globally, while the pred1 and the pred2 then in response the condition that pred3 once at a certain time point before between t1 to t2 time units is observed to shift from true to false.",temporal_response
always (pred1 and pred2),"In the future until the simulation ends, pred1 and consecutively the value of pred2",invariance_reachability
always ( rise (pred1) -> always [t1:t2] (pred2) ),"Globally, in case that the scenario that the pred1 gets detected then all of the following conditions hold: in the coming t1 to t2 time units, continuously pred2",temporal_response
always ( pred1 -> eventually [0:t1] (always (pred2)) ),In the event that pred1 then the following condition is true: finally after a certain time instant starting at most t1 time units the state of signal pred2 and then has to always continue like this in the future until the execution ends.,stabilization_recurrence
always [0:t1] (pred1),Without interruption the state of signal pred1 for each moment within t1 time units.,invariance_reachability
always [0:t1] (pred1),The value of pred1 for each time instant within the first t1 time units.,invariance_reachability
always ( rise (pred1) -> eventually [0:t1] (always [0:t2] (pred2)) ),"It is always the case that whenever the event that the pred1 occurs then all of the following conditions are true: there finally exists a certain moment starting at most t1 time units, at which the mode of signal pred2 for every time point during the subsequent t2 time units.",stabilization_recurrence
always ( rise (pred1) -> always [0:t1] (eventually [0:t2] (pred2)) ),"Globally, in case that the scenario that the value of signal pred1 occurs, then the following condition is true: for each time point during the following t1 time units, there is ultimately a certain moment during the next t2 time units, at which the pred2",stabilization_recurrence
always ( pred1 or (pred2 and pred3) -> fall (pred4) and not (pred5) ),"In the event that the pred1 or pred2 and pred3 then the following condition holds: the event that pred4 needs to get detected starting without any delay, and at once the value of pred5",immediate_response
always ( historically (pred1) -> always [t1:t2] (pred2) ),"Globally, everytime when during the past, the pred1 all the time, then the following condition holds: for each moment within the first t1 to t2 time units the value of signal pred2 all the time.",temporal_response
eventually [0:t1] (pred1),"There will have to be a certain time instant after at most t1 time units, at which ultimately pred1",invariance_reachability
eventually [0:t1] (pred1 or pred2),At sometime during the first t1 time units the value of pred1 or finally the state of signal pred2,invariance_reachability
always ( pred1 or rise (pred2) -> always [t1:t2] (eventually [t3:t4] (pred3)) ),"Globally, if pred1 or the transition action that the value of pred2 gets observed then in response for each time instant within the following t1 to t2 time units, eventually the mode of signal pred3 at a certain moment in the next t3 to t4 time units.",stabilization_recurrence
always ( pred1 and (pred2 and pred3) -> always [0:t1] (eventually [0:t2] (rise (pred4))) ),In case that the pred1 and pred2 and pred3 then the following condition is true: for every time instant within the following t1 time units finally at a time within the subsequent t2 time units the transition action that pred4 will occur.,stabilization_recurrence
always ( pred1 or pred2 -> eventually [t1:t2] (not (pred3 and pred4)) ),"Globally, whenever the value of signal pred1 or the value of pred2 then at a certain time point within the next t1 to t2 time units the value of signal pred3 and pred4",temporal_response
always ( (pred1) since [t1:t2] (pred2) -> eventually [0:t3] (always [0:t4] (pred3)) ),"Globally, whenever once the value of signal pred2 at a certain time point during the last t1 to t2 time units, since then the value of pred1 all the time, then all of the following conditions are true: there shall exist a certain time point within the first t3 time units finally, at which the value of signal pred3 then this condition consecutively sustains for every time point in the following t4 time units.",stabilization_recurrence
always (pred1),The value of pred1 in the future till the execution ends.,invariance_reachability
always ( rise (pred1) -> not (eventually [0:t1] (pred2)) ),"Whenever the scenario that the pred1 takes place then in response there should not be any time instant during the next t1 time units, at which pred2",temporal_response
always ( not fall (pred1) -> fall (pred2) or pred3 ),"Globally, whenever the event that the pred1 does not get detected, then the following condition is true: the event that the pred2 must get observed promptly, or the mode of signal pred3 at the same time point.",immediate_response
always ( fall (pred1) -> eventually (pred2) ),It is always the case that in case that the transition action that the value of pred1 happens then the following condition is true: the value of pred2 finally at a certain time instant in the future before the end of the execution.,temporal_response
always [0:t1] (pred1),The value of signal pred1 for each time point in the first t1 time units.,invariance_reachability
eventually [0:t1] (rise (pred1)),"There exists sometime after at most t1 time units finally, at which the transition action that the value of pred1 has to be detected.",invariance_reachability
eventually [t1:t2] ((pred1 and pred2) and pred3),"At a certain moment during the first t1 to t2 time units, the pred1 and pred2 finally, and the pred3",invariance_reachability
always ( rise (pred1) -> pred2 and pred3 ),"Globally, if the value of pred1 then the value of signal pred2 and the value of signal pred3 promptly.",immediate_response
always ( pred1 or pred2 -> not (pred3 and pred4) and (pred5 and pred6) ),It is always the case that when the value of pred1 or pred2 then in response the pred3 and pred4 immediately and the value of signal pred5 and pred6,immediate_response
always ( pred1 -> pred2 ),"Globally, while pred1 then the following condition is true: the value of pred2 at once.",immediate_response
always ( not (historically (pred1)) -> eventually [0:t1] (always [0:t2] (not (pred2 and pred3))) ),"Globally, if during the past, the pred1 continuously, then all of the following conditions are true: after a certain time instant within the following t1 time units for every time instant during the coming t2 time units the value of pred2 and pred3 all the time.",stabilization_recurrence
always ( rise (pred1 and pred2) -> pred3 or pred4 ),"Globally, in case that the event that pred1 and pred2 occurs then all of the following conditions are true: promptly the value of signal pred3 or at the same time pred4",immediate_response
always ( fall (pred1) -> pred2 ),"Globally, in case that the event that the value of signal pred1 happens then at once pred2",immediate_response
always ( pred1 and pred2 -> not (always (pred3 and pred4)) ),"Globally, during the interval that pred1 and pred2 then the value of pred3 and pred4 without interruption in the future before the end of the simulation.",temporal_response
always ( (pred1) since [0:t1] (pred2) -> always [t2:t3] (eventually [0:t4] (pred3)) ),"Globally, everytime when there would exist a certain time point within the past t1 time units, at which once the value of signal pred2 since then the value of signal pred1 then all of the following conditions hold: for each moment during the coming t2 to t3 time units at sometime in the coming t4 time units, the pred3",stabilization_recurrence
always ( pred1 -> always [val1:t1] (eventually [val1:t2] (rise (pred2))) ),"On condition that the value of pred1 then all of the following conditions hold: for each moment within t1 time units there shall exist sometime in the coming t2 time units, at which the scenario that the pred2 has to get observed eventually.",stabilization_recurrence
always [t1:t2] ((pred1 and pred2) or pred3),For each moment within the first t1 to t2 time units consecutively the value of pred1 and pred2 or the value of signal pred3,invariance_reachability
always [t1:t2] (pred1),"For every time point within t1 to t2 time units, without interruption the mode of pred1",invariance_reachability
always ( rise (pred1) -> eventually [0:t1] (always [0:t2] (pred2)) ),"It is always the case that when pred1 then the following condition holds: there is finally a time in the next t1 time units, at which without interruption the value of pred2 within t2 time units.",stabilization_recurrence
eventually [0:t1] (not fall (pred1)),"At a certain time instant during the first t1 time units, the transition action that the value of signal pred1 does not get observed finally.",invariance_reachability
always ( pred1 -> not ((pred2 and pred3) until (rise (pred4 and pred5))) ),"Globally, while the pred1 then in response the subsequent condition will not be true: the pred2 and pred3 and then continues like that without interruption till there is ultimately a certain time instant in the future before the simulation ends, at which the scenario that pred4 and pred5 happens.",temporal_response
always ( rise (pred1) -> always (eventually [0:t1] (rise (pred2))) ),"If the scenario that the pred1 gets observed, then the following condition is true: for each moment in the future until the simulation ends the transition action that the mode of pred2 is observed finally at a certain time point in the coming t1 time units.",stabilization_recurrence
always ( pred1 and pred2 -> fall (always [t1:t2] (pred3)) ),"Globally, when the pred1 and pred2 then the subsequent condition has to change from true to false: pred3 and will be consistently staying in this interval for every time instant within the subsequent t1 to t2 time units.",temporal_response
always ( pred1 or (pred2 and pred3) -> pred4 and pred5 ),On condition that the mode of signal pred1 or pred2 and pred3 then all of the following conditions are true: the value of signal pred4 and pred5 promptly.,immediate_response
always [0:t1] (pred1),During the first t1 time units the pred1,invariance_reachability
always ( (pred1 and pred2) or pred3 -> always [0:t1] (eventually [0:t2] (pred4)) ),"Globally, when the pred1 and pred2 or pred3 then in response for every time instant within the first t1 time units, finally the value of pred4 at a time in the next t2 time units.",stabilization_recurrence
always [t1:t2] (pred1),"For each time instant in the first t1 to t2 time units, the mode of signal pred1 consecutively.",invariance_reachability
always [0:t1] (pred1 and pred2),For every moment in the first t1 time units continuously the pred1 and pred2,invariance_reachability
always ( not (pred1) -> always [0:t1] (eventually [0:t2] (pred2 and pred3)) ),On condition that the value of pred1 then for each moment within the subsequent t1 time units finally the pred2 and pred3 at a time within t2 time units.,stabilization_recurrence
always ( pred1 or pred2 -> not ((pred3) since [val4:t1] (pred4)) ),"Globally, everytime when the pred1 or the value of signal pred2 then the following condition will not be true: pred3 then this scenario always lasts since pred4 once, which would get observed at a certain time point within the elapsed t1 time units.",temporal_response
always ( pred1 -> (pred2) until [t1:t2] (pred3 and pred4) ),"Globally, in case that pred1 then the value of signal pred2 and uninterruptedly stays like that until the pred3 and pred4 which is observed at a certain time point during the coming t1 to t2 time units finally.",temporal_response
always ( always (pred1) -> (pred2 and pred3) until [0:t1] (not (pred4)) ),It is always the case that whenever pred1 and this condition will always hold in the future before the end of the simulation then the following condition is true: pred2 and pred3 and then needs to uninterruptedly remain in this interval until at a certain time instant in the following t1 time units pred4,temporal_response
always ( rise (pred1) -> eventually [0:t1] (pred2 and pred3) ),"It is always the case that in case that the scenario that the pred1 gets observed then the following condition holds: there will have to exist sometime in the first t1 time units, at which pred2 and pred3",temporal_response
always ( historically [t1:t2] (not rise (pred1)) -> historically [0:t3] (pred2 and pred3) ),It is always the case that whenever within the last t1 to t2 time units uninterruptedly the transition action that the value of pred1 has not occurred then all of the following conditions are true: continuously the pred2 and pred3 during the elapsed t3 time units.,temporal_response
always [0:t1] (not rise (pred1) or (pred2 and pred3)),"For each time point in the first t1 time units, consistently the event that the mode of signal pred1 will not occur, or the pred2 and pred3",invariance_reachability
always ( (not (pred1)) until (pred2) -> eventually [0:t1] (rise (pred3)) ),"Globally, everytime when there will ultimately exist a time in the future before the execution ends, at which the value of pred2 before that the value of signal pred1 then the following condition is true: at a time during the first t1 time units the pred3 eventually.",temporal_response
always ( historically [t1:t2] (pred1) -> fall (always [0:t3] (pred2)) ),It is always the case that when for the elapsed t1 to t2 time units pred1 without interruption then in response the following condition must shift from true to false: pred2 and always keeps like this for every time instant during the subsequent t3 time units.,temporal_response
always ( pred1 and pred2 -> always (eventually [t1:t2] (pred3)) ),"In the case pred1 and the state of pred2 then for each time instant in the future until the end of the simulation there will have to finally exist a time starting between t1 to t2 time units, at which the pred3",stabilization_recurrence
always ( pred1 -> eventually [0:t1] (always (pred2)) ),"In the event that the value of pred1 then all of the following conditions are true: at a certain time instant in the first t1 time units, the pred2 and shall stay like that uninterruptedly in the future till the execution ends.",stabilization_recurrence
always (pred1),In the future before the end of the simulation consistently the pred1,invariance_reachability
always ( fall (pred1) -> not (pred2) ),"Globally, in case that the transition action that the value of pred1 gets observed, then the following condition holds: the state of signal pred2",immediate_response
always ( rise (pred1) -> (pred2) until [val1:t1] (rise (pred3)) ),If the transition action that pred1 is observed then the pred2 until the pred3 which should get observed at a time during the next t1 time units finally.,temporal_response
always [t1:t2] (pred1 and pred2),pred1 and pred2 consistently for every time instant during the first t1 to t2 time units.,invariance_reachability
always ( not (historically (pred1)) -> eventually [val1:t1] (always [val1:t2] (not (pred2 and pred3))) ),"It is always the case that in case that the value of signal pred1 without interruption in the past since the start of the simulation, then all of the following conditions are true: there will be ultimately a certain moment during the coming t1 time units, at which the value of pred2 and pred3 consecutively for every time point in the coming t2 time units.",stabilization_recurrence
always ( fall (pred1) -> always [0:t1] (pred2) ),In the case pred1 then all of the following conditions are true: continuously pred2 for every time instant within the next t1 time units.,temporal_response
always ( rise (pred1 and pred2) -> always [0:t1] (eventually [0:t2] (rise (pred3 and pred4))) ),"It is always the case that whenever the event that the value of signal pred1 and pred2 gets detected then for each moment in the subsequent t1 time units, there shall exist a certain time point starting at most t2 time units ultimately, at which the transition action that the value of signal pred3 and pred4 needs to get observed.",stabilization_recurrence
always ( rise (pred1) -> always [0:t1] (eventually [0:t2] (rise (pred2))) ),"In case that the transition action that pred1 is detected then in response for each time point in the subsequent t1 time units there ought to be a time in less than t2 time units eventually, at which the event that pred2 will have to be observed.",stabilization_recurrence
always ( rise (pred1) -> not (pred2) ),It is always the case that everytime when the transition action that the pred1 is observed then at the same time the mode of signal pred2,immediate_response
always ( rise (pred1) -> eventually [0:t1] (always [0:t2] (pred2)) ),As soon as the scenario that pred1 gets detected then the following condition holds: at a certain moment during the subsequent t1 time units the value of signal pred2 and will have to always stay in this interval for each time instant during the next t2 time units.,stabilization_recurrence
always ( rise (pred1 and pred2) -> pred3 ),It is always the case that if the transition action that the value of pred1 and pred2 is detected then all of the following conditions are true: the mode of signal pred3,immediate_response
always ( rise (pred1) -> not (pred2) and pred3 ),"Globally, when the event that the pred1 happens then in response in no time the pred2 and the value of pred3",immediate_response
always ( pred1 -> always (pred2 and pred3) ),"While the value of pred1 then in the future till the end of the simulation, pred2 and pred3 all the time.",temporal_response
always ( (pred1 and pred2) or pred3 -> pred4 ),Everytime when the value of pred1 and pred2 or the value of pred3 then in response pred4 promptly.,immediate_response
eventually [t1:t2] (pred1),"There will exist a certain time instant within the first t1 to t2 time units, at which ultimately the state of pred1",invariance_reachability
eventually [t1:t2] (pred1 or pred2),At a certain time instant starting between t1 to t2 time units finally the value of signal pred1 or the state of pred2 ultimately.,invariance_reachability
always ( rise (pred1) -> pred2 ),"Globally, whenever the event that pred1 gets observed, then in response at the same time instant the value of signal pred2",immediate_response
eventually [0:t1] (rise (pred1) and pred2),"There exists a certain time instant in the first t1 time units, at which eventually the transition action that the pred1 must take place, and the value of pred2 finally.",invariance_reachability
always ( pred1 or pred2 -> pred3 ),When the mode of pred1 or pred2 then the following condition is true: pred3 instantly.,immediate_response
always [t1:t2] (pred1),"For each time instant within the first t1 to t2 time units, the value of signal pred1 continuously.",invariance_reachability
eventually [t1:t2] (pred1),The pred1 at a certain moment within the first t1 to t2 time units.,invariance_reachability
always ( rise (pred1) -> eventually (always [0:t1] (pred2)) ),"It is always the case that in case that the event that the value of signal pred1 happens, then eventually there ought to exist sometime in the future, at which for every moment in the next t1 time units pred2",stabilization_recurrence
always ( rise (pred1) -> always [t1:t2] (eventually [t3:t4] (rise (pred2))) ),"It is always the case that everytime when the scenario that the value of signal pred1 takes place, then the following condition is true: for each moment within the subsequent t1 to t2 time units, at a certain time point within the coming t3 to t4 time units the scenario that the pred2 has to be ultimately detected.",stabilization_recurrence
always ( not (pred1) and pred2 -> pred3 or rise (pred4) ),In the case the pred1 and pred2 then all of the following conditions are true: the value of signal pred3 starting without any delay or in no time the event that the value of signal pred4 must get observed.,immediate_response
eventually [0:t1] (fall (pred1) and pred2),"There exists a certain time instant within t1 time units, at which eventually the value of signal pred1 and pred2 ultimately.",invariance_reachability
eventually (rise (pred1)),The event that pred1 will have to finally happen at a certain moment in the future before the end of the execution.,invariance_reachability
always ( rise (pred1) -> (pred2) until [0:t1] (rise (pred3)) ),"As soon as the event that pred1 occurs then all of the following conditions hold: consecutively the value of signal pred2 until finally at a certain time instant in the following t1 time units, the scenario that the value of signal pred3 will get detected.",temporal_response
always ( rise (pred1) -> pred2 ),In case that the event that the pred1 happens then the following condition is true: instantly the value of pred2,immediate_response
always ( pred1 -> pred2 ),It is always the case that whenever the value of signal pred1 then all of the following conditions hold: pred2 immediately.,immediate_response
always ( rise (pred1) -> always [0:t1] (eventually [0:t2] (pred2)) ),"Globally, in case that the event that the value of signal pred1 is observed, then all of the following conditions hold: for every time point during the next t1 time units there needs to exist a certain moment after at most t2 time units, at which the value of pred2",stabilization_recurrence
always ( rise (pred1) -> eventually [0:t1] (always [0:t2] (pred2 and pred3)) ),"When the transition action that pred1 occurs, then all of the following conditions hold: there finally exists sometime within the following t1 time units, after which the pred2 and pred3 and then should remain like that consistently during the coming t2 time units.",stabilization_recurrence
always [t1:t2] (pred1 or pred2),For each time point within t1 to t2 time units consecutively the value of pred1 or the pred2 continuously.,invariance_reachability
always ( pred1 and pred2 -> eventually [0:t1] (always [0:t2] (pred3 and pred4)) ),"Everytime when the value of signal pred1 and the pred2 then the following condition is true: finally there has to be a time within t1 time units, after which consecutively pred3 and pred4 for each moment in the subsequent t2 time units.",stabilization_recurrence
always ( (pred1 and pred2) since [0:t1] (pred3) -> eventually [0:t2] (always [t3:t4] (not (pred4))) ),"On condition that the pred1 and pred2 consistently since once there was a certain time instant in the past t1 time units, at which pred3 then in response there has to be finally a time during the next t2 time units, at which the state of signal pred4 and consistently this condition keeps for every moment in the subsequent t3 to t4 time units.",stabilization_recurrence
always (pred1),Consistently the pred1 in the future till the execution ends.,invariance_reachability
always ( historically [t1:t2] (pred1 and pred2) -> always [t3:t4] (pred3) ),"It is always the case that everytime when the pred1 and pred2 consistently within the elapsed t1 to t2 time units, then in response for the coming t3 to t4 time units the value of pred3",temporal_response
always ( fall (pred1 and pred2) -> always [0:t1] (pred3) ),It is always the case that in case that the transition action that the pred1 and pred2 is detected then in response the state of pred3 consistently for each moment in the following t1 time units.,temporal_response
always ( rise (pred1) -> pred2 and pred3 ),"Globally, in case that the scenario that the value of pred1 gets detected, then the following condition holds: at the same time point the value of signal pred2 and instantly the value of signal pred3",immediate_response
always [0:t1] (pred1 or pred2),For each time point within t1 time units consistently pred1 or the pred2 continuously.,invariance_reachability
always ( rise (pred1) -> always (pred2) ),"It is always the case that everytime when the event that the value of pred1 gets detected, then all of the following conditions hold: in the future until the execution ends the value of signal pred2",temporal_response
always [t1:t2] ((pred1 and pred2) or pred3),"For each moment within t1 to t2 time units, the value of pred1 and pred2 or pred3",invariance_reachability
always ( pred1 or (pred2 and pred3) -> not (historically (pred4 and pred5)) ),"Globally, if the state of signal pred1 or the value of pred2 and pred3 then pred4 and pred5 without interruption in the past since the beginning of the execution.",temporal_response
always ( pred1 and pred2 -> eventually (rise (pred3)) ),As soon as the value of pred1 and pred2 then all of the following conditions hold: finally the transition action that the value of pred3 should occur at a time in the future before the simulation ends.,temporal_response
always ( pred1 -> always [t1:t2] (pred2 and pred3) ),"Globally, if pred1 then the following condition is true: the value of signal pred2 and pred3 within the first t1 to t2 time units.",temporal_response
always ( fall (pred1) -> always [0:t1] (eventually (rise (pred2))) ),"Globally, in case that the scenario that the value of pred1 takes place then in response for each moment within the next t1 time units, there needs to exist sometime in the future before the simulation ends, at which the scenario that the value of pred2 ought to get detected ultimately.",stabilization_recurrence
always ( rise (pred1) -> always [0:t1] (eventually [0:t2] (pred2 and pred3)) ),"Globally, everytime when the scenario that the value of signal pred1 is detected then all of the following conditions are true: for each moment during the coming t1 time units there needs to be finally a time starting at most t2 time units, at which the pred2 and pred3",stabilization_recurrence
always (pred1 and pred2),"In the future before the end of the simulation, the pred1 and uninterruptedly the mode of signal pred2",invariance_reachability
always ( not (pred1) or (pred2 and pred3) -> historically (not (pred4)) ),It is always the case that everytime when the pred1 or the value of signal pred2 and pred3 then all of the following conditions hold: in the past since the beginning of the execution without interruption pred4,temporal_response
always ( rise (pred1) or rise (pred2) -> pred3 and pred4 ),"In the case the scenario that the value of pred1 happens or the scenario that the value of pred2 happens, then the following condition is true: immediately the pred3 and starting without any delay pred4",immediate_response
always [0:t1] (pred1),"For each time instant in the first t1 time units, uninterruptedly the mode of pred1",invariance_reachability
eventually [0:t1] (fall (pred1 and pred2) and pred3),"There will exist a time starting at most t1 time units, at which the scenario that the value of pred1 and pred2 will have to be detected ultimately, and the value of signal pred3",invariance_reachability
always ( rise (pred1) -> (not fall (pred2)) until [t1:t2] (pred3) ),"As soon as the scenario that pred1 happens then the following condition holds: there will exist a time during the first t1 to t2 time units ultimately, at which pred3 before this continuously the transition action that the pred2 shall not take place.",temporal_response
always (pred1 and pred2),In the future till the execution ends consecutively the value of signal pred1 and the mode of signal pred2 all the time.,invariance_reachability
always ( rise (pred1) -> not ((not fall (pred2)) until [0:t1] (pred3)) ),"When the transition action that the pred1 gets observed, then in response the subsequent condition must not be true: the pred2 then this scenario will be uninterruptedly holding until at a time in the following t1 time units the value of signal pred3",temporal_response
always ( fall ((pred1 and pred2) since (rise (pred3))) -> (not fall (pred4)) until [0:t1] (pred5) ),"Globally, everytime when the condition that the value of signal pred1 and pred2 since once the value of signal pred3 at a certain time point in the past from the beginning of the execution will shift from true to false then continuously the scenario that pred4 shall not get observed until at sometime during the following t1 time units the pred5 finally.",temporal_response
always ( pred1 -> always [0:t1] (eventually [0:t2] (pred2)) ),"Globally, everytime when pred1 then in response for each time point in the first t1 time units the value of signal pred2 eventually at a certain moment within the coming t2 time units.",stabilization_recurrence
always (pred1 or not (pred2)),"In the future until the end of the execution, pred1 or uninterruptedly the value of signal pred2",invariance_reachability
always ( pred1 and rise (pred2) -> always [0:t1] (eventually [0:t2] (pred3)) ),"When pred1 and the scenario that the value of pred2 happens, then all of the following conditions are true: for every moment within the first t1 time units, at a certain time point within the following t2 time units finally the value of pred3",stabilization_recurrence
always ( rise (pred1) -> eventually [0:t1] (always [0:t2] (pred2)) ),"In the case the transition action that the value of signal pred1 happens then the following condition holds: finally at a certain moment in the coming t1 time units, the pred2 and then should continue like this consistently for every time instant within the next t2 time units.",stabilization_recurrence
eventually ((pred1 and pred2) or pred3),"At a time in the future, finally the value of pred1 and pred2 or the pred3",invariance_reachability
always ( rise (pred1) -> (not (pred2)) until [t1:t2] (pred3 and pred4) ),It is always the case that if the scenario that pred1 occurs then in response at a certain moment during the following t1 to t2 time units the value of signal pred3 and pred4 till then pred2,temporal_response
eventually [0:t1] (pred1 and rise (pred2)),"There has to exist a certain time instant in the first t1 time units, at which ultimately the state of signal pred1 and ultimately the transition action that the value of signal pred2 shall get detected.",invariance_reachability
always (pred1 and pred2),"In the future, consecutively the pred1 and the value of pred2",invariance_reachability
always [0:t1] (not (pred1)),The value of pred1 for each time point within t1 time units.,invariance_reachability
always ( rise (pred1 and pred2) -> not ((pred3 and pred4) until [0:t1] (pred5)) ),In case that the scenario that pred1 and pred2 takes place then the condition that consistently the value of signal pred3 and pred4 until the pred5 at a certain time point in the subsequent t1 time units shan't be true.,temporal_response
always ( rise (pred1) -> always [0:t1] (eventually [0:t2] (rise (pred2))) ),"As soon as the scenario that pred1 occurs, then the following condition is true: for each time point in the subsequent t1 time units the pred2 finally at sometime after at most t2 time units.",stabilization_recurrence
always ( not (pred1) or pred2 -> always [0:t1] (eventually [0:t2] (rise (pred3))) ),"It is always the case that if the pred1 or the pred2 then the following condition holds: for each moment within the coming t1 time units there has to be finally a certain moment in the following t2 time units, at which the event that pred3 has to happen.",stabilization_recurrence
eventually (pred1),At a certain time instant in the future before the simulation ends the value of pred1 finally.,invariance_reachability
always (pred1),In the future till the execution ends the value of signal pred1 consistently.,invariance_reachability
always ( fall (pred1) and not (pred2) -> pred3 ),It is always the case that in case that the transition action that the value of signal pred1 happens and the pred2 then the following condition holds: the pred3 at the same moment.,immediate_response
always ( once [t1:t2] (pred1) -> eventually [0:t3] (always [0:t1] (not (pred2))) ),"In the case at a certain moment within the last t1 to t2 time units the value of signal pred1 then eventually there shall exist a certain moment during the coming t3 time units, after which the value of signal pred2 for each moment during the next t1 time units.",stabilization_recurrence
always ( once [t1:t2] (pred1) -> eventually [0:t3] (always [0:t4] (pred2)) ),"Everytime when there existed a certain time instant during the past t1 to t2 time units, at which the pred1 then in response at sometime within the coming t3 time units for every moment within the subsequent t4 time units without interruption pred2",stabilization_recurrence
always ( rise (pred1 and pred2) -> (pred3) since [0:t1] (rise (pred4)) ),"Globally, if the scenario that pred1 and pred2 is detected then the pred3 and then has to hold like this since the pred4 which ought to occur at a time in the past t1 time units.",temporal_response
always ( rise (pred1) -> not (pred2) ),"Whenever the transition action that the value of signal pred1 gets detected, then all of the following conditions hold: without any delay pred2",immediate_response
always ( rise (pred1) -> (pred2) until [0:t1] (not (pred3 and pred4)) ),"In the case the event that the value of signal pred1 gets detected then in response eventually there needs to be sometime during the following t1 time units, at which pred3 and pred4 and until then the value of pred2 consecutively.",temporal_response
always ( pred1 -> not (always [0:t1] (pred2)) ),It is always the case that everytime when the value of pred1 then in response the condition that consistently the state of signal pred2 for every time instant in the following t1 time units shouldn't be true.,temporal_response
always ( fall (pred1) -> historically [t1:t2] (pred2) ),"Globally, if the scenario that pred1 happens then all of the following conditions are true: in the elapsed t1 to t2 time units the pred2",temporal_response
always ( pred1 and (pred2 and pred3) -> pred4 and pred5 ),As soon as the value of pred1 and the pred2 and pred3 then the value of pred4 and starting without any delay the mode of pred5,immediate_response
eventually (pred1 or rise (pred2)),"At a certain moment in the future before the end of the execution, the pred1 or the event that the pred2 ought to be observed finally.",invariance_reachability
always ( (pred1) since [0:t1] (not (pred2)) -> (pred3) until [0:t2] (pred4) ),"When the pred1 and consistently this scenario kept since the value of signal pred2 which was observed at a time before at most t1 time units once, then eventually there will have to exist a certain time instant in the coming t2 time units, at which the mode of signal pred4 until then the pred3",temporal_response
always ( (pred1 and pred2) and pred3 -> (pred4 and pred5) or (pred6 and pred7) ),"Globally, in case that the value of signal pred1 and pred2 and the value of signal pred3 then in response the pred4 and pred5 or pred6 and pred7 at once.",immediate_response
always ( fall (pred1) -> eventually [0:t1] (always [0:t2] (pred2)) ),"On condition that the event that the pred1 gets observed then all of the following conditions hold: at a time in the following t1 time units, for every time point within the subsequent t2 time units, consecutively the value of pred2",stabilization_recurrence
always ( (pred1 and pred2) until (pred3 and pred4) -> always [val1:t1] (not (pred5)) ),"If the pred1 and pred2 until the value of pred3 and pred4 eventually, which is detected at sometime in the future before the end of the execution, then in response pred5 for the subsequent t1 time units.",temporal_response
always ( fall (pred1 and pred2) -> always [0:t1] (eventually (pred3 and pred4)) ),"It is always the case that when the scenario that the pred1 and pred2 is detected, then all of the following conditions hold: for each moment during the first t1 time units there will have to exist sometime in the future before the simulation ends, at which the value of pred3 and pred4 eventually.",stabilization_recurrence
always ( pred1 -> always [t1:t2] (eventually [t3:t4] (not (pred2))) ),Everytime when the value of signal pred1 then all of the following conditions are true: for every moment in the subsequent t1 to t2 time units eventually pred2 at a certain moment within the coming t3 to t4 time units.,stabilization_recurrence
eventually [0:t1] (fall (pred1) and not (pred2)),"At a time in the first t1 time units eventually the event that the pred1 will take place, and pred2 eventually.",invariance_reachability
eventually [0:t1] (rise (pred1) and (pred2 and pred3)),"At sometime in less than t1 time units, the event that the value of signal pred1 will have to ultimately get observed, and the value of pred2 and pred3",invariance_reachability
always ( pred1 or pred2 -> pred3 or not (pred4) ),"Globally, everytime when pred1 or pred2 then all of the following conditions hold: the mode of pred3 in no time, or at the same time instant the pred4",immediate_response
eventually [0:t1] (pred1),"At a certain time point within t1 time units, the pred1",invariance_reachability
always ( rise (pred1) -> eventually [0:t1] (pred2) ),"On condition that the scenario that the pred1 is detected, then the following condition is true: there needs to exist a certain time instant during the next t1 time units, at which ultimately the pred2",temporal_response
always ( rise (pred1) -> rise (pred2) and (pred3 and pred4) ),Everytime when the scenario that pred1 is observed then the following condition holds: the event that the value of pred2 will have to get detected without any delay and pred3 and pred4 right away.,immediate_response
always ( rise (pred1) and pred2 -> (pred3) until [t1:t2] (rise (pred4)) ),"Globally, if the scenario that the value of pred1 is observed and the value of signal pred2 then all of the following conditions are true: there must eventually exist a certain time point within the next t1 to t2 time units, at which the scenario that the value of pred4 will have to get detected, and before that without interruption the value of pred3",temporal_response
always ( rise (pred1) -> historically [0:t1] (pred2) ),It is always the case that if the transition action that the value of pred1 gets observed then in response the value of pred2 and then have been continuing like this consistently for the elapsed t1 time units.,temporal_response
eventually (pred1),The pred1 ultimately at a certain time instant in the future before the end of the execution.,invariance_reachability
eventually [0:t1] (pred1 or pred2),"At a time starting at most t1 time units, finally the value of signal pred1 or the value of signal pred2 eventually.",invariance_reachability
always ( rise (pred1) -> always [0:t1] (eventually (rise (pred2))) ),"If the transition action that the pred1 happens, then all of the following conditions hold: for every time point within the first t1 time units eventually there shall exist sometime in the future before the end of the simulation, at which the scenario that the value of pred2 should be detected.",stabilization_recurrence
eventually [t1:t2] (rise (pred1 and pred2) or (pred3 and pred4)),At a time during the first t1 to t2 time units the pred1 and pred2 or eventually pred3 and pred4,invariance_reachability
always [0:t1] (pred1 and pred2),For each time point within the first t1 time units the value of signal pred1 without interruption and the pred2,invariance_reachability
always ( rise (pred1) -> eventually [t1:t2] (always [0:t3] (pred2)) ),"When the scenario that the state of pred1 takes place, then in response there shall be ultimately a time within the subsequent t1 to t2 time units, after which the pred2 then consistently this scenario has to continue for each time instant within the next t3 time units.",stabilization_recurrence
always ( pred1 or fall (pred2) -> rise (once [t1:t2] (pred3)) ),"Globally, everytime when the value of pred1 or the scenario that the value of signal pred2 is observed, then the subsequent condition should change from false to true: once there would be a certain moment within the last t1 to t2 time units, at which pred3",temporal_response
eventually [t1:t2] (pred1),"Finally there must be sometime during the first t1 to t2 time units, at which the value of pred1",invariance_reachability
always ( fall (pred1 and pred2) -> not (pred3) ),"Whenever the transition action that the value of pred1 and pred2 takes place, then the following condition is true: starting without any delay the state of signal pred3",immediate_response
always ( fall (pred1 and pred2) -> pred3 and pred4 ),"It is always the case that whenever the event that pred1 and pred2 is detected, then the following condition is true: simultaneously pred3 and pred4",immediate_response
always [0:t1] (pred1 and pred2),For more than t1 time units pred1 without interruption and the pred2,invariance_reachability
always ( rise (pred1 and pred2) -> eventually [t1:t2] (always [0:t3] (not (pred3))) ),"Globally, in case that the scenario that the value of signal pred1 and pred2 is detected then there should exist a certain time instant during the coming t1 to t2 time units finally, at which pred3 for every moment within the following t3 time units.",stabilization_recurrence
always ( rise (pred1) -> not rise (eventually (pred2)) ),"Globally, when the scenario that the value of signal pred1 gets detected, then in response the subsequent condition is not detected to shift from false to true: there will exist a certain time point in the future before the simulation ends, at which ultimately the value of pred2",temporal_response
always ( pred1 -> not (pred2) or pred3 ),During the interval that the value of signal pred1 then all of the following conditions are true: at the same time the value of pred2 or the value of signal pred3 promptly.,immediate_response
always [0:t1] (pred1 or pred2),For more than t1 time units the mode of signal pred1 or consecutively the value of signal pred2,invariance_reachability
always [val1:t1] (pred1),Consecutively the value of signal pred1 for each time point within t1 time units.,invariance_reachability
always (pred1 and not (pred2 and pred3)),In the future until the simulation ends the pred1 and continuously pred2 and pred3,invariance_reachability
always ((pred1 and pred2) and pred3),In the future till the end of the simulation without interruption pred1 and pred2 and the pred3,invariance_reachability
always ( rise (pred1) -> (pred2) until [val2:t1] (pred3) ),It is always the case that in case that the transition action that the state of signal pred1 gets detected then the following condition is true: pred2 and this condition sustains all the time till the value of pred3 which will have to ultimately get observed at a certain time point in the first t1 time units.,temporal_response
always ( rise (pred1) -> pred2 ),It is always the case that when the scenario that the value of signal pred1 takes place then the following condition is true: the pred2,immediate_response
always ( fall (pred1) -> always [t1:t2] (eventually (pred2)) ),"It is always the case that whenever the scenario that the state of signal pred1 happens then all of the following conditions hold: for each moment in the next t1 to t2 time units, finally the pred2 at a certain time instant in the future before the end of the simulation.",stabilization_recurrence
always ( pred1 -> pred2 ),Whenever the pred1 then all of the following conditions hold: immediately the value of signal pred2,immediate_response
always ( rise (pred1) -> always [0:t1] (eventually [0:t2] (rise (pred2))) ),"It is always the case that in case that the event that pred1 takes place then for every time instant during the next t1 time units at a time in the subsequent t2 time units, the event that the pred2 must eventually happen.",stabilization_recurrence
always ( not (always [t1:t2] (pred1)) -> eventually [t3:t4] (always [t5:t6] (pred2)) ),"Globally, everytime when the value of pred1 for every time point during the following t1 to t2 time units, then finally there will be a time in the subsequent t3 to t4 time units, at which pred2 and must stay at this state consecutively for every moment in the following t5 to t6 time units.",stabilization_recurrence
always ( fall (pred1) and pred2 -> always [0:t1] (eventually [t2:t3] (pred3 and pred4)) ),"When the event that the value of signal pred1 is detected and the mode of signal pred2 then in response for every time point in the subsequent t1 time units, at sometime in the coming t2 to t3 time units, the value of pred3 and pred4",stabilization_recurrence
always ( rise (pred1) -> always [0:t1] (eventually [0:t2] (pred2)) ),"Globally, when the transition action that pred1 gets detected, then all of the following conditions hold: for every moment during the next t1 time units, eventually the pred2 at a certain time point in the subsequent t2 time units.",stabilization_recurrence
always [t1:t2] (not (pred1)),For each time instant during the first t1 to t2 time units the value of signal pred1,invariance_reachability
always ( not ((pred1 and pred2) since [0:t1] (pred3)) -> eventually [0:t2] (always [0:t3] (pred4)) ),"It is always the case that if the following condition is not true: there existed a certain time instant during the last t1 time units, at which once the state of signal pred3 and after that the pred1 and pred2 then in response after a time starting at most t2 time units for each moment within the subsequent t3 time units, the pred4 consecutively.",stabilization_recurrence
always ( rise (pred1) -> eventually [0:t1] (always [0:t1] (pred2 and pred3)) ),"When the scenario that the value of signal pred1 gets detected then in response eventually there will be a certain time instant in the first t1 time units, after which pred2 and pred3 during the following t1 time units.",stabilization_recurrence
always ( not (pred1) -> always [0:t1] (eventually [0:t2] (rise (pred2))) ),"As soon as the value of signal pred1 then in response for every time point during the next t1 time units there ought to be sometime in the first t2 time units, at which the pred2 finally.",stabilization_recurrence
always ( fall (pred1) -> not (always [0:t1] (not (pred2 and pred3))) ),It is always the case that whenever the value of signal pred1 then the condition that without interruption the value of signal pred2 and pred3 for each moment within the next t1 time units ought not to be true.,temporal_response
always ( pred1 or (pred2 and pred3) -> always [0:t1] (eventually [0:t2] (pred4)) ),"Globally, if the pred1 or the value of signal pred2 and pred3 then for every time point within the subsequent t1 time units, there should be finally sometime during the subsequent t2 time units, at which the pred4",stabilization_recurrence
always ( rise (pred1) -> (pred2) until (pred3) ),"Globally, if the transition action that the pred1 takes place, then in response the value of signal pred2 then this condition ought to sustain consistently until the value of signal pred3 finally at a time in the future.",temporal_response
eventually (pred1),"At a certain moment in the future, the state of signal pred1 finally.",invariance_reachability
always (not (pred1)),pred1 in the future until the end of the execution.,invariance_reachability
eventually [0:t1] (pred1),"There has to be a certain moment starting at most t1 time units finally, at which the mode of signal pred1",invariance_reachability
always ( historically (pred1) -> always [0:t1] (pred2) ),"In the case in the past since the start of the simulation, consecutively the pred1 then the pred2 and will stay like that consecutively for each time instant in the following t1 time units.",temporal_response
always ( rise (pred1) -> always [0:t1] (eventually [0:t2] (pred2)) ),"Globally, everytime when the event that the value of pred1 gets observed, then in response for each time point in the following t1 time units ultimately there has to be a certain moment within the following t2 time units, at which pred2",stabilization_recurrence
always [t1:t2] (pred1),Continuously pred1 for each time point within t1 to t2 time units.,invariance_reachability
always (pred1),The value of signal pred1 without interruption in the future.,invariance_reachability
eventually [t1:t2] (pred1 or pred2),"There should be a certain time instant in the first t1 to t2 time units, at which ultimately the value of pred1 or the pred2",invariance_reachability
always [0:t1] ((pred1 and pred2) and pred3),For each time point in the first t1 time units the pred1 and pred2 uninterruptedly and the state of pred3 continuously.,invariance_reachability
eventually [t1:t2] (rise (pred1 and pred2) or pred3),"There needs to be a time within the first t1 to t2 time units, at which ultimately the transition action that pred1 and pred2 needs to get observed, or the value of signal pred3",invariance_reachability
always ( not (pred1) and fall (pred2) -> pred3 and pred4 ),"It is always the case that when the value of signal pred1 and the scenario that the pred2 is observed, then all of the following conditions hold: pred3 and pred4",immediate_response
always ( not (pred1) and rise (pred2) -> not (pred3) and pred4 ),"It is always the case that if the value of pred1 and the scenario that the pred2 is detected, then the following condition holds: at the same time point the value of signal pred3 and without any delay the state of signal pred4",immediate_response
always [0:t1] (pred1),The state of signal pred1 during the first t1 time units.,invariance_reachability
always ( rise (pred1) -> always [0:t1] (eventually [0:t2] (rise (pred2 and pred3))) ),"It is always the case that everytime when the transition action that the value of pred1 takes place, then all of the following conditions are true: for every time instant in the coming t1 time units, at sometime starting at most t2 time units, ultimately pred2 and pred3",stabilization_recurrence
always ( pred1 -> pred2 ),"Globally, everytime when pred1 then all of the following conditions are true: at the same time pred2",immediate_response
always ( rise (pred1) -> always [val2:t1] (eventually [val2:t2] (pred2)) ),"Globally, when the event that pred1 is observed then all of the following conditions are true: for every time instant within the subsequent t1 time units, there has to be sometime within the subsequent t2 time units finally, at which pred2",stabilization_recurrence
always ( rise (pred1 and pred2) -> pred3 ),"It is always the case that when the event that the value of signal pred1 and pred2 is observed, then the following condition is true: at once the value of signal pred3",immediate_response
always [val1:t1] (pred1),"For every time point within t1 time units, the value of signal pred1 continuously.",invariance_reachability
eventually (rise (pred1 and pred2)),"There shall be a certain time instant in the future before the end of the simulation finally, at which the scenario that the value of signal pred1 and pred2 must happen.",invariance_reachability
always ( once (pred1) -> always [0:t1] (eventually [0:t2] (rise (pred2))) ),"If there existed a time in the past starting from the beginning of the simulation, at which once the value of pred1 then in response for every time point within the subsequent t1 time units pred2 at a time after at most t2 time units.",stabilization_recurrence
always ( fall (pred1) -> (pred2) since [0:t1] (rise (pred3)) ),"Globally, whenever the scenario that the pred1 gets detected then all of the following conditions are true: at a time before at most t1 time units, the scenario that the value of pred3 ought to be observed, and after that the mode of signal pred2",temporal_response
always ( (pred1 and pred2) and not (pred3) -> always [t1:t2] (eventually [0:t3] (not (pred4))) ),"When the pred1 and pred2 and the pred3 then all of the following conditions hold: for each time instant during the first t1 to t2 time units, there must be finally a certain time point after at most t3 time units, at which the state of signal pred4",stabilization_recurrence
eventually [0:t1] (rise (pred1)),The event that the value of signal pred1 shall happen finally at a certain time point in less than t1 time units.,invariance_reachability
always ( pred1 or (pred2 and pred3) -> fall (once (rise (pred4))) ),"It is always the case that when the value of pred1 or pred2 and pred3 then the following condition shall be observed to change from true to false: there existed a time in the past from the beginning of the simulation, at which pred4",temporal_response
always ( pred1 -> (pred2) until [t1:t2] (pred3 and pred4) ),"Globally, when the value of pred1 then the following condition holds: the pred2 continuously until the value of pred3 and pred4 finally, which will have to get detected at a certain time point during the next t1 to t2 time units.",temporal_response
eventually [0:t1] (pred1),Ultimately the pred1 at a time starting at most t1 time units.,invariance_reachability
always ( rise (pred1) -> always [0:t1] (pred2) ),"In case that the event that the value of pred1 takes place, then the value of signal pred2 and continuously this scenario needs to remain for every time instant within the first t1 time units.",temporal_response
always [0:t1] (pred1 or pred2),"For each time point within t1 time units, the pred1 without interruption, or consecutively the state of pred2",invariance_reachability
always ( always [0:t1] (pred1) -> eventually [0:t2] (always [0:t3] (pred2)) ),"Globally, in case that the value of pred1 and this condition lasts consistently for each time point during the following t1 time units, then all of the following conditions are true: there should exist sometime within the subsequent t2 time units eventually, at which within the coming t3 time units, the pred2 all the time.",stabilization_recurrence
always ( (pred1 and pred2) since [t1:t2] (pred3) -> not (eventually [0:t3] (rise (pred4))) ),"In case that once pred3 at a certain time instant in the elapsed t1 to t2 time units, and after this the value of signal pred1 and pred2 consistently then in response there isn't any time point in the following t3 time units, at which the transition action that the state of pred4 gets detected.",temporal_response
eventually [t1:t2] (pred1),"At a time during the first t1 to t2 time units, the value of signal pred1",invariance_reachability
always ( not ((pred1 and pred2) since [0:t1] (pred3)) -> always [0:t2] (eventually [0:t3] (rise (pred4))) ),"Whenever the condition that the pred1 and pred2 without interruption since pred3 at a certain time instant before at most t1 time units isn't true then in response for each moment in the following t2 time units, the scenario that the mode of signal pred4 shall happen ultimately at a certain moment after at most t3 time units.",stabilization_recurrence
always ( rise (pred1) -> eventually [t1:t2] (always [t3:t4] (pred2 and pred3)) ),"Globally, when the transition action that pred1 gets detected, then the following condition is true: there will be eventually a certain moment during the following t1 to t2 time units, after which the value of pred2 and pred3 and then will hold like that for every time instant within the following t3 to t4 time units.",stabilization_recurrence
always ( rise (pred1) -> pred2 ),"Globally, when the event that the value of signal pred1 happens, then the following condition holds: the pred2 right away.",immediate_response
always [0:t1] (pred1 and pred2),Without interruption the value of signal pred1 and pred2 for at least t1 time units.,invariance_reachability
always ( rise (pred1) -> not (eventually [0:t1] (not (pred2 and pred3))) ),It is always the case that whenever the event that the value of pred1 is detected then in response the condition that finally the pred2 and pred3 at sometime within the subsequent t1 time units won't be true.,temporal_response
always ( pred1 or pred2 -> always [t1:t2] (eventually [0:t3] (rise (pred3))) ),"When the value of pred1 or the value of pred2 then all of the following conditions hold: for each time point within t1 to t2 time units, at sometime in the coming t3 time units, ultimately the transition action that the pred3 ought to take place.",stabilization_recurrence
always ( not (eventually [0:t1] (pred1)) -> always (not (pred2)) ),Everytime when the state of signal pred1 at any time point within the following t1 time units then all of the following conditions are true: pred2 and this scenario must hold consistently in the future until the end of the execution.,temporal_response
always ( (pred1 and pred2) or fall (pred3 and pred4) -> (pred5) until (fall (pred6)) ),If the pred1 and pred2 or the transition action that the value of pred3 and pred4 gets detected then finally the event that the pred6 should occur pred5,temporal_response
always ( once [val1:t1] (pred1) -> eventually (always [t2:t3] (not (pred2))) ),"When at a certain moment within the elapsed t1 time units the state of pred1 then all of the following conditions are true: eventually there needs to be sometime in the future before the execution ends, at which for each time point during the following t2 to t3 time units the pred2",stabilization_recurrence
always ( pred1 and pred2 -> eventually [0:t1] (always [0:t2] (pred3)) ),"Everytime when the pred1 and the value of signal pred2 then at a certain time instant during the coming t1 time units, pred3 and will be uninterruptedly keeping like this for every moment in the subsequent t2 time units.",stabilization_recurrence
eventually (pred1),The state of pred1 at sometime in the future before the end of the simulation.,invariance_reachability
always ( rise (pred1) -> always [0:t1] (eventually [0:t2] (pred2)) ),"It is always the case that everytime when the event that the state of signal pred1 takes place, then all of the following conditions hold: for each moment in the subsequent t1 time units, at a time in less than t2 time units, finally pred2",stabilization_recurrence
always ( pred1 and pred2 -> not (always [0:t1] (pred3)) ),"Globally, during the interval that the mode of signal pred1 and the value of signal pred2 then in response for each moment during the next t1 time units, the mode of signal pred3 uninterruptedly.",temporal_response
eventually [0:t1] (pred1 or pred2),"There is a certain time point within t1 time units, at which the value of pred1 or ultimately the value of signal pred2",invariance_reachability
always ( fall (pred1) -> eventually [0:t1] (always [0:t2] (pred2)) ),"Globally, in case that the event that pred1 occurs then all of the following conditions hold: there will be a time after at most t1 time units, after which for every time instant within t2 time units, pred2",stabilization_recurrence
always ( (pred1 and pred2) since [0:t1] (fall (pred3)) -> eventually [0:t2] (always [t3:t4] (pred4)) ),"It is always the case that if there was a certain time instant within the elapsed t1 time units, at which the scenario that the mode of pred3 would once happen, and after that the pred1 and pred2 continuously then all of the following conditions hold: after a certain time point during the first t2 time units, consistently the value of signal pred4 for every time instant in the following t3 to t4 time units.",stabilization_recurrence
always (pred1 or pred2),In the future before the end of the simulation consistently the state of pred1 or the value of signal pred2,invariance_reachability
always ( pred1 and pred2 -> eventually [t1:t2] (always [t3:t4] (pred3)) ),"Globally, while pred1 and pred2 then in response there should be eventually a certain moment in the following t1 to t2 time units, at which the mode of pred3 and this condition ought to consistently keep for each time point in the next t3 to t4 time units.",stabilization_recurrence
eventually [t1:t2] (not (pred1) and pred2),"At a certain time instant in the first t1 to t2 time units, pred1 ultimately and the value of signal pred2 ultimately.",invariance_reachability
always ( rise (pred1) -> always [t1:t2] (not fall (pred2)) ),"Globally, everytime when the transition action that pred1 is detected, then the following condition holds: without interruption the event that the state of signal pred2 never gets detected for each moment during the first t1 to t2 time units.",temporal_response
always [t1:t2] (pred1 or pred2),"For each time point during the first t1 to t2 time units, consecutively the value of pred1 or the value of signal pred2 uninterruptedly.",invariance_reachability
always ( (not (pred1)) since (pred2) -> (not (pred3 and pred4)) since (rise (pred5)) ),"On condition that pred1 then this condition has uninterruptedly held since at a certain time instant during the past pred2 then the following condition holds: at a time in the past from the start of the simulation, the event that the pred5 would be observed, and since then the value of pred3 and pred4",temporal_response
always ( rise (pred1) -> always (eventually (pred2 and pred3)) ),"It is always the case that in case that the event that the pred1 is observed then the following condition is true: for every time point in the future before the simulation ends there ought to be a certain time point in the future before the execution ends, at which finally the value of pred2 and pred3",stabilization_recurrence
always ( rise (pred1) -> always (pred2) ),Everytime when the value of pred1 then in the future before the end of the execution the mode of pred2 consistently.,temporal_response
always ( rise (pred1) -> pred2 and pred3 ),"Globally, if the transition action that the pred1 takes place, then the following condition holds: immediately pred2 and pred3",immediate_response
eventually [t1:t2] (rise (pred1) and pred2),"There has to exist sometime in the first t1 to t2 time units, at which ultimately pred1 and the state of pred2",invariance_reachability
always (pred1 and pred2),"In the future before the execution ends, uninterruptedly the pred1 and without interruption the value of pred2",invariance_reachability
always [t1:t2] (pred1 and pred2),"For every moment within the first t1 to t2 time units, the value of signal pred1 and pred2",invariance_reachability
always ( rise (pred1 and pred2) -> eventually [0:t1] (always (pred3)) ),"Whenever the transition action that the value of signal pred1 and pred2 gets detected then in response ultimately at a certain moment in the following t1 time units in the future until the end of the simulation, pred3",stabilization_recurrence
always [t1:t2] (pred1),For each time instant within t1 to t2 time units the pred1,invariance_reachability
always ( rise (pred1) -> pred2 ),As soon as the transition action that the value of signal pred1 gets observed then the following condition is true: the value of signal pred2 simultaneously.,immediate_response
always ( rise (pred1) -> always [0:t1] (eventually [0:t2] (pred2)) ),"It is always the case that when the scenario that the value of signal pred1 gets observed then all of the following conditions are true: for each time instant in the coming t1 time units at a certain time instant in the subsequent t2 time units, the mode of signal pred2",stabilization_recurrence
always ( rise (pred1) -> pred2 ),"Globally, when the transition action that the value of signal pred1 gets detected then the following condition is true: the value of signal pred2",immediate_response
always ( rise (pred1) and pred2 -> (pred3 and pred4) until (pred5) ),"Globally, if the transition action that pred1 gets observed, and pred2 then all of the following conditions hold: the pred3 and pred4 till there ultimately exists a certain time instant in the future before the execution ends, at which the mode of signal pred5",temporal_response
always ( fall (pred1 and pred2) -> eventually [0:t1] (always (pred3)) ),"If the transition action that pred1 and pred2 is observed, then the following condition is true: eventually at a certain moment during the coming t1 time units, the value of signal pred3 and then should keep like that in the future till the execution ends.",stabilization_recurrence
always ( rise (pred1 and pred2) -> (pred3 and pred4) until [0:t1] (fall (pred5 and pred6)) ),"It is always the case that if the transition action that the value of pred1 and pred2 gets detected, then all of the following conditions are true: there must exist a certain time point during the following t1 time units, at which the event that the value of signal pred5 and pred6 will ultimately take place, till then uninterruptedly the value of pred3 and pred4",temporal_response
eventually (pred1 and (pred2 and pred3)),"There has to be sometime in the future before the end of the execution, at which finally pred1 and the value of signal pred2 and pred3",invariance_reachability
always ( not (pred1) and pred2 -> eventually [0:t1] (always [0:t2] (pred3)) ),"It is always the case that everytime when pred1 and the value of signal pred2 then the following condition holds: ultimately after a certain time instant within the coming t1 time units, the mode of pred3 and then will have to continue like that without interruption within t2 time units.",stabilization_recurrence
always ( rise (pred1) -> eventually [0:t1] (always [t2:t3] (pred2)) ),"When the event that the value of pred1 happens then ultimately at a certain moment during the subsequent t1 time units, the value of pred2 uninterruptedly for each time point within the coming t2 to t3 time units.",stabilization_recurrence
always ( pred1 or fall (pred2) -> not (pred3) or pred4 ),"Globally, when the value of signal pred1 or the scenario that pred2 happens then all of the following conditions hold: the value of pred3 or the mode of pred4 at once.",immediate_response
always ( fall (pred1) -> pred2 ),"If the transition action that the pred1 gets detected, then the following condition is true: the pred2",immediate_response
always ( fall (pred1) -> rise (pred2) or pred3 ),In case that the scenario that pred1 occurs then all of the following conditions hold: without any delay the event that the value of signal pred2 will have to be detected or starting without any delay the value of signal pred3,immediate_response
eventually [0:t1] (fall (pred1) or not (pred2)),"There will have to exist a certain moment starting at most t1 time units, at which the transition action that the value of pred1 ultimately occurs, or the pred2",invariance_reachability
always [0:t1] (pred1),"For every time point within t1 time units, consistently the state of signal pred1",invariance_reachability
eventually [t1:t2] (pred1 and rise (pred2)),"There should be a time after between t1 to t2 time units, at which eventually the pred1 and ultimately the event that the pred2 must get observed.",invariance_reachability
always [t1:t2] (pred1),For every time point during the first t1 to t2 time units the pred1 consistently.,invariance_reachability
always ( historically [t1:t2] (pred1 and pred2) -> fall (always [t3:t4] (pred3)) ),In the case the value of pred1 and pred2 and this condition holds all the time for the last t1 to t2 time units then the condition that continuously the value of pred3 during the subsequent t3 to t4 time units needs to be observed to shift from true to false.,temporal_response
always ( fall (pred1) -> pred2 ),"It is always the case that in case that the scenario that the pred1 is detected, then the value of pred2 simultaneously.",immediate_response
always ( pred1 and pred2 -> always [0:t1] (pred3) ),It is always the case that whenever pred1 and the value of pred2 then in response pred3 uninterruptedly for every time point within the coming t1 time units.,temporal_response
always ( rise (pred1) -> eventually (always [t1:t2] (pred2)) ),"Globally, everytime when the transition action that the value of signal pred1 occurs then the following condition holds: there needs to eventually exist a certain time point in the future, at which for every time point within the subsequent t1 to t2 time units uninterruptedly the state of signal pred2",stabilization_recurrence
always ( rise (pred1 and pred2) -> always [0:t1] (eventually [0:t2] (fall (pred3))) ),"It is always the case that when the transition action that the value of pred1 and pred2 occurs, then in response for each time point within the subsequent t1 time units, at a certain time instant within the subsequent t2 time units the scenario that the mode of pred3 needs to get detected finally.",stabilization_recurrence
eventually (pred1),At a time in the future before the end of the simulation the value of pred1,invariance_reachability
eventually [t1:t2] (pred1),"At a certain time point starting between t1 to t2 time units, pred1",invariance_reachability
always ( rise (pred1 and pred2) -> pred3 ),"Globally, if the scenario that the pred1 and pred2 is detected, then the following condition holds: without any delay the pred3",immediate_response
always [0:t1] (pred1 or not (pred2)),"For each time instant in the first t1 time units, uninterruptedly the value of pred1 or pred2",invariance_reachability
always ( rise (pred1) -> pred2 ),"Everytime when the event that pred1 is detected, then the following condition is true: the value of signal pred2",immediate_response
always ( rise (pred1) -> (pred2 and pred3) and pred4 ),"In the case the transition action that the value of pred1 is detected, then in response right away the pred2 and pred3 and promptly the pred4",immediate_response
always ( pred1 or (pred2 and pred3) -> pred4 ),On condition that the value of pred1 or pred2 and pred3 then starting without any delay the pred4,immediate_response
always [0:t1] (pred1),"For every time point in the first t1 time units, the state of pred1 without interruption.",invariance_reachability
always ( rise (pred1) -> (pred2) since (pred3 and pred4) ),"It is always the case that in case that the scenario that the state of pred1 is detected, then in response the value of pred2 and then this scenario shall continue consistently since at a certain time point during the past the pred3 and pred4 once.",temporal_response
always ( not fall (historically [t1:t2] (pred1)) -> eventually [t3:t4] (always [t5:t6] (pred2)) ),"Globally, whenever the condition that pred1 during the past t1 to t2 time units does not shift from true to false then the following condition holds: finally after sometime within the subsequent t3 to t4 time units the value of pred2 and consecutively this condition needs to sustain for every moment during the subsequent t5 to t6 time units.",stabilization_recurrence
always [0:t1] ((pred1 and pred2) and pred3),"For the first t1 time units the pred1 and pred2 consistently, and pred3",invariance_reachability
always ( rise (pred1) -> eventually [0:t1] (fall (pred2)) ),"It is always the case that whenever the scenario that pred1 happens, then the following condition is true: at a certain time instant in the next t1 time units the transition action that pred2 must be ultimately detected.",temporal_response
eventually [t1:t2] ((pred1 and pred2) and pred3),At a certain time point starting between t1 to t2 time units the value of signal pred1 and pred2 eventually and ultimately the state of signal pred3,invariance_reachability
always ( rise (pred1) -> eventually (pred2) ),"Whenever the scenario that the value of signal pred1 gets detected, then all of the following conditions hold: there must be a certain moment in the future before the end of the execution, at which the value of signal pred2",temporal_response
always [0:t1] (pred1),"For each time point within t1 time units, the value of pred1",invariance_reachability
always ( not fall (pred1 and pred2) or pred3 -> pred4 and pred5 ),"If the event that pred1 and pred2 does not get detected, or the value of signal pred3 then the value of signal pred4 and pred5 in no time.",immediate_response
always ( (pred1) since [0:t1] (pred2) -> eventually [0:t2] (always (pred3)) ),"It is always the case that whenever pred2 once at sometime within the past t1 time units, and after this pred1 consecutively, then the following condition is true: there will have to be a certain moment in the subsequent t2 time units eventually, at which pred3 and this condition should consecutively hold in the future till the end of the simulation.",stabilization_recurrence
eventually [0:t1] (pred1),"Eventually there ought to be a certain time point within the first t1 time units, at which the pred1",invariance_reachability
always ( rise (pred1) -> (pred2) until [val3:t1] (rise (pred3)) ),"When the event that pred1 gets observed, then the following condition is true: the pred2 then this scenario shall continue consistently till eventually the scenario that the value of signal pred3 is detected at a certain time instant in the subsequent t1 time units.",temporal_response
always ( rise (pred1) -> eventually [t1:t2] (always (pred2)) ),"On condition that the scenario that the value of signal pred1 is observed then there ought to exist a certain moment during the subsequent t1 to t2 time units finally, at which the pred2 and always stays like this in the future until the end of the execution.",stabilization_recurrence
always ( historically [0:t1] (pred1) -> always [0:t2] (eventually (rise (pred2))) ),"When pred1 in the past t1 time units then for every time point during the coming t2 time units, at a certain time point in the future before the end of the execution, eventually the scenario that the state of signal pred2 is observed.",stabilization_recurrence
always ( once [0:t1] (pred1) -> not rise (eventually [0:t2] (pred2)) ),"Whenever once there will exist a certain time instant before at most t1 time units, at which the value of pred1 then in response the condition that the pred2 at sometime during the following t2 time units won't be detected to shift from false to true.",temporal_response
always ( rise (pred1 and pred2) -> (pred3) until [t1:t2] (not (pred4 and pred5)) ),"Everytime when the transition action that pred1 and pred2 gets observed then in response the mode of signal pred3 uninterruptedly till at sometime within the coming t1 to t2 time units, the value of signal pred4 and pred5 finally.",temporal_response
always ( pred1 -> (pred2) until [t1:t2] (pred3 and pred4) ),Whenever the value of signal pred1 then the state of pred2 and then uninterruptedly this condition shall keep till the value of signal pred3 and pred4 which shall be observed at a certain time instant within the following t1 to t2 time units.,temporal_response
always [t1:t2] (not fall (pred1 and pred2) and pred3),"Between t1 to t2 time units, the transition action that the value of signal pred1 and pred2 will not occur and consistently the value of pred3",invariance_reachability
always ( rise (pred1) -> rise (pred2 and pred3) ),"Globally, everytime when the transition action that the pred1 is detected, then the following condition is true: immediately the scenario that the value of signal pred2 and pred3 will happen.",immediate_response
always [0:t1] (pred1),pred1 uninterruptedly for each time instant during the first t1 time units.,invariance_reachability
always [0:t1] (pred1 or not (pred2)),"For every moment within the first t1 time units, the state of signal pred1 all the time or the pred2",invariance_reachability
always (pred1 and pred2),"In the future until the end of the simulation, the pred1 without interruption, and uninterruptedly the value of signal pred2",invariance_reachability
always ( fall (pred1) -> always [0:t1] (eventually [0:t2] (rise (pred2))) ),In the case the event that the state of signal pred1 happens then in response for every time point within the coming t1 time units at a certain time instant in less than t2 time units ultimately the transition action that the pred2 has to occur.,stabilization_recurrence
always [0:t1] (pred1 or pred2),"For every time point in the first t1 time units, the pred1 or pred2 continuously.",invariance_reachability
always ( rise (pred1) -> always (pred2) ),"In case that the scenario that the pred1 takes place, then in response the value of pred2 then uninterruptedly this scenario lasts in the future before the execution ends.",temporal_response
always ( rise (pred1) -> pred2 and (pred3 and pred4) ),"In case that the transition action that the value of pred1 occurs, then all of the following conditions hold: simultaneously the pred2 and at the same time point the value of pred3 and pred4",immediate_response
always ( rise (pred1 and pred2) -> (pred3 and pred4) and (pred5 and pred6) ),"In case that the scenario that the value of pred1 and pred2 is detected, then the following condition is true: the value of pred3 and pred4 and immediately the value of pred5 and pred6",immediate_response
always ( pred1 -> pred2 and pred3 ),If the value of signal pred1 then in response the value of signal pred2 and pred3,immediate_response
always ( eventually [0:t1] (pred1) -> not fall (eventually [t2:t3] (pred2)) ),"It is always the case that whenever eventually there exists a certain time point in less than t1 time units, at which the value of pred1 then the subsequent condition will not shift from true to false: at a certain moment in the following t2 to t3 time units, pred2",temporal_response
always [0:t1] (pred1),In the first t1 time units consecutively the value of signal pred1,invariance_reachability
always ( fall (pred1 and pred2) -> rise ((pred3) until (rise (pred4))) ),"On condition that the scenario that the value of pred1 and pred2 is observed, then the subsequent condition will have to be detected to change from false to true: the pred3 till the pred4 which will happen at a certain time point in the future before the end of the simulation.",temporal_response
always [0:t1] (pred1 and not (pred2 and pred3)),For every time instant within t1 time units the value of pred1 consecutively and the value of pred2 and pred3,invariance_reachability
always ( (pred1 and pred2) and pred3 -> eventually [0:t1] (always [0:t2] (pred4)) ),"Globally, if the value of signal pred1 and pred2 and the value of pred3 then in response there shall exist a certain moment during the next t1 time units finally, after which the pred4 and this condition consecutively holds for each time point in the following t2 time units.",stabilization_recurrence
always ( rise (pred1) and not (pred2) -> not (eventually [0:t1] (pred3 and pred4)) ),"It is always the case that in case that the scenario that pred1 happens, and the value of signal pred2 then in response the value of signal pred3 and pred4 at any moment during the first t1 time units.",temporal_response
always ( rise (pred1 and pred2) -> always [t1:t2] (eventually (rise (pred3))) ),If the transition action that the pred1 and pred2 takes place then all of the following conditions hold: for every time instant in the following t1 to t2 time units eventually the transition action that pred3 must be observed at a certain moment in the future.,stabilization_recurrence
always [0:t1] (pred1),"Within the first t1 time units, the value of signal pred1 uninterruptedly.",invariance_reachability
eventually (rise (pred1)),"There will have to be ultimately a certain time instant in the future before the end of the execution, at which the scenario that the value of signal pred1 shall occur.",invariance_reachability
always ( pred1 and pred2 -> eventually (always (not (pred3))) ),"In the event that pred1 and pred2 then the following condition holds: ultimately after a certain moment in the future before the end of the simulation, consecutively the state of pred3 in the future before the end of the simulation.",stabilization_recurrence
always [t1:t2] (pred1),Uninterruptedly pred1 for every moment within t1 to t2 time units.,invariance_reachability
always ( pred1 -> eventually [0:t1] (always [0:t2] (pred2)) ),"Globally, whenever the value of pred1 then after a certain time instant in the subsequent t1 time units, for every moment during the subsequent t2 time units, the value of pred2 continuously.",stabilization_recurrence
always [0:t1] (pred1),For every moment within t1 time units continuously pred1,invariance_reachability
always ( fall (pred1) -> historically [0:t1] (pred2) ),"It is always the case that when the scenario that the pred1 is observed, then the following condition holds: for the last t1 time units the mode of signal pred2 consistently.",temporal_response
always ( fall (pred1) -> pred2 ),"In the case the event that pred1 gets detected, then the following condition is true: at the same time the value of signal pred2",immediate_response
always ( rise (pred1) -> once [val2:t1] (pred2) ),"It is always the case that everytime when the transition action that pred1 happens then there would have to exist a certain time point during the past t1 time units, at which pred2",temporal_response
eventually [0:t1] (fall (pred1 and pred2)),"There ought to exist a certain moment during the first t1 time units, at which the transition action that the value of pred1 and pred2 takes place finally.",invariance_reachability
eventually [0:t1] (pred1),"At sometime within the first t1 time units, eventually the pred1",invariance_reachability
always [t1:t2] (pred1 or pred2),"For each time instant within t1 to t2 time units, the state of signal pred1 or the value of pred2",invariance_reachability
eventually [t1:t2] (pred1 or pred2),"There must exist a certain moment after between t1 to t2 time units, at which eventually pred1 or the pred2 finally.",invariance_reachability
always ( once (pred1) -> (pred2) until (fall (pred3)) ),"Globally, in case that there would be a time during the past, at which once the value of signal pred1 then the following condition is true: the value of signal pred2 then this scenario must continue consistently till eventually there exists a certain time instant in the future before the end of the simulation, at which the scenario that the state of signal pred3 gets observed.",temporal_response
always ( rise (pred1) -> not ((pred2) until [t1:t2] (pred3)) ),"It is always the case that when the event that the pred1 is observed, then the following condition should not be true: uninterruptedly the value of signal pred2 until ultimately the mode of signal pred3 which is detected at a certain moment in the following t1 to t2 time units.",temporal_response
always ( pred1 -> pred2 ),If the state of signal pred1 then all of the following conditions hold: immediately the value of pred2,immediate_response
always ( fall (pred1) -> eventually [0:t1] (pred2) ),"In case that the event that the pred1 occurs then the following condition holds: there must be ultimately a time during the following t1 time units, at which the pred2",temporal_response
always ( fall (pred1 and pred2) -> eventually [0:t1] (not (pred3)) ),"Everytime when the transition action that the pred1 and pred2 occurs, then all of the following conditions hold: at a certain moment within t1 time units, the value of signal pred3",temporal_response
eventually [t1:t2] (pred1 and pred2),"At a certain moment in the first t1 to t2 time units, ultimately the pred1 and the mode of pred2",invariance_reachability
eventually (rise (pred1)),"At a certain time instant in the future before the end of the simulation, eventually the event that the value of pred1 needs to be detected.",invariance_reachability
eventually (rise (pred1) or pred2),"At a certain time instant in the future before the end of the simulation, the transition action that pred1 has to get detected finally or the mode of signal pred2",invariance_reachability
always ( not (pred1) -> pred2 ),During the interval that the value of pred1 then all of the following conditions hold: starting without any delay the pred2,immediate_response
always [t1:t2] (not (pred1)),The value of pred1 for each time point in the first t1 to t2 time units.,invariance_reachability
always ( fall (pred1) -> not (pred2) ),"It is always the case that whenever the event that pred1 gets observed, then all of the following conditions are true: at once the pred2",immediate_response
always ( pred1 -> pred2 and pred3 ),During the interval that the value of pred1 then pred2 and the pred3 right away.,immediate_response
eventually [0:t1] (pred1 and pred2),"There should exist a certain time instant in less than t1 time units, at which pred1 and pred2",invariance_reachability
always [0:t1] (pred1),"For each time instant within the first t1 time units, the state of pred1 without interruption.",invariance_reachability
always ( pred1 -> eventually [0:t1] (always [t2:t3] (pred2)) ),"While the value of pred1 then the following condition holds: eventually after a certain time point during the subsequent t1 time units, pred2 and then this scenario should uninterruptedly remain for each moment during the following t2 to t3 time units.",stabilization_recurrence
always (pred1 and pred2),In the future until the execution ends the value of pred1 and uninterruptedly the value of signal pred2,invariance_reachability
always [t1:t2] (pred1 or pred2),"In the first t1 to t2 time units the value of signal pred1 consecutively, or the value of pred2",invariance_reachability
eventually (pred1),The state of signal pred1 at a certain moment in the future before the end of the simulation.,invariance_reachability
always ( rise (pred1) -> (pred2 and pred3) and (pred4 and pred5) ),"Globally, whenever the event that pred1 happens then the following condition holds: without any delay the pred2 and pred3 and pred4 and pred5 immediately.",immediate_response
always ( pred1 and rise (pred2) -> always [0:t1] (eventually [0:t2] (rise (pred3 and pred4))) ),"Globally, whenever the value of pred1 and the scenario that the value of signal pred2 gets observed, then the following condition is true: for each moment during the next t1 time units, at a time within t2 time units, the scenario that the value of pred3 and pred4 needs to be eventually detected.",stabilization_recurrence
always [t1:t2] (pred1 and pred2),"In the first t1 to t2 time units the value of pred1 continuously, and the state of pred2 continuously.",invariance_reachability
always ( rise (pred1) -> pred2 or fall (pred3) ),"On condition that the event that pred1 occurs, then the following condition holds: at the same time instant the value of pred2 or the transition action that pred3 ought to be observed instantly.",immediate_response
always [0:t1] (not (pred1)),"For each time instant in the first t1 time units, consecutively pred1",invariance_reachability
eventually (rise (pred1) and pred2),"At a certain time point in the future before the end of the execution the event that pred1 needs to get detected ultimately, and pred2",invariance_reachability
always ( fall (pred1 and pred2) -> eventually (always [t1:t2] (not (pred3))) ),"It is always the case that if the event that the value of pred1 and pred2 gets detected then all of the following conditions hold: there should be a certain time instant in the future before the execution ends, at which within t1 to t2 time units continuously the pred3",stabilization_recurrence
always ( not (historically [t1:t2] (pred1)) -> always [0:t2] (eventually [0:t3] (fall (pred2))) ),"It is always the case that when within the elapsed t1 to t2 time units, pred1 then for every time instant in the first t2 time units, there shall be a time within the first t3 time units, at which the event that the mode of pred2 should get detected finally.",stabilization_recurrence
always ( (pred1) since [0:t1] (pred2) -> eventually (always [t2:t3] (not (pred3))) ),"It is always the case that when there will be a certain time instant during the last t1 time units, at which the value of pred2 and after this the value of signal pred1 then the following condition holds: there must eventually exist sometime in the future, at which without interruption the value of pred3 for every moment during the next t2 to t3 time units.",stabilization_recurrence
always ( pred1 or (pred2 and pred3) -> rise (pred4) ),"Globally, when pred1 or pred2 and pred3 then the transition action that the pred4 is observed in no time.",immediate_response
always [0:t1] (pred1 or pred2),"For every time instant within t1 time units, the value of signal pred1 or pred2 all the time.",invariance_reachability
always ( rise (pred1) -> pred2 ),"It is always the case that whenever the scenario that the pred1 is detected, then the following condition holds: the mode of signal pred2 right away.",immediate_response
always [0:t1] (pred1),For every time point in the first t1 time units the value of pred1 all the time.,invariance_reachability
always ( not rise (pred1) and not (pred2) -> (pred3) until (not (pred4)) ),"In case that the transition action that pred1 does not get observed and the mode of pred2 then all of the following conditions hold: eventually there shall exist a certain time point in the future before the end of the simulation, at which the value of signal pred4 until then pred3 continuously.",temporal_response
always ( fall (pred1) -> eventually [0:t1] (always [0:t2] (pred2)) ),"It is always the case that when the transition action that the pred1 takes place, then all of the following conditions hold: eventually there ought to be a certain moment during the subsequent t1 time units, at which the state of signal pred2 and this condition uninterruptedly lasts for each time instant within the coming t2 time units.",stabilization_recurrence
always ( pred1 or pred2 -> (not (pred3)) until [t1:t2] (pred4 and pred5) ),"Globally, everytime when the value of signal pred1 or pred2 then the following condition is true: the value of pred3 and ought to consistently continue like this till pred4 and pred5 at sometime in the following t1 to t2 time units.",temporal_response
always ( rise (pred1) -> pred2 and pred3 ),Whenever the event that the value of signal pred1 takes place then the following condition holds: the pred2 immediately and simultaneously the pred3,immediate_response
always ( not (pred1) and pred2 -> always [0:t1] (pred3) ),"In case that pred1 and the value of pred2 then the following condition holds: in the first t1 time units, pred3",temporal_response
always [t1:t2] (not (pred1)),For every moment within t1 to t2 time units without interruption the pred1,invariance_reachability
always ( rise (pred1) -> pred2 ),"Globally, everytime when the event that the state of signal pred1 gets observed then the following condition is true: the value of pred2",immediate_response
always ( pred1 -> always (pred2) ),"Globally, in case that the pred1 then all of the following conditions hold: in the future before the end of the execution the value of pred2 consecutively.",temporal_response
always ( rise (pred1) -> not fall (pred2) ),Whenever the value of signal pred1 then all of the following conditions hold: in no time the event that pred2 should not occur.,immediate_response
always ( once [val1:t1] (pred1) -> historically (pred2 and pred3) ),"Globally, in case that at sometime within the elapsed t1 time units, the value of pred1 then the following condition is true: in the past since the start of the execution the pred2 and pred3",temporal_response
always ( (not (pred1 and pred2)) since [t1:t2] (pred3) -> eventually (pred4) ),"Everytime when the value of pred1 and pred2 consecutively since the pred3 which gets detected at a certain time point during the past t1 to t2 time units once, then there has to be sometime in the future before the end of the execution, at which eventually the pred4",temporal_response
always ( fall (pred1 and pred2) -> rise (always [0:t1] (pred3 and pred4)) ),"Whenever the transition action that the pred1 and pred2 occurs, then in response the subsequent condition has to change from false to true: the pred3 and pred4 and then this scenario will be remaining consistently for each moment within the coming t1 time units.",temporal_response
always (pred1),The mode of signal pred1 in the future until the end of the simulation.,invariance_reachability
always ( rise (pred1) -> eventually [t1:t2] (always (pred2)) ),"It is always the case that when the scenario that the pred1 occurs then eventually at a time within the first t1 to t2 time units, in the future before the end of the simulation, consistently the state of pred2",stabilization_recurrence
always ( pred1 -> not fall (pred2) and rise (pred3) ),It is always the case that in case that the state of pred1 then all of the following conditions are true: the event that the value of pred2 does not take place and the pred3 starting without any delay.,immediate_response
always ( rise (pred1) -> always [0:t1] (eventually [0:t2] (pred2)) ),"When the value of pred1 then in response for every time point during the subsequent t1 time units, ultimately the value of signal pred2 at a certain time point within the coming t2 time units.",stabilization_recurrence
always ( fall (pred1) -> eventually [t1:t2] (always [t3:t4] (pred2)) ),"Globally, whenever the event that the value of signal pred1 happens, then all of the following conditions hold: there finally exists sometime in the first t1 to t2 time units, at which the value of signal pred2 without interruption for each time instant within the next t3 to t4 time units.",stabilization_recurrence
always ( rise (pred1) -> once [t1:t2] (pred2) ),"It is always the case that if the transition action that the value of pred1 happens then all of the following conditions hold: there would have to be a certain time instant in the elapsed t1 to t2 time units once, at which the mode of signal pred2",temporal_response
always ( pred1 and rise (pred2) -> pred3 ),In the case the pred1 and the transition action that the value of pred2 gets detected then without any delay the value of signal pred3,immediate_response
always ( fall (pred1) -> not (eventually (pred2 and pred3)) ),Everytime when the scenario that the pred1 gets observed then in response at any time point in the future before the execution ends pred2 and pred3,temporal_response
always ( not ((pred1) until (pred2 and pred3)) -> eventually [0:t1] (always [0:t2] (pred4)) ),In case that the condition that the value of signal pred1 till pred2 and pred3 ultimately at pred4 and then must remain like this uninterruptedly for every moment in the coming t2 time units.,stabilization_recurrence
eventually [0:t1] (not fall (pred1)),"There must be eventually a certain moment in less than t1 time units, at which the event that pred1 shan't be detected.",invariance_reachability
always ( rise (pred1) or rise (pred2) -> pred3 and pred4 ),"In case that the scenario that the pred1 occurs, or the event that the value of signal pred2 gets detected then the following condition holds: the value of pred3 and pred4 immediately.",immediate_response
always ( not fall (pred1) and pred2 -> not rise ((pred3) until (fall (pred4))) ),"Globally, while the scenario that the value of signal pred1 does not get observed, and the value of pred2 then the subsequent condition is not observed to shift from false to true: the pred3 till the transition action that pred4 is eventually detected at a certain time point in the future before the end of the execution.",temporal_response
always ( fall (pred1) -> eventually [0:t1] (always [0:t2] (pred2)) ),It is always the case that whenever the transition action that the state of pred1 takes place then in response after a certain moment within the first t1 time units the pred2 then this scenario must keep uninterruptedly for every time point within t2 time units.,stabilization_recurrence
always [0:t1] (pred1 and pred2),For every time instant in the first t1 time units pred1 and the value of pred2,invariance_reachability
always ( rise (pred1) -> pred2 and pred3 ),As soon as the scenario that the pred1 gets detected then all of the following conditions hold: in no time the value of signal pred2 and pred3,immediate_response
always ( fall (pred1) -> pred2 and pred3 ),"Globally, everytime when the event that the pred1 takes place then all of the following conditions are true: the pred2 and pred3 without any delay.",immediate_response
always ( rise (pred1) -> eventually [t1:t2] (always [t3:t4] (pred2)) ),"On condition that the scenario that pred1 is detected then there needs to exist sometime during the subsequent t1 to t2 time units ultimately, at which the value of pred2 and then will stay like that uninterruptedly for every time point within the following t3 to t4 time units.",stabilization_recurrence
eventually [t1:t2] (pred1 and (pred2 and pred3)),"There will have to be a certain time point after between t1 to t2 time units, at which finally the pred1 and the value of pred2 and pred3",invariance_reachability
always ( historically [0:t1] (pred1) -> always [t2:t3] (eventually [0:t4] (pred2)) ),"Globally, everytime when during the past t1 time units the pred1 then all of the following conditions hold: for each time point in the subsequent t2 to t3 time units the pred2 finally at sometime within t4 time units.",stabilization_recurrence
eventually [0:t1] (pred1 and pred2),"There needs to be a certain time instant within t1 time units, at which the value of signal pred1 eventually, and the pred2",invariance_reachability
always (not (pred1)),"In the future, continuously the pred1",invariance_reachability
eventually [0:t1] (fall (pred1 and pred2) and pred3),"At a time starting at most t1 time units, eventually the transition action that pred1 and pred2 must occur and finally the mode of signal pred3",invariance_reachability
always [0:t1] (not (pred1) or pred2),"For each moment in the first t1 time units, continuously the pred1 or consecutively the value of pred2",invariance_reachability
always ( fall (pred1) -> always [0:t1] (eventually [0:t2] (pred2 and pred3)) ),"Globally, whenever the scenario that the value of signal pred1 gets observed then in response for every time instant in the first t1 time units, there will have to exist a certain time instant after at most t2 time units, at which the value of pred2 and pred3 ultimately.",stabilization_recurrence
always [t1:t2] (pred1),"For each time point in the first t1 to t2 time units, the value of signal pred1 continuously.",invariance_reachability
always ( rise (pred1) -> always (pred2) ),Whenever the event that the pred1 is observed then the following condition holds: in the future before the execution ends uninterruptedly the value of signal pred2,temporal_response
always [0:t1] (pred1),Consistently the pred1 for the first t1 time units.,invariance_reachability
eventually [0:t1] (rise (pred1 and pred2)),"Eventually there has to be a certain time point within the first t1 time units, at which the transition action that the pred1 and pred2 must be detected.",invariance_reachability
always [0:t1] (pred1),The pred1 for every moment within the first t1 time units.,invariance_reachability
always ( fall (pred1 and pred2) -> always (pred3) ),"Everytime when the event that pred1 and pred2 happens, then the following condition is true: the pred3 and must continue like that consistently in the future before the end of the simulation.",temporal_response
always ( rise (pred1 and pred2) -> eventually [0:t1] (pred3) ),"If the scenario that pred1 and pred2 is detected, then all of the following conditions hold: there has to be a certain time instant within the first t1 time units ultimately, at which the pred3",temporal_response
always ( (pred1) since [0:t1] (pred2 and pred3) -> always [0:t2] (eventually (rise (pred4))) ),"Everytime when pred1 uninterruptedly since the value of pred2 and pred3 once, which would get detected at sometime within the last t1 time units, then all of the following conditions are true: for each moment in the subsequent t2 time units there must exist a certain time point in the future, at which the transition action that pred4 shall eventually take place.",stabilization_recurrence
eventually [0:t1] (rise (pred1 and pred2)),"There ought to be a certain time instant in the first t1 time units, at which the event that the pred1 and pred2 will have to be detected ultimately.",invariance_reachability
always (not (pred1)),The state of pred1 in the future until the simulation ends.,invariance_reachability
always ( rise (pred1 and pred2) -> eventually [0:t1] (always [0:t2] (pred3)) ),"When the event that the value of pred1 and pred2 takes place, then in response eventually there should exist a time within t1 time units, after which during the coming t2 time units the state of signal pred3 uninterruptedly.",stabilization_recurrence
eventually [t1:t2] (pred1 or (pred2 and pred3)),"There will exist a certain time instant during the first t1 to t2 time units, at which the pred1 eventually, or ultimately pred2 and pred3",invariance_reachability
always ( rise (once [t1:t2] (rise (pred1))) -> (pred2) since [0:t3] (rise (pred3 and pred4)) ),"Globally, when the subsequent condition will shift from false to true: the scenario that the value of pred1 will occur at a time in the elapsed t1 to t2 time units then in response at a time within the last t3 time units the transition action that the value of pred3 and pred4 got detected once, since then pred2 consecutively.",temporal_response
always ( pred1 -> (pred2 and pred3) and not fall (pred4 and pred5) ),It is always the case that while the state of pred1 then the following condition holds: right away pred2 and pred3 and right away the transition action that the value of signal pred4 and pred5 will never take place.,immediate_response
always ( pred1 or rise (pred2) -> eventually [0:t1] (always [0:t2] (pred3 and pred4)) ),"Globally, everytime when the value of pred1 or the event that the value of pred2 happens then in response at a certain time instant after at most t1 time units for each time point within the next t2 time units, the value of signal pred3 and pred4",stabilization_recurrence
always ( rise (pred1) -> always [t1:t2] (eventually (pred2 and pred3)) ),"Globally, if the event that the pred1 occurs, then all of the following conditions are true: for each moment within the first t1 to t2 time units there needs to be ultimately sometime in the future before the execution ends, at which the value of signal pred2 and pred3",stabilization_recurrence
always ( (pred1 and pred2) and rise (pred3) -> always (eventually (rise (pred4))) ),"It is always the case that if the value of pred1 and pred2 and the event that pred3 gets observed, then the following condition holds: for every moment in the future before the end of the simulation at a time in the future, the event that pred4 has to be detected ultimately.",stabilization_recurrence
always ( rise (pred1) -> not (pred2) and pred3 ),"Globally, whenever the value of pred1 then in response immediately the pred2 and at the same moment the state of signal pred3",immediate_response
always ( rise (pred1) -> always [val2:t1] (eventually [val2:t2] (not fall (pred2 and pred3))) ),"If the scenario that the value of signal pred1 occurs, then for every time point in the first t1 time units eventually at a certain moment within the next t2 time units the transition action that the pred2 and pred3 oughtn't to be observed.",stabilization_recurrence
always ( pred1 -> pred2 and pred3 ),In the event that the state of pred1 then in response at once the state of pred2 and the pred3 at the same time instant.,immediate_response
eventually [0:t1] (pred1),pred1 at sometime after at most t1 time units.,invariance_reachability
always ( not (once (pred1)) -> not (always [t1:t2] (pred2 and pred3)) ),If for anytime in the past starting from the beginning of the simulation pred1 then in response the condition that the value of pred2 and pred3 for each time point within the next t1 to t2 time units will not be true.,temporal_response
always ( rise (pred1) -> (pred2 and pred3) until [0:t1] (pred4) ),When the transition action that the value of signal pred1 occurs then the following condition is true: the value of pred2 and pred3 until eventually the pred4 which ought to get detected at a certain time point starting at most t1 time units.,temporal_response
always ( once [t1:t2] (pred1) -> (pred2 and pred3) until (not (pred4)) ),"It is always the case that if there would be a certain moment within the elapsed t1 to t2 time units, at which the state of signal pred1 once, then all of the following conditions hold: the value of signal pred2 and pred3 till the value of signal pred4 eventually at a certain time instant in the future.",temporal_response
always ( fall (pred1 and pred2) -> always (eventually (rise (pred3))) ),"In case that the scenario that the value of pred1 and pred2 is observed then in response for every time instant in the future till the execution ends, there must be a time in the future before the end of the execution, at which the scenario that the value of pred3 will have to be detected.",stabilization_recurrence
always ( pred1 or (pred2 and pred3) -> eventually [0:t1] (always [0:t2] (pred4)) ),"Globally, while the value of pred1 or the value of signal pred2 and pred3 then the following condition holds: there needs to exist a certain time point within t1 time units ultimately, after which the pred4 and then will remain like this consecutively in the next t2 time units.",stabilization_recurrence
always ( fall (pred1) -> (pred2 and pred3) since [0:t1] (pred4 and pred5) ),As soon as the transition action that pred1 takes place then the value of signal pred2 and pred3 then this scenario will have kept all the time since once pred4 and pred5 at sometime within the last t1 time units.,temporal_response
always ( pred1 and pred2 -> eventually [0:t1] (always [0:t2] (pred3)) ),It is always the case that if the pred1 and the state of signal pred2 then the following condition holds: at a time within t1 time units for each time point in the subsequent t2 time units consistently the pred3,stabilization_recurrence
always ( fall (pred1) -> pred2 and pred3 ),"Globally, in case that the transition action that the state of pred1 occurs then the value of signal pred2 and pred3 in no time.",immediate_response
always ( once [t1:t2] (rise (pred1)) -> always [0:t3] (eventually [0:t4] (pred2)) ),"Globally, everytime when there would exist a certain moment during the last t1 to t2 time units once, at which the event that the state of signal pred1 would happen then in response for each time instant in the first t3 time units at a time within t4 time units, the value of signal pred2 ultimately.",stabilization_recurrence
always ( not (pred1) and fall (pred2) -> (pred3) until (not fall (pred4)) ),On condition that the value of signal pred1 and the scenario that the value of pred2 happens then all of the following conditions hold: the value of signal pred3 and consistently this condition will hold till the value of pred4 which needs to get detected at a time in the future before the simulation ends ultimately.,temporal_response
always ( rise (pred1 and pred2) -> eventually [0:t1] (pred3) ),"It is always the case that whenever the transition action that the value of pred1 and pred2 happens then all of the following conditions hold: there shall be finally a certain time point within t1 time units, at which the value of signal pred3",temporal_response
always ( historically (pred1) -> always [0:t1] (pred2) ),"Globally, whenever the pred1 continuously in the past since the start of the execution, then all of the following conditions hold: uninterruptedly the value of signal pred2 for each moment during the next t1 time units.",temporal_response
always [0:t1] (pred1 and pred2),"For each time point in the first t1 time units, the value of signal pred1 consecutively, and the pred2",invariance_reachability
eventually (pred1 or fall (pred2 and pred3)),"There will be a time in the future before the end of the execution, at which eventually pred1 or the event that the pred2 and pred3 must eventually take place.",invariance_reachability
always ( fall (pred1) -> pred2 ),"It is always the case that whenever the scenario that the state of signal pred1 happens, then in response promptly the value of pred2",immediate_response
always (pred1 or pred2),"In the future until the simulation ends, uninterruptedly pred1 or the mode of pred2",invariance_reachability
always ( rise (pred1) -> (pred2) until (pred3) ),"It is always the case that if the event that the pred1 happens, then all of the following conditions are true: the value of pred2 then consistently this scenario will have to keep until the value of pred3 which ought to be detected at a certain time instant in the future.",temporal_response
always ( rise (pred1 and pred2) -> not ((pred3) until (pred4)) ),"When the scenario that the pred1 and pred2 gets detected, then in response the following condition must not be true: there exists a time in the future before the end of the simulation eventually, at which the pred4 before that consistently pred3",temporal_response
always ( not (pred1 and pred2) -> eventually [0:t1] (always [0:t2] (pred3)) ),"It is always the case that while the pred1 and pred2 then the following condition holds: there needs to eventually exist a time during the next t1 time units, after which pred3 and will have to continue like that consistently for every time instant within the subsequent t2 time units.",stabilization_recurrence
always ( fall (pred1 and pred2) -> pred3 ),It is always the case that everytime when the pred1 and pred2 then all of the following conditions hold: the value of pred3 promptly.,immediate_response
always ( fall (pred1) -> fall (always [0:t1] (pred2)) ),"It is always the case that whenever the scenario that the mode of signal pred1 takes place, then in response the condition that uninterruptedly the value of pred2 in the next t1 time units will have to be detected to change from true to false.",temporal_response
always ( rise (pred1) -> pred2 and pred3 ),"Globally, everytime when the scenario that the value of pred1 occurs then the following condition holds: pred2 and pred3 at the same moment.",immediate_response
eventually (rise (pred1)),"At a time in the future before the end of the simulation, the event that pred1 will have to happen ultimately.",invariance_reachability
always ( fall (pred1 and pred2) -> always [0:t1] (eventually [0:t2] (rise (pred3))) ),"As soon as the scenario that pred1 and pred2 takes place, then for every moment within the subsequent t1 time units at a time in less than t2 time units, eventually the pred3",stabilization_recurrence
always [0:t1] (pred1 and not (pred2 and pred3)),"For every time instant in the first t1 time units, pred1 and the pred2 and pred3",invariance_reachability
always ( rise (pred1) -> pred2 ),"Whenever the event that the value of signal pred1 happens, then the following condition holds: promptly pred2",immediate_response
always [t1:t2] (pred1 or pred2),"For every time point within t1 to t2 time units pred1 without interruption, or consecutively pred2",invariance_reachability
always ( rise (pred1) -> always [t1:t2] (eventually [0:t3] (pred2)) ),"In case that the mode of signal pred1 then all of the following conditions hold: for every time point in the subsequent t1 to t2 time units at sometime during the next t3 time units, eventually the value of pred2",stabilization_recurrence
always ( rise (pred1) -> fall ((pred2) until [0:t1] (rise (pred3))) ),"It is always the case that whenever the scenario that the value of signal pred1 happens, then in response the condition that pred2 continuously till eventually the value of pred3 at a certain moment after at most t1 time units should be observed to change from true to false.",temporal_response
eventually [0:t1] (rise (pred1 and pred2)),The scenario that pred1 and pred2 needs to happen at a certain time point during the first t1 time units.,invariance_reachability
always ( pred1 and (pred2 and pred3) -> historically [0:t1] (pred4) ),"Globally, during the interval that the value of pred1 and the value of signal pred2 and pred3 then the following condition is true: the value of pred4 and shall keep like this consecutively during the elapsed t1 time units.",temporal_response
always ( rise (pred1) -> eventually (always (not (pred2 and pred3))) ),"It is always the case that when the event that the value of signal pred1 occurs then all of the following conditions are true: there must ultimately exist a time in the future, at which without interruption the value of signal pred2 and pred3 in the future till the end of the simulation.",stabilization_recurrence
always ( rise (pred1) -> always (eventually (pred2)) ),"Everytime when the scenario that the value of pred1 is observed then all of the following conditions hold: for every time instant in the future until the end of the simulation there needs to exist a certain moment in the future before the execution ends, at which the value of pred2 eventually.",stabilization_recurrence
always ( rise (pred1) -> eventually (always (pred2)) ),"On condition that the scenario that the value of pred1 occurs, then there must eventually exist a certain moment in the future before the end of the execution, at which the pred2 all the time in the future till the execution ends.",stabilization_recurrence
always ( rise (pred1 and pred2) -> (pred3) until [0:t1] (pred4) ),"It is always the case that when the event that pred1 and pred2 gets detected, then all of the following conditions are true: the value of signal pred3 and this condition should last until there will be finally a certain time instant during the following t1 time units, at which the mode of signal pred4",temporal_response
always ( pred1 -> eventually [t1:t2] (pred2 and pred3) ),It is always the case that whenever the value of signal pred1 then all of the following conditions hold: the value of signal pred2 and pred3 ultimately at a time within the next t1 to t2 time units.,temporal_response
always ( not (pred1) and pred2 -> rise ((pred3) until [0:t1] (rise (pred4 and pred5))) ),It is always the case that everytime when pred1 and the value of pred2 then the condition that the value of signal pred3 till eventually the value of pred4 and pred5 at a certain moment within t1 time units should be observed to shift from false to true.,temporal_response
always [t1:t2] (pred1),For each time point within the first t1 to t2 time units without interruption pred1,invariance_reachability
always ( rise (pred1) -> pred2 ),It is always the case that when the transition action that the pred1 gets observed then the value of signal pred2 at the same time point.,immediate_response
always ( pred1 or pred2 -> once (pred3 and pred4) ),"Globally, if the value of signal pred1 or the state of pred2 then the pred3 and pred4 once at a time in the past from the beginning of the simulation.",temporal_response
always (not fall (pred1)),In the future without interruption the event that the value of signal pred1 is not detected.,invariance_reachability
always ( fall (pred1) -> (pred2) until [t1:t2] (rise (pred3)) ),"It is always the case that when the event that pred1 takes place then finally there is a certain time point within the next t1 to t2 time units, at which the value of pred3 until then uninterruptedly the pred2",temporal_response
always ( pred1 and pred2 -> pred3 ),In case that the pred1 and the value of pred2 then the following condition holds: the pred3 in no time.,immediate_response
eventually [t1:t2] (not (pred1)),"There exists a certain time instant starting between t1 to t2 time units ultimately, at which the pred1",invariance_reachability
eventually [0:t1] (rise (pred1 and pred2) and rise (pred3)),"There is a certain time point starting at most t1 time units, at which the transition action that the value of signal pred1 and pred2 must get observed and the transition action that the value of signal pred3 is ultimately observed.",invariance_reachability
always ( pred1 -> not (always (pred2 and pred3)) ),"Globally, everytime when pred1 then in response the value of pred2 and pred3 consecutively in the future.",temporal_response
always ( rise (pred1) or rise (pred2) -> eventually [0:t1] (always [0:t2] (pred3)) ),"Globally, when the scenario that the value of pred1 takes place or the transition action that pred2 is observed, then the following condition is true: there must eventually exist a certain moment within the subsequent t1 time units, at which during the coming t2 time units, the pred3",stabilization_recurrence
always ( rise (pred1) -> rise (pred2) and pred3 ),"Globally, whenever pred1 then at the same time point pred2 and at the same time instant pred3",immediate_response
always ( pred1 and pred2 -> eventually [0:t1] (always [0:t2] (not (pred3))) ),During the interval that the state of pred1 and the pred2 then after a certain moment in less than t1 time units the value of pred3 and then must always hold like this during the coming t2 time units.,stabilization_recurrence
always ( rise (pred1) -> pred2 ),It is always the case that everytime when the transition action that pred1 gets detected then the following condition is true: the value of signal pred2,immediate_response
always ( rise (pred1) -> not (eventually [0:t1] (rise (pred2))) ),"In case that the transition action that pred1 takes place then in response there must not be any time instant during the coming t1 time units, at which the scenario that the value of signal pred2 gets detected.",temporal_response
always [t1:t2] (pred1 and not (pred2)),For each time point during the first t1 to t2 time units the value of signal pred1 continuously and the pred2,invariance_reachability
always ( eventually [t1:t2] (fall (pred1 and pred2)) -> eventually [t3:t4] (always (pred3)) ),"It is always the case that when eventually there is a certain time instant in the next t1 to t2 time units, at which the transition action that the pred1 and pred2 gets detected, then all of the following conditions are true: after a certain time instant during the first t3 to t4 time units in the future until the simulation ends, consecutively the value of signal pred3",stabilization_recurrence
always ( once [0:t1] (rise (pred1)) -> always [0:t2] (eventually [0:t3] (fall (pred2))) ),"As soon as at a certain time point within the past t1 time units, the transition action that the pred1 once got observed then the following condition holds: for every moment in the next t2 time units there will have to be a certain time point during the subsequent t3 time units eventually, at which the event that pred2 will have to be detected.",stabilization_recurrence
always [0:t1] (pred1),Continuously the value of pred1 for each time instant in the first t1 time units.,invariance_reachability
always ( historically (pred1 and pred2) -> always (eventually [t1:t2] (fall (pred3))) ),"Whenever pred1 and pred2 in the past since the beginning of the execution, then in response for each time point in the future till the end of the simulation, there should be a certain moment within the next t1 to t2 time units, at which the transition action that the mode of signal pred3 must eventually get detected.",stabilization_recurrence
always ( rise (pred1) -> pred2 ),It is always the case that when the scenario that the value of signal pred1 happens then the following condition holds: at the same time instant the value of signal pred2,immediate_response
always ( historically [t1:t2] (pred1) -> always [t3:t4] (eventually (not (pred2))) ),"In the case within the last t1 to t2 time units the value of pred1 without interruption then the following condition holds: for each time point during the subsequent t3 to t4 time units, at a certain time point in the future, the pred2",stabilization_recurrence
always ( historically [0:t1] (pred1) -> always [t2:t3] (eventually [t4:t5] (rise (pred2))) ),"It is always the case that everytime when pred1 and has been holding like this consecutively during the past t1 time units, then all of the following conditions hold: for each moment within the next t2 to t3 time units eventually there ought to be a certain moment within the first t4 to t5 time units, at which the event that the pred2 has to take place.",stabilization_recurrence
always ( not (pred1) -> eventually [val1:t1] (always (pred2 and pred3)) ),"It is always the case that in case that the pred1 then the following condition holds: finally at a certain time instant during the first t1 time units, the value of pred2 and pred3 then this scenario ought to always hold in the future before the simulation ends.",stabilization_recurrence
always [0:t1] (pred1),"For every time instant within t1 time units, the value of signal pred1",invariance_reachability
always ( pred1 and pred2 -> eventually [0:t1] (always [0:t2] (pred3)) ),"It is always the case that while pred1 and pred2 then the following condition holds: there will have to be a certain time point after at most t1 time units ultimately, at which within the following t2 time units, pred3 consecutively.",stabilization_recurrence
always ( rise (pred1) and pred2 -> always [0:t1] (eventually [0:t2] (pred3)) ),"On condition that the transition action that pred1 gets observed, and pred2 then all of the following conditions are true: for every moment within the first t1 time units, there ought to exist a certain moment within the next t2 time units, at which the state of pred3 ultimately.",stabilization_recurrence
always [0:t1] (not (pred1)),Consecutively the value of pred1 for each time instant during the first t1 time units.,invariance_reachability
always ( rise (pred1) -> always (eventually (pred2)) ),"It is always the case that in case that the event that the mode of signal pred1 is observed then all of the following conditions are true: for every time instant in the future till the execution ends, there exists a certain time instant in the future, at which finally pred2",stabilization_recurrence
always ( rise (pred1 and pred2) -> not rise (pred3) ),"In the case the transition action that the pred1 and pred2 is detected, then all of the following conditions hold: simultaneously the transition action that pred3 shan't get detected.",immediate_response
always ( rise (pred1) and pred2 -> eventually [t1:t2] (pred3) ),"It is always the case that whenever the scenario that pred1 gets detected, and pred2 then the following condition is true: eventually the state of pred3 at a time after between t1 to t2 time units.",temporal_response
eventually [0:t1] (pred1),"There must exist a certain time point after at most t1 time units, at which the value of signal pred1",invariance_reachability
always ( pred1 and rise (pred2) -> pred3 ),"Globally, if the pred1 and the transition action that the value of pred2 gets detected then all of the following conditions hold: the value of pred3 at the same time instant.",immediate_response
always ( rise (pred1) -> (pred2 and pred3) since [0:t1] (not (pred4)) ),"Globally, everytime when the scenario that pred1 occurs, then the following condition is true: the value of signal pred2 and pred3 and then this condition will consecutively hold since at a certain time instant within the past t1 time units, the mode of pred4",temporal_response
always ( pred1 or pred2 -> always [0:t1] (eventually [0:t2] (pred3)) ),"It is always the case that whenever pred1 or pred2 then the following condition holds: for each moment in the following t1 time units, there ought to exist a certain moment during the next t2 time units, at which the mode of signal pred3",stabilization_recurrence
always ( rise (pred1) -> pred2 ),It is always the case that everytime when the scenario that the value of pred1 happens then the value of signal pred2 at the same time instant.,immediate_response
always ( pred1 or pred2 -> pred3 or pred4 ),"Globally, if the pred1 or the value of signal pred2 then all of the following conditions hold: the state of signal pred3 or pred4 in no time.",immediate_response
always ( pred1 or rise (pred2) -> eventually [0:t1] (always [0:t2] (pred3 and pred4)) ),"Globally, in case that the value of signal pred1 or the event that pred2 takes place then all of the following conditions hold: ultimately at a certain moment during the coming t1 time units pred3 and pred4 and shall remain like this without interruption for every time instant during the coming t2 time units.",stabilization_recurrence
eventually [0:t1] (pred1 and pred2),The pred1 and pred2 eventually at a certain time point during the first t1 time units.,invariance_reachability
always ( pred1 and rise (pred2) -> rise (pred3) ),"If pred1 and the event that the value of signal pred2 happens, then the scenario that the value of signal pred3 will have to take place simultaneously.",immediate_response
always ( pred1 -> eventually [0:t1] (pred2) ),If the value of pred1 then in response at a certain time point starting at most t1 time units pred2 finally.,temporal_response
always (not (pred1)),"In the future till the end of the simulation, without interruption the pred1",invariance_reachability
always ( rise (pred1) -> pred2 ),It is always the case that everytime when the transition action that the value of pred1 is detected then the following condition holds: the value of signal pred2 at the same time point.,immediate_response
eventually [0:t1] (not fall (pred1) or pred2),"There shall be a time after at most t1 time units, at which the scenario that the value of signal pred1 is not observed finally or pred2",invariance_reachability
eventually [0:t1] ((pred1 and pred2) or pred3),"There must be a certain time instant in the first t1 time units, at which ultimately the value of pred1 and pred2 or the value of pred3 ultimately.",invariance_reachability
always ( eventually (pred1) -> always [0:t1] (eventually (not fall (pred2))) ),"Everytime when there is a certain moment in the future before the end of the simulation, at which the value of pred1 then all of the following conditions are true: for each time instant in the first t1 time units, there must eventually exist sometime in the future before the end of the simulation, at which the event that pred2 ought not to get observed.",stabilization_recurrence
always ( pred1 -> always (pred2) ),If the pred1 then consecutively the value of signal pred2 in the future till the end of the simulation.,temporal_response
eventually (pred1 and not rise (pred2)),At a time in the future before the end of the simulation pred1 and finally the event that the pred2 ought not to happen.,invariance_reachability
always ( fall (pred1) -> always [0:t1] (eventually [t2:t3] (fall (pred2))) ),"It is always the case that if the event that the value of pred1 takes place, then all of the following conditions hold: for each time instant within the next t1 time units, there should be sometime starting between t2 to t3 time units, at which the transition action that the mode of signal pred2 has to be eventually observed.",stabilization_recurrence
always ( pred1 or pred2 -> always [0:t1] (eventually [0:t2] (rise (pred3))) ),"Globally, whenever pred1 or thsig1alue of pred2 then all of the following conditions hold: for every moment within the subsequent t1 time units finally there needs to be a certain time point in less than t2 time units, at which the transition action that the mode of signal pred3 takes place.",stabilization_recurrence
always ( fall (pred1) -> rise (pred2) and pred3 ),"When the transition action that the value of signal pred1 happens then promptly the scenario that the pred2 must be observed, and at the same time instant pred3",immediate_response
always [t1:t2] (not (pred1 and pred2)),The value of pred1 and pred2 without interruption for each moment within t1 to t2 time units.,invariance_reachability
always ( once (not fall (pred1)) -> not rise ((pred2) since [t1:t2] (pred3)) ),"When there exists sometime in the past starting from the beginning of the execution, at which the event that the pred1 doesn't take place, then in response the condition that the value of pred2 since the value of pred3 once at sometime in the last t1 to t2 time units shan't be observed to shift from false to true.",temporal_response
always ( rise (pred1) -> always [t1:t2] (eventually (pred2)) ),"In the case the event that the pred1 is observed then in response for every moment during the first t1 to t2 time units, there exists a certain moment in the future before the execution ends, at which the state of signal pred2 ultimately.",stabilization_recurrence
always ( historically [0:t1] (pred1 and pred2) -> always [t2:t3] (pred3 and pred4) ),"Globally, if the value of signal pred1 and pred2 and consistently this scenario sustains within the elapsed t1 time units then the value of signal pred3 and pred4 and needs to remain in this range uninterruptedly for each time point in the subsequent t2 to t3 time units.",temporal_response
eventually [t1:t2] (not (pred1 and pred2)),Finally the value of pred1 and pred2 at sometime after between t1 to t2 time units.,invariance_reachability
always (not fall (pred1)),In the future without interruption the transition action that pred1 shan't take place.,invariance_reachability
always ( once [t1:t2] (pred1) -> eventually [t3:t4] (always [t5:t6] (pred2 and pred3)) ),If the value of pred1 at a time in the elapsed t1 to t2 time units then after a time in the subsequent t3 to t4 time units the value of signal pred2 and pred3 and then should stay in this interval all the time for each moment within the following t5 to t6 time units.,stabilization_recurrence
always ( pred1 or pred2 -> pred3 ),It is always the case that if the mode of signal pred1 or the mode of pred2 then all of the following conditions are true: at the same time point pred3,immediate_response
always ( rise (pred1) -> pred2 and pred3 ),"Globally, in case that the scenario that the value of signal pred1 takes place, then all of the following conditions are true: instantly the value of pred2 and pred3",immediate_response
always ( rise (pred1) -> pred2 ),"Globally, everytime when the transition action that the value of pred1 gets observed, then all of the following conditions are true: the value of pred2",immediate_response
always ( (pred1) since [0:t1] (pred2 and pred3) -> eventually [0:t2] (always [0:t3] (pred4)) ),"In case that the value of signal pred1 uninterruptedly since at a certain time instant within the past t1 time units, the value of pred2 and pred3 then in response eventually there must be a time in the following t2 time units, after which the pred4 then this scenario will hold consecutively within the following t3 time units.",stabilization_recurrence
always ( rise (pred1) -> pred2 ),Everytime when the event that the value of pred1 happens then all of the following conditions hold: promptly the value of pred2,immediate_response
always ( rise (pred1) -> always [0:t1] (pred2) ),"Globally, when the transition action that the value of pred1 occurs, then the value of signal pred2 uninterruptedly for each moment in the next t1 time units.",temporal_response
eventually [t1:t2] ((pred1 and pred2) and pred3),"There needs to exist a certain moment in the first t1 to t2 time units, at which the value of signal pred1 and pred2 finally and the pred3",invariance_reachability
always ( rise (pred1 and pred2) -> always (pred3) ),"Globally, in case that the event that the pred1 and pred2 is observed, then all of the following conditions hold: in the future until the simulation ends, pred3",temporal_response
always ( fall (pred1) -> always (pred2) ),"In case that the scenario that the mode of signal pred1 occurs, then the value of signal pred2 in the future before the end of the execution.",temporal_response
always ( fall (pred1 and pred2) -> not ((pred3) until [t1:t2] (pred4)) ),"In the case the scenario that the pred1 and pred2 gets observed, then the subsequent condition isn't true: the pred3 and then will keep like that consistently until ultimately the state of pred4 which is observed at a certain time point within the next t1 to t2 time units.",temporal_response
always ( rise (pred1 and pred2) and pred3 -> always [0:t1] (pred4) ),Whenever the transition action that the pred1 and pred2 occurs and the pred3 then all of the following conditions hold: the state of signal pred4 continuously for each moment during the following t1 time units.,temporal_response
always ( pred1 and pred2 -> pred3 ),In the event that the value of pred1 and the value of signal pred2 then the following condition is true: the value of signal pred3 at the same time point.,immediate_response
always [0:t1] (not (pred1 and pred2)),Continuously the value of pred1 and pred2 for every moment during the first t1 time units.,invariance_reachability
always ( rise (pred1) -> always [0:t1] (eventually [t2:t3] (rise (pred2))) ),"If the transition action that pred1 happens then all of the following conditions hold: for each time point during the next t1 time units, there must be a certain time instant during the following t2 to t3 time units, at which the transition action that the value of pred2 must be eventually detected.",stabilization_recurrence
always ( pred1 -> eventually (pred2) ),During the interval that the value of signal pred1 then all of the following conditions are true: the value of signal pred2 ultimately at sometime in the future before the simulation ends.,temporal_response
always ( rise (pred1) -> eventually [t1:t2] (pred2) ),"It is always the case that everytime when the transition action that pred1 gets detected, then the following condition is true: there should be a certain time point within the coming t1 to t2 time units, at which the mode of signal pred2 finally.",temporal_response
always ( rise (pred1) -> always [t1:t2] (eventually [t3:t4] (pred2)) ),"Globally, everytime when the transition action that the value of pred1 is observed, then for each moment within t1 to t2 time units, the mode of signal pred2 at a certain time point after between t3 to t4 time units.",stabilization_recurrence
always ( pred1 -> always [t1:t2] (eventually [0:t3] (pred2)) ),"Everytime when the pred1 then the following condition is true: for every moment within t1 to t2 time units there will be a certain time instant within the coming t3 time units, at which the value of signal pred2 ultimately.",stabilization_recurrence
always ( rise (pred1) -> not fall (pred2 and pred3) and rise (pred4) ),"Globally, whenever the transition action that the value of pred1 happens, then the following condition holds: promptly the scenario that the value of signal pred2 and pred3 should never get detected, and the transition action that the pred4 shall occur at the same time.",immediate_response
always ( fall (pred1) -> always [t1:t2] (eventually (pred2)) ),"It is always the case that everytime when the scenario that the pred1 is detected, then the following condition is true: for every time instant in the subsequent t1 to t2 time units there eventually exists a certain moment in the future before the execution ends, at which the pred2",stabilization_recurrence
always ( not ((pred1) since (pred2)) -> eventually [0:t1] (not rise (pred3)) ),"Globally, everytime when the subsequent condition will not be true: the state of signal pred1 since at a certain time point in the past starting from the beginning of the simulation, once the value of signal pred2 then all of the following conditions hold: finally there needs to be a certain moment within the subsequent t1 time units, at which the transition action that the mode of pred3 shouldn't be observed.",temporal_response
always ( rise (pred1) -> pred2 or pred3 ),It is always the case that whenever the event that the mode of signal pred1 happens then the following condition is true: at the same time the value of pred2 or pred3 without any delay.,immediate_response
always ( not (pred1) and pred2 -> (pred3) until [0:t1] (pred4) ),When the pred1 and pred2 then all of the following conditions are true: consecutively the value of signal pred3 until the state of signal pred4 which gets observed at a certain moment during the coming t1 time units eventually.,temporal_response
always ( pred1 and pred2 -> always [0:t1] (eventually [0:t2] (pred3)) ),"Globally, in case that pred1 and pred2 then for every time instant during the subsequent t1 time units at a certain time point after at most t2 time units, ultimately the value of signal pred3",stabilization_recurrence
always ( fall (pred1) -> (pred2) until [0:t1] (not (pred3 and pred4)) ),"Globally, if the transition action that the state of pred1 occurs, then the state of pred2 till at a time within the following t1 time units the value of signal pred3 and pred4",temporal_response
eventually [0:t1] (pred1),"There must be a certain time instant within the first t1 time units finally, at which pred1",invariance_reachability
eventually (pred1 and pred2),"There ought to exist sometime in the future, at which finally the pred1 and the pred2 ultimately.",invariance_reachability
always [0:t1] (not (pred1) and pred2),"For each moment within t1 time units, without interruption pred1 and the pred2 consistently.",invariance_reachability
eventually [t1:t2] (pred1),"There has to be finally a time in the first t1 to t2 time units, at which the pred1",invariance_reachability
always ( pred1 or pred2 -> (pred3 and pred4) until [0:t1] (pred5) ),"During the interval that the value of pred1 or the pred2 then the value of signal pred3 and pred4 and then needs to keep like this without interruption until pred5 eventually, which needs to get detected at a certain time point within the next t1 time units.",temporal_response
always [t1:t2] (pred1),The value of signal pred1 all the time for every time instant within the first t1 to t2 time units.,invariance_reachability
always [t1:t2] (pred1 and pred2),"For each time point in the first t1 to t2 time units, the value of pred1 and pred2 uninterruptedly.",invariance_reachability
always ( pred1 or pred2 -> eventually [0:t1] (always [0:t2] (pred3)) ),"It is always the case that whenever the pred1 or the value of pred2 then all of the following conditions hold: after a certain time instant in the subsequent t1 time units, for each time instant within the following t2 time units, continuously the pred3",stabilization_recurrence
always ( pred1 and pred2 -> not (pred3) and pred4 ),When the mode of pred1 and the value of pred2 then in response in no time the value of pred3 and the pred4 at the same time.,immediate_response
always [0:t1] (not (pred1)),"For each time point during the first t1 time units, the state of signal pred1",invariance_reachability
always ( not (pred1) or pred2 -> always (eventually (not (pred3 and pred4))) ),"Globally, whenever pred1 or the state of signal pred2 then for each time instant in the future before the end of the simulation, pred3 and pred4 eventually at a certain time instant in the future before the execution ends.",stabilization_recurrence
always ( rise (pred1 and pred2) -> pred3 ),"Globally, whenever the scenario that pred1 and pred2 is detected then in response promptly pred3",immediate_response
always ( pred1 or rise (pred2) -> pred3 or pred4 ),"Globally, in case that pred1 or the event that pred2 occurs then the following condition holds: the pred3 simultaneously or at the same time point pred4",immediate_response
always ( rise (pred1 and pred2) -> always [0:t1] (eventually [0:t2] (pred3)) ),"In case that the transition action that the pred1 and pred2 occurs then in response for every moment during the coming t1 time units, there must be sometime starting at most t2 time units, at which pred3 ultimately.",stabilization_recurrence
eventually [0:t1] (not (pred1)),"There shall exist a time in less than t1 time units, at which eventually the value of pred1",invariance_reachability
eventually [t1:t2] (rise (pred1)),The scenario that pred1 ought to be observed at sometime within the first t1 to t2 time units.,invariance_reachability
always ( rise (pred1) and pred2 -> pred3 and pred4 ),"Globally, when the scenario that the value of pred1 happens and the mode of signal pred2 then the following condition holds: the value of pred3 and pred4",immediate_response
always ( (pred1) until [0:t1] (pred2) -> always [t2:t3] (eventually (rise (pred3))) ),"In the case pred1 till the pred2 eventually at a certain time point during the first t1 time units, then the following condition holds: for each moment within the next t2 to t3 time units, eventually at a certain moment in the future before the execution ends the state of pred3",stabilization_recurrence
always ( not (pred1) -> eventually [0:t1] (always [0:t2] (pred2)) ),"It is always the case that in case that the state of pred1 then eventually after a certain time point starting at most t1 time units, the pred2 and this scenario ought to always keep for each time instant in the subsequent t2 time units.",stabilization_recurrence
always ( pred1 and pred2 -> pred3 ),In the case the pred1 and pred2 then in response the pred3,immediate_response
always ( fall (pred1 and pred2) -> not (pred3) ),In case that the transition action that the pred1 and pred2 gets observed then all of the following conditions are true: simultaneously the mode of signal pred3,immediate_response
always [0:t1] (pred1),"For each time point during the first t1 time units, the value of signal pred1 uninterruptedly.",invariance_reachability
always ( rise (pred1) -> (pred2 and pred3) until [t1:t2] (not (pred4)) ),"Everytime when the transition action that the value of signal pred1 happens, then the following condition holds: at a certain time instant in the subsequent t1 to t2 time units, ultimately the value of pred4 till then the pred2 and pred3",temporal_response
always ( pred1 -> not fall (pred2) ),If the value of signal pred1 then all of the following conditions hold: at once the scenario that the value of pred2 oughtn't to be detected.,immediate_response
eventually [t1:t2] (not (pred1) and pred2),"At a certain moment within t1 to t2 time units, the pred1 and the value of pred2",invariance_reachability
always ( rise (pred1) or rise (pred2) -> pred3 ),"In case that the scenario that the value of pred1 occurs, or pred2 then all of the following conditions are true: the pred3 simultaneously.",immediate_response
eventually [t1:t2] (pred1 and pred2),"There needs to be a time within the first t1 to t2 time units, at which eventually pred1 and pred2",invariance_reachability
always ( rise (pred1) -> always [t1:t2] (pred2) ),"Globally, if the scenario that the pred1 takes place, then the following condition holds: the pred2 then this scenario must consecutively hold for every time instant during the subsequent t1 to t2 time units.",temporal_response
always ( rise (pred1 and pred2) -> not ((pred3) until [0:t1] (pred4 and pred5)) ),In the case the scenario that the value of pred1 and pred2 is detected then in response the subsequent condition will not be true: the pred3 without interruption until the value of pred4 and pred5 which gets observed at a time during the first t1 time units.,temporal_response
always (pred1 or not rise (pred2)),"In the future till the end of the simulation pred1 all the time, or the event that the state of pred2 is consecutively not detected.",invariance_reachability
eventually [0:t1] (rise (pred1)),"At a time within the first t1 time units, the event that the value of signal pred1 will have to take place eventually.",invariance_reachability
always ( rise (pred1) -> eventually [0:t1] (not (pred2)) ),"When the event that the state of pred1 takes place then the following condition holds: there shall be a time after at most t1 time units, at which finally the value of signal pred2",temporal_response
always [t1:t2] (pred1 and pred2),"During the first t1 to t2 time units, the value of pred1 and consistently the value of pred2",invariance_reachability
always ( pred1 and pred2 -> pred3 ),On condition that the value of signal pred1 and the pred2 then the following condition holds: the pred3,immediate_response
always (pred1),The value of pred1 continuously in the future until the execution ends.,invariance_reachability
always ( rise (pred1) -> eventually [t1:t2] (always (pred2)) ),"When the scenario that the value of pred1 is detected then in response there should exist a certain time instant in the subsequent t1 to t2 time units, at which in the future till the execution ends consistently the value of signal pred2",stabilization_recurrence
always ( rise (pred1) -> (pred2) until [val1:t1] (rise (pred3)) ),"As soon as the scenario that the value of pred1 takes place then the following condition is true: there shall exist a certain time instant within the following t1 time units finally, at which the pred3 and before this without interruption pred2",temporal_response
always ( rise (pred1) -> pred2 ),It is always the case that everytime when the pred1 then all of the following conditions are true: in no time the state of signal pred2,immediate_response
always [0:t1] (pred1 or not fall (pred2)),"For each time instant in the first t1 time units the value of signal pred1 continuously, or consecutively the event that pred2 doesn't occur.",invariance_reachability
always ( eventually [t1:t2] (not (pred1)) -> not fall (eventually (pred2)) ),"It is always the case that whenever there finally exists a certain time point within the subsequent t1 to t2 time units, at which the pred1 then in response the condition that the pred2 at a certain time instant in the future before the end of the execution should not shift from true to false.",temporal_response
always ( rise (pred1 and pred2) -> not (pred3) and fall (pred4) ),"It is always the case that if the transition action that the value of pred1 and pred2 gets detected, then instantly pred3 and at the same time instant the event that pred4 needs to happen.",immediate_response
always [0:t1] (pred1 and pred2),pred1 and pred2 without interruption for each time point within the first t1 time units.,invariance_reachability
always [0:t1] (pred1),"For each time instant in the first t1 time units, the mode of signal pred1",invariance_reachability
always ( rise (pred1) -> pred2 ),"It is always the case that when the event that the pred1 gets detected, then the following condition is true: the pred2 instantly.",immediate_response
eventually (pred1 and rise (pred2)),"At a certain time point in the future before the simulation ends, pred1 eventually and the scenario that the value of signal pred2 must happen eventually.",invariance_reachability
always (pred1),In the future before the end of the simulation the value of pred1 consistently.,invariance_reachability
always ( fall (pred1) -> (pred2) until [0:t1] (pred3) ),"Globally, whenever the scenario that the pred1 gets detected, then the following condition is true: continuously the pred2 till the value of pred3 at a time starting at most t1 time units.",temporal_response
always ( not (pred1) or not (pred2) -> eventually [t1:t2] (rise (pred3)) ),"Globally, everytime when pred1 or the pred2 then the following condition is true: at a time in the coming t1 to t2 time units the transition action that the value of pred3 is ultimately observed.",temporal_response
always ( eventually [t1:t2] (not (pred1)) -> historically [0:t3] (pred2 and pred3) ),Everytime when the value of signal pred1 finally at a certain moment within the next t1 to t2 time units then the following condition holds: the value of signal pred2 and pred3 and consecutively this scenario should last during the last t3 time units.,temporal_response
always (pred1 and pred2),In the future until the end of the execution pred1 and the value of pred2 without interruption.,invariance_reachability
eventually [0:t1] (pred1 or (pred2 and pred3)),At a certain time instant within the first t1 time units eventually the value of pred1 or the value of signal pred2 and pred3 ultimately.,invariance_reachability
always ( rise (pred1) -> eventually [0:t1] (rise (pred2 and pred3)) ),"In case that the scenario that the value of signal pred1 is detected then all of the following conditions are true: there should be a certain time point in the next t1 time units, at which eventually the transition action that pred2 and pred3 will have to happen.",temporal_response
always ( rise (pred1) -> pred2 ),"When the event that the pred1 occurs, then the following condition is true: pred2",immediate_response
always ( rise (pred1) -> eventually [0:t1] (always [0:t2] (pred2)) ),"Whenever the event that the pred1 occurs then the following condition is true: there will have to exist a time in the coming t1 time units, after which the value of signal pred2 and consistently this condition will be continuing for each time point in the subsequent t2 time units.",stabilization_recurrence
eventually [0:t1] (pred1),"There is sometime within the first t1 time units, at which the value of signal pred1",invariance_reachability
always ( fall (pred1) -> rise (pred2 and pred3) or pred4 ),"Globally, in case that the event that the value of signal pred1 is observed, then the following condition is true: the transition action that the pred2 and pred3 will have to happen or the mode of signal pred4 simultaneously.",immediate_response
always [0:t1] (pred1 or pred2),"For each moment within t1 time units, the value of signal pred1 consistently, or uninterruptedly pred2",invariance_reachability
always ( rise (pred1) -> pred2 ),"In case that the transition action that the value of pred1 is detected, then pred2 right away.",immediate_response
always ( rise (pred1) -> not (pred2) ),"Globally, everytime when pred1 then all of the following conditions hold: in no time the value of pred2",immediate_response
always (not (pred1) or pred2),"In the future till the simulation ends, continuously the pred1 or the state of pred2 all the time.",invariance_reachability
always ( rise (pred1) -> always [t1:t2] (eventually [0:t3] (pred2)) ),"It is always the case that if the scenario that the mode of signal pred1 gets detected, then all of the following conditions hold: for each time point during the following t1 to t2 time units, there ought to be a certain moment during the next t3 time units, at which the value of signal pred2",stabilization_recurrence
always ( not (eventually (rise (pred1))) -> always [t1:t2] (eventually (rise (pred2))) ),"Globally, when the condition that pred1 ultimately at a certain time instant in the future before the end of the execution isn't true then in response for every moment during the following t1 to t2 time units, the scenario that the value of pred2 ought to eventually take place at a certain moment in the future before the end of the execution.",stabilization_recurrence
always ( rise (pred1 and pred2) -> not ((pred3) until (not (pred4 and pred5))) ),In case that the value of signal pred1 and pred2 then in response the condition that pred3 till the value of signal pred4 and pred5 at a certain time point in the future before the end of the simulation is not true.,temporal_response
always ( fall (pred1 and pred2) -> pred3 ),"Globally, whenever the transition action that the value of signal pred1 and pred2 occurs, then the following condition is true: immediately the value of pred3",immediate_response
always ( rise (pred1) -> pred2 ),It is always the case that whenever the value of pred1 then the value of signal pred2,immediate_response
always ( not ((pred1) since [0:t1] (rise (pred2))) -> eventually [0:t2] (rise (pred3)) ),"Globally, whenever the subsequent condition is not true: the value of pred1 since the transition action that pred2 took place at a certain time point during the last t1 time units then in response eventually there shall be a certain time instant within the subsequent t2 time units, at which the event that the value of signal pred3 will have to happen.",temporal_response
eventually [t1:t2] (pred1 or pred2),"At a time within the first t1 to t2 time units, finally the value of signal pred1 or the value of pred2 eventually.",invariance_reachability
always ( historically [t1:t2] (pred1) -> not (eventually (pred2)) ),"It is always the case that if the pred1 and then has been keeping like this uninterruptedly during the last t1 to t2 time units then there will not exist any moment in the future before the simulation ends, at which the pred2",temporal_response
always ( once (pred1 and pred2) -> not ((pred3) until [t1:t2] (rise (pred4))) ),"Globally, in case that there would once exist a time in the past, at which the value of pred1 and pred2 then in response the subsequent condition should not be true: the transition action that the value of signal pred4 gets detected ultimately at a certain moment during the first t1 to t2 time units, and till then the pred3 continuously.",temporal_response
always ( rise (pred1) -> eventually [0:t1] (always [0:t2] (pred2)) ),"In case that the event that the value of pred1 takes place then the following condition is true: at a certain moment starting at most t1 time units, for every time instant in the coming t2 time units pred2",stabilization_recurrence
always ( rise (pred1) -> pred2 ),"If the scenario that pred1 is observed, then in response the pred2",immediate_response
always ( fall (pred1) -> pred2 and pred3 ),"Globally, if the scenario that the value of signal pred1 gets detected then in response at the same time instant the value of signal pred2 and pred3",immediate_response
always ( not ((not (pred1)) since (rise (pred2))) -> historically [0:t1] (pred3) ),"Globally, whenever the condition that consistently the value of signal pred1 since once the value of pred2 at a certain time instant in the past from the beginning of the execution will not be true, then the pred3 and has always kept like that within the past t1 time units.",temporal_response
always ( rise (pred1) -> rise (pred2) ),Whenever the scenario that the value of pred1 gets observed then the scenario that pred2 is detected in no time.,immediate_response
always ( rise (pred1) -> eventually [0:t1] (always [0:t2] (pred2)) ),"In case that the scenario that the pred1 occurs then in response eventually there shall exist a certain time point during the following t1 time units, at which the value of signal pred2 and then will have to consecutively stay like that for every time instant during the subsequent t2 time units.",stabilization_recurrence
always ( fall (pred1 and pred2) -> always [0:t1] (pred3) ),"Globally, whenever the transition action that the value of signal pred1 and pred2 takes place, then all of the following conditions are true: the pred3 and has to stay like this all the time during the subsequent t1 time units.",temporal_response
always [0:t1] ((pred1 and pred2) and (pred3 and pred4)),"For every moment during the first t1 time units pred1 and pred2 uninterruptedly, and the pred3 and pred4 consistently.",invariance_reachability
always ( not fall (historically [t1:t2] (pred1)) -> always [0:t3] (eventually [0:t4] (rise (pred2))) ),"Everytime when the condition that pred1 during the last t1 to t2 time units will not be observed to change from true to false then all of the following conditions hold: for each time instant in the coming t3 time units, there needs to be a time within the following t4 time units, at which the value of pred2 eventually.",stabilization_recurrence
always ( fall (pred1 and pred2) or pred3 -> always [t1:t2] (not fall (pred4)) ),"Globally, everytime when the event that the value of signal pred1 and pred2 is observed or the value of signal pred3 then the following condition is true: pred4 then this scenario should uninterruptedly remain within the following t1 to t2 time units.",temporal_response
always ( rise (pred1) -> eventually (pred2) ),"It is always the case that when the scenario that the value of pred1 gets observed, then in response finally there exists a certain moment in the future before the simulation ends, at which the value of signal pred2",temporal_response
always ( rise (pred1) -> always [0:t1] (pred2) ),It is always the case that in case that the event that the pred1 takes place then the value of pred2 consecutively within the coming t1 time units.,temporal_response
always ( rise (pred1) -> always [0:t1] (eventually [0:t2] (rise (pred2))) ),In case that the transition action that the mode of pred1 gets detected then all of the following conditions are true: for every time point during the following t1 time units at a certain time point within the following t2 time units the value of signal pred2 eventually.,stabilization_recurrence
always ( not (pred1) and rise (pred2 and pred3) -> always [t1:t2] (eventually [0:t3] (rise (pred4))) ),"Whenever the pred1 and the transition action that the value of pred2 and pred3 takes place, then the following condition holds: for every moment within t1 to t2 time units, there shall exist a time within the next t3 time units, at which finally the scenario that pred4 ought to happen.",stabilization_recurrence
always ( fall (pred1) -> eventually [0:t1] (always [0:t2] (pred2)) ),"In the case the event that the mode of signal pred1 is observed then there will be sometime in the following t1 time units ultimately, at which the value of pred2 without interruption during the coming t2 time units.",stabilization_recurrence
always ( pred1 -> always [0:t1] (eventually [0:t2] (rise (pred2))) ),"It is always the case that while pred1 then all of the following conditions are true: for every time instant within the subsequent t1 time units, at a time during the next t2 time units, the transition action that the value of pred2 ought to get observed finally.",stabilization_recurrence
always ( fall (pred1 and pred2) -> pred3 and pred4 ),It is always the case that in case that the event that pred1 and pred2 is detected then all of the following conditions are true: at the same moment the value of pred3 and pred4,immediate_response
always ( pred1 or pred2 -> eventually [t1:t2] (always [0:t3] (pred3)) ),"On condition that the value of signal pred1 or the mode of signal pred2 then the following condition holds: there has to ultimately exist a time in the first t1 to t2 time units, after which pred3 and should remain like that uninterruptedly for every time point in the following t3 time units.",stabilization_recurrence
always ( rise (pred1) -> always [0:t1] (pred2) ),Whenever the event that pred1 happens then in response the state of signal pred2 and then this scenario remains all the time for every time instant during the following t1 time units.,temporal_response
always ( not fall (pred1 and pred2) -> rise (pred3) or pred4 ),"Globally, when the scenario that the pred1 and pred2 does not happen, then all of the following conditions are true: the scenario that the pred3 will take place at the same time point or the state of pred4",immediate_response
always ( rise (pred1) -> always [0:t1] (eventually (not (pred2))) ),"It is always the case that if the scenario that the value of pred1 is observed, then all of the following conditions hold: for every moment within the following t1 time units finally the value of pred2 at a time in the future before the simulation ends.",stabilization_recurrence
always [t1:t2] (not (pred1 and pred2) and not rise (pred3)),"For every moment within t1 to t2 time units, continuously the pred1 and pred2 and without interruption the mode of signal pred3",invariance_reachability
always ( pred1 -> eventually [0:t1] (always [t2:t3] (pred2)) ),"Globally, while the state of signal pred1 then all of the following conditions hold: at sometime during the first t1 time units, the value of signal pred2 for every time point within t2 to t3 time units.",stabilization_recurrence
always (not (pred1) or pred2),In the future until the execution ends consecutively the value of signal pred1 or the value of signal pred2 without interruption.,invariance_reachability
always ( rise (pred1) -> eventually (rise (pred2)) ),"Globally, whenever the event that the value of signal pred1 gets detected, then all of the following conditions hold: there needs to be a certain time point in the future, at which the pred2",temporal_response
always [t1:t2] (pred1 and pred2),The pred1 and pred2 for every time point in the first t1 to t2 time units.,invariance_reachability
always ( rise (pred1) -> eventually (always [0:t1] (pred2)) ),"Globally, everytime when the scenario that the pred1 gets observed then all of the following conditions are true: there will have to finally exist a certain time point in the future, at which the state of pred2 and this scenario ought to sustain without interruption for each time instant within the coming t1 time units.",stabilization_recurrence
eventually [0:t1] (pred1 and not fall (pred2)),"There should exist a certain time instant within t1 time units, at which the value of pred1 and eventually the scenario that the pred2 mustn't get observed.",invariance_reachability
always ( not (pred1) and not (pred2 and pred3) -> (not (pred4)) until [0:t1] (pred5) ),In the case the value of pred1 and the value of signal pred2 and pred3 then all of the following conditions hold: the value of pred4 and then this scenario needs to keep consistently until the mode of signal pred5 which has to be detected at a certain time point in the following t1 time units eventually.,temporal_response
always ( pred1 and (pred2 and pred3) -> eventually (pred4) ),"It is always the case that in case that pred1 and the value of pred2 and pred3 then there exists a certain time instant in the future before the end of the simulation eventually, at which the pred4",temporal_response
always ( pred1 and pred2 -> not (pred3) ),It is always the case that in case that the pred1 and pred2 then in response at the same time point the pred3,immediate_response
always ( fall (pred1) -> (pred2) until [val1:t1] (fall (pred3 and pred4)) ),"Globally, if the event that the value of signal pred1 gets detected, then all of the following conditions are true: uninterruptedly pred2 till pred3 and pred4 at a time within the following t1 time units.",temporal_response
always ( pred1 and pred2 -> eventually [0:t1] (always [0:t2] (pred3)) ),"In case that the state of pred1 and the pred2 then the following condition holds: after a certain time point during the coming t1 time units, the value of signal pred3 consistently for each moment during the coming t2 time units.",stabilization_recurrence
always ( not ((pred1) until (pred2)) -> eventually [0:t1] (always [0:t2] (pred3)) ),"It is always the case that in case that the subsequent condition is not true: the value of signal pred1 continuously until eventually the value of pred2 at a certain time instant in the future before the simulation ends, then there must ultimately exist a certain time point in the following t1 time units, after which without interruption the value of pred3 for each time instant in the next t2 time units.",stabilization_recurrence
always ( rise (pred1) -> always (pred2) ),"When the scenario that the state of pred1 happens, then without interruption the pred2 in the future.",temporal_response
always ( fall (pred1) -> eventually [0:t1] (always [0:t2] (pred2)) ),"It is always the case that everytime when the scenario that the state of signal pred1 happens, then all of the following conditions are true: finally there ought to exist a certain time point during the first t1 time units, at which pred2 and continuously this condition ought to sustain for every moment during the following t2 time units.",stabilization_recurrence
always ( rise (pred1) -> eventually (always [t1:t2] (pred2)) ),"Everytime when the scenario that the state of signal pred1 is detected, then in response ultimately at a certain moment in the future pred2 and should stay in this interval consecutively for every time point during the following t1 to t2 time units.",stabilization_recurrence
always ( rise (pred1) -> always (eventually [0:t1] (pred2)) ),When the scenario that pred1 is observed then all of the following conditions hold: for each time point in the future till the simulation ends at a certain time point during the coming t1 time units finally the mode of signal pred2,stabilization_recurrence
always ( fall (once (pred1)) -> (not (pred2)) until [0:t1] (not (pred3)) ),"Globally, everytime when the following condition will be detected to shift from true to false: once pred1 at sometime in the past starting from the beginning of the simulation then the following condition is true: the value of pred2 and then continues like that consistently till at a time in the first t1 time units eventually the value of pred3",temporal_response
eventually [0:t1] (rise (pred1) and pred2),"There shall exist sometime in the first t1 time units, at which the transition action that the value of signal pred1 will have to occur finally, and finally pred2",invariance_reachability
always ( eventually [0:t1] (pred1) -> once (fall (pred2)) ),"It is always the case that whenever there is eventually a certain time point in the next t1 time units, at which the value of pred1 then in response there should be a certain time point in the past from the start of the execution once, at which the event that the value of signal pred2 ought to occur.",temporal_response
always ( rise (pred1) -> pred2 ),In the case the value of pred1 then at the same time instant the mode of pred2,immediate_response
always ( once (pred1) -> always (eventually [t1:t2] (not (pred2))) ),"Globally, whenever there existed sometime in the past, at which the state of pred1 then the following condition is true: for every time instant in the future until the end of the simulation, at a certain time instant starting between t1 to t2 time units, the value of pred2 finally.",stabilization_recurrence
always ( not ((pred1) since (pred2 and pred3)) -> always [0:t1] (eventually [0:t2] (rise (pred4 and pred5))) ),"As soon as the subsequent condition is not true: the value of signal pred2 and pred3 at a certain time instant in the past from the start of the simulation, after this the value of pred1 then all of the following conditions are true: for every time instant during the subsequent t1 time units there exists a certain time point in less than t2 time units, at which the transition action that pred4 and pred5 needs to take place finally.",stabilization_recurrence
always ( not (always [t1:t2] (pred1)) -> always (eventually [t3:t4] (pred2)) ),"It is always the case that whenever for every moment during the next t1 to t2 time units, the value of pred1 all the time, then all of the following conditions hold: for every time point in the future until the simulation ends, at a certain time point during the coming t3 to t4 time units eventually pred2",stabilization_recurrence
always ( historically [0:t1] (pred1) -> always (eventually [0:t2] (rise (pred2 and pred3))) ),"It is always the case that if the value of signal pred1 and stays like that consecutively within the past t1 time units then the following condition holds: for every time point in the future till the end of the simulation, at a certain time point within the subsequent t2 time units the transition action that the value of pred2 and pred3 will ultimately take place.",stabilization_recurrence
always ( rise (pred1) -> pred2 ),"Whenever the transition action that the state of signal pred1 is detected, then pred2 without any delay.",immediate_response
always ( rise (pred1) -> eventually [0:t1] (fall (pred2 and pred3)) ),"Globally, if the event that the mode of signal pred1 happens, then the following condition is true: ultimately there will have to be a certain time instant starting at most t1 time units, at which the scenario that the value of pred2 and pred3 must be observed.",temporal_response
always [0:t1] (pred1 or pred2),For each moment within t1 time units consistently pred1 or consistently the value of signal pred2,invariance_reachability
always ( pred1 or not (pred2) -> (pred3) since [t1:t2] (pred4 and pred5) ),"In the case the value of pred1 or pred2 then the following condition holds: once there must be a time within the elapsed t1 to t2 time units, at which the pred4 and pred5 and after that uninterruptedly the pred3",temporal_response
always ( rise (pred1) -> always [val1:t1] (pred2) ),"Globally, in case that the scenario that the pred1 is detected, then in response the value of signal pred2 for more than t1 time units.",temporal_response
always ( pred1 or pred2 -> always (eventually (rise (pred3))) ),"Globally, when the mode of signal pred1 or the mode of signal pred2 then all of the following conditions are true: for every time point in the future until the end of the execution finally there ought to exist a time in the future before the end of the execution, at which the value of signal pred3",stabilization_recurrence
always ( not (pred1) and pred2 -> eventually [val2:t1] (always (pred3 and pred4)) ),"Globally, whenever pred1 and pred2 then all of the following conditions hold: there should be sometime in the coming t1 time units finally, at which the value of pred3 and pred4 and then will be continuing like this uninterruptedly in the future before the end of the simulation.",stabilization_recurrence
always ( rise (pred1) -> always [0:t1] (eventually [0:t2] (rise (pred2))) ),"On condition that the event that the pred1 occurs then in response for each time point during the first t1 time units at a certain time instant within the next t2 time units, ultimately the value of signal pred2",stabilization_recurrence
always ( fall (historically [0:t1] (pred1)) -> not ((pred2) until [0:t2] (pred3 and pred4)) ),"When the condition that the value of signal pred1 consecutively within the elapsed t1 time units is detected to change from true to false, then the following condition is not true: without interruption pred2 till finally the value of signal pred3 and pred4 at sometime in the following t2 time units.",temporal_response
always ( historically [0:t1] (not (pred1 and pred2)) -> eventually [t2:t3] (always [0:t4] (pred3)) ),"In the case in the last t1 time units uninterruptedly the pred1 and pred2 then all of the following conditions are true: there will have to finally exist a certain time point during the next t2 to t3 time units, after which the pred3 and this condition continues consistently for each time instant during the next t4 time units.",stabilization_recurrence
eventually [0:t1] (pred1 or rise (pred2)),"At a certain time point during the first t1 time units, the state of signal pred1 eventually or the transition action that the pred2 shall eventually happen.",invariance_reachability
always [t1:t2] (not (pred1)),"For every time point in the first t1 to t2 time units, consistently the state of pred1",invariance_reachability
always ( pred1 -> pred2 ),"Globally, during the interval that the mode of pred1 then the following condition holds: simultaneously pred2",immediate_response
always ( rise (pred1) -> (pred2) until (pred3) ),"It is always the case that if the transition action that the value of signal pred1 gets observed, then the following condition holds: the state of pred2 and must always keep like that until the mode of signal pred3 at sig3 time in the future before the end of the execution.",temporal_response
eventually [0:t1] (fall (pred1 and pred2)),"There ought to ultimately exist a certain time point within the first t1 time units, at which the event that the pred1 and pred2 will have to be detected.",invariance_reachability
always ( pred1 or not rise (pred2 and pred3) -> (not (pred4)) until [0:t1] (pred5) ),It is always the case that if the value of pred1 or the value of signal pred2 and pred3 then pred4 until the value of signal pred5 which shall be detected at sometime during the coming t1 time units.,temporal_response
always ( not (pred1 and pred2) and (pred3 and pred4) -> eventually [0:t1] (rise (pred5)) ),"It is always the case that while the value of pred1 and pred2 and the value of pred3 and pred4 then the following condition is true: there has to be sometime during the next t1 time units ultimately, at which the scenario that pred5 shall take place.",temporal_response
always ( not (pred1) -> eventually [0:t1] (always [0:t2] (not (pred2))) ),"It is always the case that everytime when the pred1 then the following condition is true: after sometime in the coming t1 time units, the value of pred2 and then this condition will always keep during the coming t2 time units.",stabilization_recurrence
always [0:t1] (pred1),"For each time instant in the first t1 time units, without interruption the value of pred1",invariance_reachability
always ( rise (pred1 and pred2) -> (pred3) until [val1:t1] (rise (pred4)) ),"Everytime when pred1 and pred2 then the following condition is true: there ought to exist a certain time instant during the subsequent t1 time units, at which the event that the value of pred4 will have to be detected eventually, till then the value of pred3 consecutively.",temporal_response
always [t1:t2] (pred1),For each time instant in the first t1 to pred1 must consecutively remain no less than t2.,invariance_reachability
always ( rise (pred1 and pred2) and pred3 -> eventually [0:t1] (always [0:t2] (pred4 and pred5)) ),"If the event that pred1 and pred2 is detected, and pred3 then all of the following conditions are true: eventually there exists a certain time instant within the following t1 time units, after which within t2 time units, the value of signal pred4 and pred5",stabilization_recurrence
eventually (pred1 or pred2),"There has to be a certain moment in the future before the execution ends, at which the value of pred1 or the pred2",invariance_reachability
always ( rise (pred1) -> not (pred2) or pred3 ),It is always the case that in case that pred1 then right away the value of pred2 or the pred3,immediate_response
always (pred1 and pred2),"In the future until the end of the execution, the value of pred1 continuously, and uninterruptedly the state of signal pred2",invariance_reachability
always (pred1),"In the future until the execution ends, pred1 all the time.",invariance_reachability
always ( rise (pred1) -> (pred2) until (fall (pred3)) ),"It is always the case that whenever the event that the pred1 occurs, then the following condition is true: the value of signal pred2 and then needs to stay like this till there is sometime in the future before the simulation ends, at which ultimately the transition action that pred3 is detected.",temporal_response
always ( fall (pred1) -> (pred2 and pred3) and fall (pred4) ),"On condition that the transition action that the value of pred1 takes place, then all of the following conditions hold: pred2 and pred3 starting without any delay and the scenario that pred4 will be observed instantly.",immediate_response
always ( rise (pred1 and pred2) -> always (pred3 and pred4) ),"It is always the case that if the transition action that the value of signal pred1 and pred2 occurs, then all of the following conditions hold: pred3 and pred4 continuously in the future until the simulation ends.",temporal_response
always ( fall (pred1) -> eventually [0:t1] (always [t2:t3] (pred2)) ),"When the scenario that the mode of pred1 is observed then in response there ought to eventually exist a certain moment in the first t1 time units, after which consecutively the pred2 for every time instant during the coming t2 to t3 time units.",stabilization_recurrence
always ( not (pred1) -> not (eventually (pred2)) ),"Globally, in case that the value of signal pred1 then in response there oughtn't to exist anytime in the future before the simulation ends, at which the pred2",temporal_response
always ( fall (pred1) -> pred2 ),When the scenario that the pred1 is observed then in response at once the pred2,immediate_response
always ( rise (pred1) -> always [t1:t2] (eventually (rise (pred2))) ),"It is always the case that whenever the scenario that the mode of signal pred1 occurs then all of the following conditions hold: for every time instant within the following t1 to t2 time units there shall be a certain time instant in the future before the simulation ends eventually, at which the event that the value of signal pred2 will have to be observed.",stabilization_recurrence
always ( pred1 -> rise (pred2) or rise (pred3) ),It is always the case that in case that the pred1 then all of the following conditions are true: in no time pred2 or starting without any delay the transition action that the value of pred3 should be observed.,immediate_response
always ( pred1 -> pred2 ),"Globally, when the value of pred1 then the following condition holds: at the same time point pred2",immediate_response
always ( rise (pred1) -> not (always [t1:t2] (pred2 and pred3)) ),"When the scenario that the mode of signal pred1 occurs, then the condition that pred2 and pred3 for each time point within the next t1 to t2 time units won't be true.",temporal_response
always ( rise (pred1) -> rise (pred2) or pred3 ),"Everytime when the transition action that pred1 takes place, then the scenario that the value of pred2 will have to be immediately observed or promptly the value of pred3",immediate_response
always ( rise (pred1) -> eventually [0:t1] (always [0:t2] (pred2)) ),"In case that the scenario that the state of pred1 gets observed then all of the following conditions hold: there ought to be ultimately a time after at most t1 time units, after which for each moment during the coming t2 time units, the value of signal pred2",stabilization_recurrence
eventually [0:t1] (rise (pred1) or fall (pred2 and pred3)),"At a certain time instant in less than t1 time units, the transition action that the value of pred1 will finally get detected or the scenario that the value of pred2 and pred3 should eventually get detected.",invariance_reachability
always ( (not fall (pred1)) until [0:t1] (pred2) -> not ((pred3) until (rise (pred4))) ),"As soon as continuously the event that pred1 does not take place till there will exist a time during the first t1 time units, at which pred2 ultimately, then the condition that pred3 all the time till the pred4 ultimately at a certain time instant in the future before the execution ends won't be true.",temporal_response
always ( rise (pred1) or pred2 -> always (eventually [0:t1] (rise (pred3))) ),It is always the case that whenever the scenario that the pred1 is detected or the value of pred2 then for every moment in the future until the execution ends at a certain moment starting at most t1 time units eventually the scenario that pred3 must get detected.,stabilization_recurrence
always ( rise (pred1) -> pred2 ),"Globally, everytime when the transition action that the value of pred1 is observed then starting without any delay the value of signal pred2",immediate_response
always ( pred1 -> pred2 ),"Globally, during the interval that pred1 then all of the following conditions are true: at once the pred2",immediate_response
always ( rise (pred1 and pred2) -> eventually [t1:t2] (pred3) ),"It is always the case that whenever the pred1 and pred2 then all of the following conditions hold: there must be a certain moment in the coming t1 to t2 time units ultimately, at which the value of signal pred3",temporal_response
always [0:t1] (pred1 and pred2),For each time instant in the first t1 time units pred1 consistently and the state of signal pred2,invariance_reachability
eventually [t1:t2] ((pred1 and pred2) and not (pred3 and pred4)),"There will exist a certain time point within t1 to t2 time units, at which the pred1 and pred2 and the value of signal pred3 and pred4",invariance_reachability
always ( fall (pred1 and pred2) -> always [0:t1] (eventually [0:t2] (pred3)) ),"It is always the case that whenever the value of pred1 and pred2 then for each moment during the coming t1 time units, at a certain time point during the next t2 time units, pred3",stabilization_recurrence
always (pred1),"In the future until the end of the simulation, uninterruptedly the value of pred1",invariance_reachability
always ( fall (pred1) -> pred2 ),"Globally, whenever the transition action that the value of signal pred1 is observed then in response at the same time instant the mode of pred2",immediate_response
always ( pred1 and pred2 -> rise (pred3 and pred4) or rise (pred5 and pred6) ),If the value of pred1 and pred2 then all of the following conditions are true: at once the transition action that the pred3 and pred4 has to be detected or the scenario that the value of pred5 and pred6 has to take place starting without any delay.,immediate_response
always ( rise (pred1) -> not ((pred2) until [0:t1] (rise (pred3))) ),"Globally, whenever the scenario that pred1 gets detected, then the condition that pred2 until the value of pred3 finally at a certain time point in less than t1 time units won't be true.",temporal_response
always ( not (pred1) and fall (pred2 and pred3) -> always [0:t1] (pred4) ),"Globally, when the value of signal pred1 and the event that pred2 and pred3 is observed, then the following condition is true: the value of signal pred4 and then this condition will remain without interruption for every moment within t1 time units.",temporal_response
always ( rise (pred1) -> pred2 ),"It is always the case that in case that the transition action that pred1 takes place, then all of the following conditions are true: the value of signal pred2 right away.",immediate_response
eventually [0:t1] (pred1),"Finally there exists a time during the first t1 time units, at which the value of pred1",invariance_reachability
always ( rise (pred1) -> pred2 ),It is always the case that if the event that pred1 gets detected then the following condition holds: at once the value of pred2,immediate_response
always ( rise (pred1) -> always [0:t1] (eventually [0:t2] (pred2 and pred3)) ),"Globally, when the event that the pred1 gets observed, then the following condition is true: for every moment in the following t1 time units there has to be eventually a certain time point during the subsequent t2 time units, at which the value of pred2 and pred3",stabilization_recurrence
always ( historically (pred1) -> always [0:t1] (eventually [0:t2] (pred2)) ),"Globally, if the pred1 and then this condition continued consecutively during the past then the following condition is true: for every time instant in the subsequent t1 time units there is a certain moment in the coming t2 time units, at which the pred2 ultimately.",stabilization_recurrence
eventually [t1:t2] ((pred1 and pred2) and pred3),At a certain time instant after between t1 to pred1 and pred2 and below t2 and eventually the value of signal pred3,invariance_reachability
always [0:t1] (pred1 and pred2),"For every time instant within the first t1 time units, the pred1 and pred2",invariance_reachability
always ( pred1 -> eventually [0:t1] (fall (pred2 and pred3)) ),In the case the value of pred1 then all of the following conditions hold: the transition action that the pred2 and pred3 will have to get observed finally at a time starting at most t1 time units.,temporal_response
always ( rise (pred1) -> pred2 and pred3 ),"It is always the case that when the scenario that the value of signal pred1 happens, then all of the following conditions hold: the value of pred2 and pred3 at once.",immediate_response
always ( rise (pred1) or fall (pred2 and pred3) -> historically [t1:t2] (pred4) ),"Globally, in case that the event that the value of signal pred1 is detected, or the scenario that the pred2 and pred3 happens, then the following condition holds: uninterruptedly the pred4 during the past t1 to t2 time units.",temporal_response
always ( pred1 and not rise (pred2) -> pred3 or (pred4 and pred5) ),"During the interval that the pred1 and the scenario that the state of signal pred2 doesn't occur, then the value of pred3 or without any delay the value of signal pred4 and pred5",immediate_response
always ( rise (pred1 and pred2) -> rise (pred3 and pred4) ),It is always the case that when the scenario that pred1 and pred2 gets observed then the following condition holds: the scenario that pred3 and pred4 has to get observed without any delay.,immediate_response
always ( pred1 -> eventually [0:t1] (always (pred2 and pred3)) ),"It is always the case that in case that the value of signal pred1 then in response at sometime after at most t1 time units, pred2 and pred3 and needs to continue like that consecutively in the future before the end of the simulation.",stabilization_recurrence
always ( fall (pred1) -> not rise (pred2) ),Everytime when the scenario that the value of pred1 is detected then the scenario that the pred2 shall not be observed.,immediate_response
eventually [t1:t2] (pred1 and not (pred2)),"There shall exist a certain moment within t1 to t2 time units, at which the mode of pred1 and the value of pred2 ultimately.",invariance_reachability
always [t1:t2] (pred1),Continuously the mode of pred1 for each time point within the first t1 to t2 time units.,invariance_reachability
always ( fall (pred1) -> eventually [t1:t2] (fall (pred2)) ),"Everytime when the scenario that the value of signal pred1 gets detected, then there ought to be a certain time instant after between t1 to t2 time units finally, at which the transition action that the pred2 shall get observed.",temporal_response
always ( historically [t1:t2] (pred1) -> eventually [t3:t4] (always [0:t5] (pred2)) ),"Globally, if pred1 and has been continuing like that all the time for the elapsed t1 to t2 time units, then all of the following conditions hold: after a certain time point within the following t3 to t4 time units, the pred2 consecutively for each time point during the coming t5 time units.",stabilization_recurrence
always ( eventually [t1:t2] (not (pred1)) -> (pred2) until [0:t3] (pred3) ),"It is always the case that if there exists a certain time instant in the coming t1 to t2 time units, at which the value of pred1 eventually then the following condition holds: the value of signal pred2 and then this scenario has to consecutively hold until finally the mode of signal pred3 which shall get detected at a certain time instant starting at most t3 time units.",temporal_response
eventually [t1:t2] (not (pred1)),"There ought to eventually exist a time within t1 to t2 time units, at which pred1",invariance_reachability
always ( rise (pred1) -> always [0:t1] (eventually [0:t2] (rise (pred2))) ),"Globally, whenever the pred1 then the following condition holds: for every time point during the subsequent t1 time units the scenario that the value of pred2 takes place eventually at sometime within the following t2 time units.",stabilization_recurrence
eventually [0:t1] (pred1),"There has to be finally a time starting at most t1 time units, at which the mode of pred1",invariance_reachability
always ( historically [0:t1] (pred1) -> always [t2:t3] (eventually [t4:t5] (pred2)) ),"As soon as within the last t1 time units, the value of pred1 then all of the following conditions hold: for every time instant within the first t2 to t3 time units, at sometime in the coming t4 to t5 time units, finally pred2",stabilization_recurrence
eventually (pred1),"At a time in the future before the end of the execution, pred1",invariance_reachability
always ( rise (pred1) -> pred2 ),It is always the case that in case that the mode of pred1 then the following condition holds: starting without any delay the state of signal pred2,immediate_response
always ( fall (pred1) -> always [t1:t2] (eventually [0:t3] (rise (pred2))) ),"If the value of signal pred1 then for each time instant in the subsequent t1 to t2 time units, the scenario that pred2 has to finally get observed at a time in the subsequent t3 time units.",stabilization_recurrence
always ( rise (pred1) -> rise ((pred2) until (pred3)) ),"In the case the transition action that pred1 occurs then in response the subsequent condition must be observed to shift from false to true: the pred3 at a time in the future before the end of the execution, till then the value of pred2",temporal_response
always ( not (pred1) and pred2 -> pred3 and pred4 ),"Globally, everytime when pred1 and the mode of pred2 then the following condition is true: pred3 at the same time, and the value of pred4 at the same time.",immediate_response
always ( fall (pred1) -> pred2 or rise (pred3 and pred4) ),"Globally, whenever the transition action that the state of signal pred1 gets detected then all of the following conditions hold: the pred2 at the same time point or the transition action that the pred3 and pred4 should be observed promptly.",immediate_response
always (not (pred1) and pred2),"In the future till the end of the simulation, continuously the value of signal pred1 and the value of signal pred2",invariance_reachability
always ( rise (pred1 and pred2) -> pred3 ),It is always the case that in case that the scenario that the pred1 and pred2 takes place then all of the following conditions are true: at the same time point pred3,immediate_response
always ( historically (not (pred1)) -> not ((pred2) until [0:t1] (not (pred3))) ),If the value of pred1 and consecutively this condition keeps in the past since the beginning of the simulation then the condition that the mode of signal pred2 until the value of pred3 eventually at a certain time instant starting at most t1 time units will not be true.,temporal_response
always ( (pred1 and pred2) and rise (pred3) -> eventually [t1:t2] (pred4) ),In case that pred1 and pred2 and the event that the value of signal pred3 gets observed then in response at a certain time point during the following t1 to t2 time units eventually the pred4,temporal_response
always [0:t1] (pred1),pred1 for more than t1 time units.,invariance_reachability
always ( rise (pred1) -> pred2 ),Everytime when the scenario that the pred1 occurs then immediately the mode of signal pred2,immediate_response
eventually [0:t1] (not (pred1)),"There ought to be a certain time instant within t1 time units, at which pred1",invariance_reachability
always ( pred1 -> eventually [0:t1] (always [0:t2] (not (pred2 and pred3))) ),"It is always the case that whenever the pred1 then in response finally at a certain time instant in the coming t1 time units, the pred2 and pred3 and then consistently this scenario needs to continue for every time point in the coming t2 time units.",stabilization_recurrence
always ( rise (pred1) -> pred2 ),"It is always the case that when the transition action that the pred1 takes place, then at the same time instant the state of signal pred2",immediate_response
always (not (pred1) or pred2),"In the future before the simulation ends, uninterruptedly the pred1 or the value of signal pred2",invariance_reachability
always ( pred1 -> eventually [0:t1] (always (pred2)) ),"It is always the case that while the mode of signal pred1 then in response there needs to exist a time in the subsequent t1 time units eventually, at which pred2 and uninterruptedly this condition needs to sustain in the future until the execution ends.",stabilization_recurrence
eventually (pred1 and pred2),"At a certain time instant in the future before the end of the simulation, pred1 finally and eventually the mode of signal pred2",invariance_reachability
always ( rise (pred1) -> eventually [0:t1] (rise (pred2)) ),"As soon as the scenario that the state of pred1 gets detected, then all of the following conditions are true: at a certain time point starting at most t1 time units, the transition action that pred2 needs to be ultimately detected.",temporal_response
always ( rise (pred1) -> pred2 ),"Globally, if the scenario that the pred1 is observed, then the value of pred2 at the same time.",immediate_response
always ( fall (pred1) -> always [0:t1] (eventually [0:t2] (rise (pred2))) ),"Globally, in case that the scenario that the state of signal pred1 happens, then for every time point in the following t1 time units there should be a certain moment during the following t2 time units, at which eventually the transition action that the value of pred2 has to take place.",stabilization_recurrence
eventually [t1:t2] (pred1),"There must be a certain time instant within the first t1 to t2 time units eventually, at which the value of pred1",invariance_reachability
always ( rise (pred1) -> eventually [0:t1] (rise (pred2)) ),"It is always the case that in case that the transition action that the value of signal pred1 happens, then in response at a time after at most t1 time units, ultimately the transition action that the value of signal pred2 must be observed.",temporal_response
always ( rise (pred1) -> (pred2) until [val3:t1] (pred3) ),"Globally, in case that the transition action that pred1 occurs then the following condition is true: at a certain time point in less than t1 time units, the value of pred3 before this the value of signal pred2",temporal_response
always ( rise (pred1) -> always [0:t1] (eventually [t2:t3] (pred2 and pred3)) ),"It is always the case that everytime when the transition action that the value of signal pred1 takes place then the following condition holds: for every moment within the next t1 time units there must exist a certain moment within the following t2 to t3 time units, at which pred2 and pred3",stabilization_recurrence
eventually [0:t1] (pred1),"There will be a certain time point starting at most t1 time units eventually, at which pred1",invariance_reachability
always ( rise (pred1) -> always [0:t1] (pred2) ),"Globally, if the scenario that the value of signal pred1 gets observed then in response the mode of pred2 and this scenario should uninterruptedly continue for each time instant during the coming t1 time units.",temporal_response
always ( fall (pred1) -> pred2 ),"As soon as the scenario that the value of pred1 gets observed, then in response the pred2 at the same time point.",immediate_response
always [0:t1] (pred1),Uninterruptedly the state of signal pred1 for each moment during the first t1 time units.,invariance_reachability
always ( pred1 and pred2 -> pred3 and pred4 ),If pred1 and the state of signal pred2 then the value of pred3 and pred4,immediate_response
always ( rise (pred1) -> eventually (always [t1:t2] (pred2)) ),"Globally, if the transition action that pred1 happens then the following condition is true: there ought to be ultimately a certain moment in the future before the end of the execution, at which pred2 and then this scenario needs to consecutively last for every time point within the subsequent t1 to t2 time units.",stabilization_recurrence
eventually (pred1),Eventually the value of pred1 at a certain time point in the future.,invariance_reachability
always [0:t1] (pred1 or pred2),For each moment in the first t1 time units without interruption the value of signal pred1 or the value of pred2,invariance_reachability
always ( not (pred1) -> always [t1:t2] (eventually [0:t3] (pred2 and pred3)) ),"Globally, when the value of signal pred1 then all of the following conditions hold: for each moment during the coming t1 to t2 time units at a certain moment within the next t3 time units, pred2 and pred3",stabilization_recurrence
always ( (pred1 and pred2) and pred3 -> (pred4 and pred5) and pred6 ),In the case pred1 and pred2 and the mode of pred3 then in response instantly the value of signal pred4 and pred5 and the pred6 without any delay.,immediate_response
eventually [t1:t2] (pred1 and pred2),"Finally there has to exist sometime during the first t1 to t2 time units, at which the value of signal pred1 and pred2",invariance_reachability
always ( fall (pred1) -> eventually [0:t1] (always [0:t2] (not (pred2 and pred3))) ),"Globally, when the value of pred1 then in response there will have to be eventually a certain time point during the coming t1 time units, after which pred2 and pred3 then this condition needs to remain without interruption for each moment within the subsequent t2 time units.",stabilization_recurrence
always ( rise (pred1) or rise (pred2) -> pred3 and pred4 ),"When the transition action that pred1 is observed, or the event that the value of pred2 takes place, then simultaneously the pred3 and pred4",immediate_response
always [0:t1] (not (pred1) and (pred2 and pred3)),"For every time instant within the first t1 time units, the value of pred1 and the value of signal pred2 and pred3 without interruption.",invariance_reachability
always ( pred1 or pred2 -> not (pred3) ),In the case the mode of pred1 or the pred2 then the following condition is true: at once the state of signal pred3,immediate_response
always [0:t1] (pred1),The value of signal pred1 uninterruptedly for each moment during the first t1 time units.,invariance_reachability
always ( fall (pred1) -> always [0:t1] (eventually [0:t2] (pred2 and pred3)) ),"Globally, in case that the scenario that the pred1 gets detected then all of the following conditions are true: fosig1very time instant within the first t1 time units, at a certain time instant in the next t2 time units the pred2 and pred3",stabilization_recurrence
always [t1:t2] (not (pred1) or pred2),"For each time point during the first t1 to t2 time units, consistently the pred1 or the pred2",invariance_reachability
always ( fall (pred1) -> not fall ((not (pred2)) until [t1:t2] (not rise (pred3 and pred4))) ),"It is always the case that in case that the transition action that the value of signal pred1 occurs then the following condition oughtn't to be observed to shift from true to false: consecutively the value of pred2 till there exists a certain moment within the coming t1 to t2 time units, at which the scenario that the value of pred3 and pred4 doesn't take place ultimately.",temporal_response
always ( historically (pred1) -> eventually [t1:t2] (always (pred2)) ),"In case that in the past since the start of the simulation, the value of signal pred1 without interruption, then the following condition is true: finally after a certain time point during the next t1 to t2 time units pred2 and then will be staying like that uninterruptedly in the future.",stabilization_recurrence
always ( pred1 and pred2 -> eventually [0:t1] (pred3 and pred4) ),"In the case the value of signal pred1 and the value of pred2 then at a certain time instant within the next t1 time units, the pred3 and pred4 ultimately.",temporal_response
always ( rise (pred1) -> always (pred2) ),"Globally, if the transition action that the value of pred1 is detected then the following condition holds: the value of signal pred2 in the future until the simulation ends.",temporal_response
always ( once [0:t1] (pred1 and pred2) -> eventually (always (pred3)) ),"Globally, everytime when there will be once a time before less than t1 time units, at which pred1 and pred2 then in response after a certain time point in the future, the value of pred3 in the future till the end of the simulation.",stabilization_recurrence
always ( rise (pred1) -> rise (pred2) ),"It is always the case that if the event that the value of pred1 occurs, then at once the transition action that the value of pred2 shall happen.",immediate_response
always ( pred1 or pred2 -> eventually [t1:t2] (always [t3:t4] (pred3)) ),"In the case pred1 or the value of signal pred2 then in response there shall be eventually sometime during the coming t1 to t2 time units, after which pred3 and then should stay at this mode uninterruptedly for each moment during the coming t3 to t4 time units.",stabilization_recurrence
always ( fall (pred1 and pred2) -> historically [0:t1] (pred3) ),"Globally, if the scenario that the value of signal pred1 and pred2 is observed, then the following condition holds: the value of pred3 then uninterruptedly this condition should remain within the last t1 time units.",temporal_response
always ( (pred1 and pred2) and fall (pred3) -> always (eventually (pred4)) ),It is always the case that if pred1 and pred2 and the event that the value of signal pred3 gets observed then for each moment in the future until the execution ends pred4 ultimately at a certain time instant in the future.,stabilization_recurrence
always ( historically [0:t1] (pred1) -> (pred2) since (pred3) ),"It is always the case that in case that the value of pred1 and has been staying like this consistently in the elapsed t1 time units, then the value of signal pred2 then this condition shall last since the mode of pred3 which ought to get observed at a certain moment in the past.",temporal_response
always ( rise (pred1) -> not (eventually [t1:t2] (rise (pred2))) ),"Everytime when the transition action that the state of signal pred1 gets observed, then there mustn't be anytime within the subsequent t1 to t2 time units, at which the transition action that the mode of signal pred2 happens.",temporal_response
always ( (pred1 and pred2) and pred3 -> not fall (eventually (rise (pred4))) ),"Globally, when the pred1 and pred2 and the value of signal pred3 then in response the following condition shan't shift from true to false: at a certain moment in the future the scenario that the pred4 ultimately occurs.",temporal_response
always ( pred1 and pred2 -> always [t1:t2] (eventually [t3:t4] (rise (pred3 and pred4))) ),"Globally, everytime when the value of pred1 and the pred2 then the following condition holds: for each time instant in the first t1 to t2 time units the scenario that the value of signal pred3 and pred4 should occur eventually at a time within the subsequent t3 to t4 time units.",stabilization_recurrence
always [0:t1] (pred1),Uninterruptedly the pred1 for each time point during the first t1 time units.,invariance_reachability
always ( rise (pred1) -> always [t1:t2] (eventually [0:t3] (rise (pred2))) ),"If the scenario that the value of pred1 takes place, then for every moment during the subsequent t1 to t2 time units the event that pred2 needs to take place ultimately at a time in the next t3 time units.",stabilization_recurrence
always ( rise (pred1) -> always [0:t1] (eventually [0:t2] (pred2 and pred3)) ),"Whenever pred1 then the following condition holds: for each time instant during the next t1 time units, ultimately the pred2 and pred3 at a certain time point in the following t2 time units.",stabilization_recurrence
eventually (rise (pred1)),"There has to be a certain moment in the future before the simulation ends, at which finally the scenario that pred1 has to occur.",invariance_reachability
always ( not (pred1 and pred2) -> always [0:t1] (eventually [0:t2] (rise (pred3))) ),"It is always the case that everytime when the value of signal pred1 and pred2 then the following condition holds: for every moment during the subsequent t1 time units, the event that the pred3 ought to get detected at a time starting at most t2 time units.",stabilization_recurrence
always ( rise (pred1 and pred2) -> always [0:t1] (eventually (pred3)) ),"Globally, everytime when the transition action that pred1 and pred2 takes place, then in response for each moment in the next t1 time units there needs to be a certain time point in the future before the execution ends, at which the pred3",stabilization_recurrence
always ( historically (pred1 and pred2) -> once [0:t1] (not (pred3)) ),"Globally, everytime when the pred1 and pred2 continuously in the past since the beginning of the execution, then all of the following conditions hold: at a certain moment within the last t1 time units once the value of signal pred3",temporal_response
always ( rise (pred1 and pred2) -> always [t1:t2] (eventually [t3:t4] (pred3)) ),"Everytime when the scenario that the value of signal pred1 and pred2 occurs then the following condition holds: for each moment within the subsequent t1 to t2 time units, the value of signal pred3 at a time starting between t3 to t4 time units.",stabilization_recurrence
always ( rise (pred1 and pred2) -> always [0:t1] (eventually (pred3)) ),"Globally, whenever the scenario that the value of pred1 and pred2 occurs then the following condition holds: for every time point in the next t1 time units, at sometime in the future ultimately the pred3",stabilization_recurrence
always ( pred1 -> not (eventually [0:t1] (pred2 and pred3)) ),"Globally, everytime when the value of pred1 then in response there should not exist anytime in the next t1 time units, at which the value of pred2 and pred3",temporal_response
always ( (pred1 and pred2) or pred3 -> always [0:t1] (eventually [0:t2] (fall (pred4))) ),"If the value of pred1 and pred2 or the state of pred3 then all of the following conditions are true: for every time instant within the subsequent t1 time units there finally exists a time within the coming t2 time units, at which the event that the value of pred4 will get detected.",stabilization_recurrence
always ( (pred1 and pred2) since [0:t1] (pred3) -> eventually [0:t2] (always [0:t3] (not (pred4))) ),"Globally, if pred1 and pred2 and consecutively this scenario has held since the value of signal pred3 once, which got detected at a certain time instant in the past t1 time units, then there is a certain moment within the following t2 time units ultimately, after which pred4 and consecutively this scenario should remain for every time instant within t3 time units.",stabilization_recurrence
always ( pred1 -> not (pred2) ),It is always the case that if pred1 then all of the following conditions hold: starting without any delay the pred2,immediate_response
eventually (fall (pred1 and pred2)),"There has to be a time in the future before the end of the execution, at which finally the scenario that the pred1 and pred2 ought to be observed.",invariance_reachability
eventually [0:t1] (pred1),At a time during the first t1 time units the value of pred1 eventually.,invariance_reachability
always [t1:t2] (pred1 and pred2),"For every moment within t1 to t2 time units, uninterruptedly the pred1 and the value of signal pred2 consecutively.",invariance_reachability
always [t1:t2] (pred1 or pred2),"For each time instant in the first t1 to t2 time units, consecutively the value of pred1 or without interruption pred2",invariance_reachability
eventually (pred1),Finally pred1 at a certain time instant in the future before the simulation ends.,invariance_reachability
always ( pred1 -> pred2 and pred3 ),"Globally, when the value of signal pred1 then all of the following conditions are true: pred2 and pred3",immediate_response
eventually [0:t1] (pred1 and pred2),"There must be sometime in less than t1 time units eventually, at which the value of signal pred1 and pred2",invariance_reachability
eventually [0:t1] (pred1),"There has to be finally a certain time instant after at most t1 time units, at which the value of signal pred1",invariance_reachability
always ( rise (pred1) -> fall (pred2 and pred3) ),"Whenever the transition action that the pred1 occurs, then the following condition is true: the event that the pred2 and pred3 will be observed right away.",immediate_response
always ( pred1 -> always (eventually [0:t1] (pred2)) ),"It is always the case that when pred1 then in response for every moment in the future before the end of the execution, there has to be a time in the coming t1 time units, at which eventually pred2",stabilization_recurrence
always ( fall (pred1 and pred2) and not (pred3) -> pred4 ),It is always the case that whenever the scenario that pred1 and pred2 happens and the pred3 then the following condition is true: the value of signal pred4 at once.,immediate_response
always ( fall (pred1) -> pred2 ),As soon as the event that the pred1 gets observed then all of the following conditions hold: pred2 starting without any delay.,immediate_response
always ( fall (pred1 and pred2) -> eventually (always [0:t1] (pred3)) ),"Everytime when the scenario that the value of pred1 and pred2 happens then all of the following conditions are true: ultimately after a certain time instant in the future before the execution ends, pred3 and uninterruptedly remains on this value for each moment within t1 time units.",stabilization_recurrence
eventually (pred1 and fall (pred2)),"There will have to exist a certain time instant in the future before the simulation ends, at which pred1 eventually and the event that pred2 shall happen finally.",invariance_reachability
always ( fall (pred1 and pred2) -> pred3 or pred4 ),"Globally, whenever the event that pred1 and pred2 occurs then the following condition is true: at the same time instant the value of pred3 or the value of pred4 at the same time instant.",immediate_response
always ( pred1 or pred2 -> historically [t1:t2] (pred3 and pred4) ),It is always the case that whenever the value of pred1 or pred2 then all of the following conditions hold: pred3 and pred4 then this scenario ought to always last in the past t1 to t2 time units.,temporal_response
always ( rise (pred1) -> always [0:t1] (eventually [0:t2] (rise (pred2 and pred3))) ),"It is always the case that whenever the event that the value of pred1 takes place, then in response for every time instant within t1 time units ultimately there ought to be a certain time instant in the coming t2 time units, at which the scenario that pred2 and pred3 ought to occur.",stabilization_recurrence
eventually (pred1),Eventually at sometime in the future pred1,invariance_reachability
always ( once [t1:t2] (not (pred1)) -> (pred2) since [0:t3] (not fall (pred3)) ),"It is always the case that if once there is a certain time instant in the last t1 to t2 time units, at which the value of pred1 then the following condition is true: pred2 all the time since there is once a time during the past t3 time units, at which the event that the state of signal pred3 isn't detected.",temporal_response
always ( fall (pred1) -> eventually (pred2) ),"It is always the case that if the event that pred1 occurs, then the following condition holds: the pred2 ultimately at a certain moment in the future before the execution ends.",temporal_response
always ( rise (pred1) -> not (eventually [0:t1] (pred2)) ),"It is always the case that everytime when the event that the value of pred1 gets detected, then in response there mustn't exist anytime in the following t1 time units, at which pred2",temporal_response
always ( rise (pred1) -> pred2 ),It is always the case that in case that the transition action that pred1 occurs then the following condition holds: the value of pred2,immediate_response
always (pred1),"In the future till the execution ends, the value of pred1 uninterruptedly.",invariance_reachability
always [0:t1] (pred1),The mode of signal pred1 without interruption for each time point within the first t1 time units.,invariance_reachability
always ( rise (pred1) -> pred2 ),In case that the transition action that the value of pred1 happens then in response at the same time point the value of pred2,immediate_response
always (pred1),pred1 consistently in the future until the end of the execution.,invariance_reachability
eventually [0:t1] (pred1 and pred2),"There needs to be eventually a certain time instant within the first t1 time units, at which the pred1 and pred2",invariance_reachability
always ( fall (pred1) -> always [0:t1] (eventually [0:t2] (rise (pred2))) ),"In case that the event that pred1 gets detected then all of the following conditions hold: for each time instant within the first t1 time units at a time during the next t2 time units, the event that the pred2 will finally get observed.",stabilization_recurrence
always ( pred1 and not fall (pred2) -> pred3 and pred4 ),It is always the case that in case that pred1 and the transition action that the pred2 doesn't get observed then the following condition is true: pred3 and pred4 at the same time instant.,immediate_response
always ( once (rise (pred1)) -> (not (pred2)) until [t1:t2] (fall (pred3 and pred4)) ),"Globally, when at sometime in the past from the start of the execution, the transition action that the pred1 would be detected once, then the pred2 then this condition ought to continue till the pred3 and pred4 finally, which will take place at a certain moment during the next t1 to t2 time units.",temporal_response
always ( rise (pred1) -> always [t1:t2] (eventually [t3:t4] (rise (pred2))) ),"Globally, in case that the scenario that pred1 takes place then all of the following conditions are true: for each time instant during the next t1 to t2 time units, the event that the value of pred2 must take place ultimately at a certain time instant within the following t3 to t4 time units.",stabilization_recurrence
eventually (rise (pred1)),Eventually the scenario that the value of pred1 needs to take place at sometime in the future.,invariance_reachability
always [0:t1] (pred1 and pred2),"Within t1 time units, consecutively the state of pred1 and pred2",invariance_reachability
always ( rise (pred1) -> always [t1:t2] (eventually [t3:t4] (pred2)) ),"On condition that the scenario that the value of signal pred1 occurs then the following condition is true: for each moment within the first t1 to t2 time units there will have to exist a certain time instant during the coming t3 to t4 time units, at which the state of pred2",stabilization_recurrence
always ( not (pred1) or not (pred2) -> pred3 and pred4 ),During the interval that pred1 or the value of pred2 then simultaneously the value of signal pred3 and simultaneously the state of signal pred4,immediate_response
always ( rise (pred1) -> eventually [0:t1] (always [0:t2] (pred2)) ),"If the scenario that the mode of signal pred1 happens, then in response finally there is a time during the coming t1 time units, at which the value of pred2 and then will have to continue like this consecutively for every moment during the following t2 time units.",stabilization_recurrence
always ( pred1 or rise (pred2 and pred3) -> always [0:t1] (eventually [0:t2] (not rise (pred4 and pred5))) ),"Globally, everytime when pred1 or the transition action that the value of pred2 and pred3 occurs, then the following condition is true: for every time point within the following t1 time units the transition action that pred4 and pred5 is not detected eventually at a certain time instant after at most t2 time units.",stabilization_recurrence
always ( rise (pred1) -> always [t1:t2] (pred2) ),When pred1 then all of the following conditions hold: the value of pred2 and then this condition needs to remain uninterruptedly during the first t1 to t2 time units.,temporal_response
always ( rise (pred1) and pred2 -> rise (pred3) and pred4 ),"It is always the case that everytime when the transition action that the value of pred1 occurs and the pred2 then all of the following conditions are true: the transition action that pred3 must be immediately detected, and immediately the value of signal pred4",immediate_response
always ( rise (pred1) -> always [t1:t2] (eventually [t3:t4] (rise (pred2))) ),"When the event that the value of pred1 is detected then all of the following conditions hold: for every time point within the subsequent t1 to t2 time units, ultimately there will exist sometime after between t3 to t4 time units, at which the scenario that the state of pred2 shall occur.",stabilization_recurrence
always ( not (pred1) or pred2 -> always [0:t1] (pred3) ),In the case the pred1 or the value of pred2 then all of the following conditions hold: consistently pred3 during the coming t1 time units.,temporal_response
always ( rise (pred1) -> pred2 ),It is always the case that everytime when the transition action that the value of signal pred1 takes place then all of the following conditions hold: the value of pred2,immediate_response
eventually [0:t1] (pred1),"Ultimately there will exist a certain time point in the first t1 time units, at which the value of signal pred1",invariance_reachability
eventually [0:t1] (pred1),The value of signal pred1 at a certain time instant within the first t1 time units.,invariance_reachability
always ( historically [0:t1] (pred1 and pred2) -> once [0:t2] (pred3 and pred4) ),"As soon as during the elapsed t1 time units pred1 and pred2 then the following condition is true: once there ought to exist a certain time point before at most t2 time units, at which the pred3 and pred4",temporal_response
always ( not (pred1) or (pred2 and pred3) -> not fall (pred4) ),It is always the case that whenever pred1 or pred2 and pred3 then the following condition is true: starting without any delay the transition action that the mode of signal pred4 does not occur.,immediate_response
always ( fall (pred1) -> pred2 ),On condition that the event that the pred1 occurs then without any delay pred2,immediate_response
always ( pred1 -> eventually (pred2) ),"Globally, everytime when the pred1 then all of the following conditions are true: the value of signal pred2 at sometime in the future.",temporal_response
always ( pred1 and not (pred2 and pred3) -> always [0:t1] (eventually (not (pred4 and pred5))) ),It is always the case that in case that the state of pred1 and the value of pred2 and pred3 then in response for each moment during the first t1 time units at sometime in the future before the simulation ends the value of pred4 and pred5 finally.,stabilization_recurrence
always ( (not (pred1)) since [val3:t1] (pred2) -> (not (pred3 and pred4)) since [val3:t2] (pred5) ),In the case the pred1 and this scenario uninterruptedly sustained since once at a certain time point during the last t1 time units the value of signal pred2 then all of the following conditions are true: the pred3 and pred4 and then this scenario sustains uninterruptedly since the value of pred5 which needed to get observed at a time in the elapsed t2 time units once.,temporal_response
always ( pred1 and pred2 -> eventually [t1:t2] (pred3 and pred4) ),"Globally, when the mode of signal pred1 and pred2 then all of the following conditions are true: finally there should exist a time in the following t1 to t2 time units, at which the value of signal pred3 and pred4",temporal_response
always [0:t1] (pred1),For every moment within the first t1 time units the value of pred1 all the time.,invariance_reachability
always ( rise (pred1 and pred2) -> not (pred3) ),"Globally, everytime when the event that the value of signal pred1 and pred2 occurs, then all of the following conditions are true: at the same moment pred3",immediate_response
always ( not (pred1) and pred2 -> always [t1:t2] (not (pred3)) ),"Whenever the value of signal pred1 and pred2 then all of the following conditions are true: for each moment in the next t1 to t2 time units, the pred3",temporal_response
eventually [t1:t2] (pred1 and pred2),"There will have to exist a certain moment during the first t1 to t2 time units, at which the value of signal pred1 and pred2",invariance_reachability
always ( pred1 and pred2 -> always [0:t1] (pred3) ),Everytime when the state of pred1 and the pred2 then the following condition holds: the value of signal pred3 and then consecutively remains in this range for every moment within t1 time units.,temporal_response
always ( pred1 or pred2 -> not rise (pred3) and pred4 ),"It is always the case that everytime when the mode of signal pred1 or the state of signal pred2 then all of the following conditions hold: the scenario that the value of signal pred3 will promptly not take place, and the value of pred4 instantly.",immediate_response
always ( not (eventually [0:t1] (pred1 and pred2)) -> eventually (always (pred3 and pred4)) ),"As soon as the condition that eventually the value of pred1 and pred2 at a certain moment in the first t1 time units is not true, then finally there should exist a certain moment in the future before the end of the simulation, after which the value of pred3 and pred4 and then must consecutively hold like that in the future till the simulation ends.",stabilization_recurrence
always ( rise (pred1) -> always [t1:t2] (pred2) ),"Globally, whenever the transition action that pred1 is detected, then all of the following conditions are true: the state of pred2 and this condition will be consecutively sustaining for every time point within the subsequent t1 to t2 time units.",temporal_response
always [0:t1] (pred1),The pred1 uninterruptedly for more than t1 time units.,invariance_reachability
always ( fall (pred1 and pred2) and pred3 -> pred4 ),It is always the case that in case that the scenario that the pred1 and pred2 happens and pred3 then the following condition is true: immediately the pred4,immediate_response
always (pred1 and (pred2 and pred3)),"In the future until the end of the simulation, the value of signal pred1 continuously and the value of pred2 and pred3",invariance_reachability
always ( not (pred1) -> pred2 ),Whenever pred1 then all of the following conditions are true: the value of signal pred2 at the same time.,immediate_response
always ( pred1 and (pred2 and pred3) -> rise (pred4) and pred5 ),"When the value of pred1 and the value of pred2 and pred3 then the following condition holds: immediately the event that the value of signal pred4 shall be observed, and the value of signal pred5 starting without any delay.",immediate_response
always ( not (pred1) -> (pred2 and pred3) and pred4 ),"Globally, during the interval that the state of signal pred1 then the following condition is true: promptly the pred2 and pred3 and pred4 without any delay.",immediate_response
always ( (pred1 and pred2) and pred3 -> eventually (pred4) ),"Globally, whenever the pred1 and pred2 and pred3 then all of the following conditions hold: at a certain time instant in the future before the end of the execution the value of pred4",temporal_response
always ( rise (pred1 and pred2) -> pred3 ),"Globally, if the scenario that the value of signal pred1 and pred2 happens then in response the state of pred3 at once.",immediate_response
always ( fall (pred1) -> rise (pred2) ),If the event that the mode of signal pred1 happens then promptly the scenario that the value of pred2 will get observed.,immediate_response
always [0:t1] (pred1 and pred2),"For each moment within t1 time units, the value of pred1 and pred2",invariance_reachability
always ( once (not rise (pred1)) -> (not (pred2)) until (fall (pred3 and pred4)) ),"As soon as there would be a certain time instant in the past from the start of the execution, at which once the scenario that the state of signal pred1 did not occur then the following condition is true: the pred2 until there exists a certain time point in the future, at which finally the transition action that the pred3 and pred4 takes place.",temporal_response
always ( rise (pred1 and pred2) -> eventually [0:t1] (always (pred3)) ),"Globally, whenever the event that the pred1 and pred2 gets detected, then in response ultimately there must be sometime during the coming t1 time units, after which continuously the value of pred3 in the future.",stabilization_recurrence
always ( pred1 -> always [t1:t2] (eventually [0:t3] (pred2)) ),"When the pred1 then the following condition is true: for every time instant in the coming t1 to t2 time units there shall exist a certain time instant after at most t3 time units, at which the value of pred2 eventually.",stabilization_recurrence
always ( once [0:t1] (pred1) -> eventually [t2:t3] (pred2) ),"Globally, whenever the value of pred1 at a certain time point during the elapsed t1 time units then all of the following conditions are true: there needs to exist a certain time point in the coming t2 to t3 time units, at which the mode of pred2",temporal_response
always ( pred1 and pred2 -> not fall (pred3 and pred4) ),If the value of pred1 and pred2 then all of the following conditions hold: in no time the transition action that pred3 and pred4 never occurs.,immediate_response
always ( rise (pred1) -> eventually [0:t1] (always [0:t2] (not (pred2))) ),"On condition that the transition action that the pred1 is observed, then all of the following conditions are true: ultimately after sometime in the following t1 time units, the value of signal pred2 then consistently this condition ought to keep for each moment during the following t2 time units.",stabilization_recurrence
eventually [0:t1] (rise (pred1 and pred2) or pred3),"There needs to be a certain time instant after at most t1 time units, at which the scenario that the value of signal pred1 and pred2 ought to finally take place or the pred3 eventually.",invariance_reachability
eventually [0:t1] (pred1 and rise (pred2)),"There will exist a certain moment within the first t1 time units, at which the value of pred1 eventually and ultimately the transition action that the value of signal pred2 needs to take place.",invariance_reachability
always ( not (pred1) -> eventually [0:t1] (always [0:t2] (pred2)) ),"Globally, whenever the mode of pred1 then the following condition is true: there will have to exist a certain time instant during the coming t1 time units eventually, after which for every time instant during the subsequent t2 time units the pred2 continuously.",stabilization_recurrence
always ( pred1 or fall (pred2) -> always [0:t1] (pred3) ),It is always the case that in case that the state of signal pred1 or the scenario that pred2 gets observed then all of the following conditions are true: consistently the value of pred3 for every moment within the coming t1 time units.,temporal_response
always ( pred1 and rise (pred2 and pred3) -> always [0:t1] (eventually [0:t2] (pred4)) ),"If the pred1 and the transition action that pred2 and pred3 is observed, then for each time point within the subsequent t1 time units, there must be a time within the subsequent t2 time units, at which the value of signal pred4 ultimately.",stabilization_recurrence
always ( pred1 -> pred2 ),If the value of pred1 then in response the value of signal pred2 without any delay.,immediate_response
always ( rise (pred1 and pred2) or pred3 -> (pred4) until [0:t1] (pred5) ),"In the case the event that the pred1 and pred2 gets detected, or the value of pred3 then all of the following conditions hold: at sometime within the following t1 time units, finally the pred5 before that the value of signal pred4",temporal_response
always ( rise (pred1) -> eventually [0:t1] (not (pred2)) ),In case that the event that the value of signal pred1 takes place then the following condition is true: the pred2 at a certain time instant during the following t1 time units.,temporal_response
always ( rise (pred1) -> always [0:t1] (pred2) ),"Globally, whenever the event that the value of pred1 gets detected then all of the following conditions are true: the pred2 and ought to continue like this without interruption in the following t1 time units.",temporal_response
always ( rise (pred1) -> historically [t1:t2] (pred2) ),"Globally, in case that the scenario that the state of pred1 takes place then in response the mode of pred2 continuously during the last t1 to t2 time units.",temporal_response
always ( rise (pred1) and pred2 -> once [0:t1] (fall (pred3 and pred4)) ),"If the transition action that the pred1 is detected and the state of signal pred2 then all of the following conditions are true: once there must exist sometime within the past t1 time units, at which the transition action that the value of signal pred3 and pred4 had to get detected.",temporal_response
always ( rise (pred1) -> (pred2) until (rise (pred3)) ),"It is always the case that everytime when the scenario that the pred1 occurs, then all of the following conditions are true: consecutively the value of pred2 until pred3 ultimately, which ought to get observed at a certain moment in the future before the execution ends.",temporal_response
always ( pred1 or fall (pred2) -> pred3 and pred4 ),On condition that pred1 or the transition action that the value of signal pred2 happens then all of the following conditions hold: the value of pred3 and pred4 in no time.,immediate_response
eventually [0:t1] (pred1),The value of pred1 at sometime starting at most t1 time units.,invariance_reachability
always ( always [t1:t2] (not rise (pred1)) -> always [0:t3] (pred2) ),"Globally, whenever the value of signal pred1 and consistently stays like this for each time instant in the first t1 to t2 time units, then in response the pred2 and then will stay in this range without interruption for every time point in the following t3 time units.",temporal_response
always ( rise (pred1) -> pred2 ),"Globally, whenever the event that pred1 is detected then the following condition is true: the value of pred2 without any delay.",immediate_response
always ( rise (pred1) -> eventually [0:t1] (always [0:t2] (pred2)) ),"Whenever the transition action that pred1 occurs then all of the following conditions are true: finally after a certain time point in the coming t1 time units, within the coming t2 time units, the value of pred2 uninterruptedly.",stabilization_recurrence
always ( not (pred1 and pred2) or pred3 -> pred4 ),During the interval that the value of signal pred1 and pred2 or pred3 then all of the following conditions hold: at the same moment the pred4,immediate_response
eventually ((pred1 and pred2) and rise (pred3)),At a time in the future ultimately the value of signal pred1 and pred2 and the scenario that the value of pred3 will be observed.,invariance_reachability
eventually [t1:t2] ((pred1 and pred2) and pred3),"At a certain moment in the first t1 to t2 time units, the value of signal pred1 and pred2 and eventually the value of signal pred3",invariance_reachability
eventually [0:t1] (rise (pred1 and pred2)),"There will exist a certain time instant within t1 time units, at which pred1 and pred2",invariance_reachability
always ( pred1 -> pred2 ),It is always the case that in case that the pred1 then starting without any delay the mode of signal pred2,immediate_response
always ( rise (pred1) -> pred2 and pred3 ),"Globally, whenever the transition action that the value of signal pred1 happens, then all of the following conditions are true: the pred2 and pred3 promptly.",immediate_response
always ( rise (pred1) -> eventually [0:t1] (not fall (pred2)) ),"If the event that the state of signal pred1 gets observed, then all of the following conditions hold: ultimately there ought to exist a certain moment during the coming t1 time units, at which the transition action that the value of pred2 should not take place.",temporal_response
always ( pred1 -> rise (pred2) ),It is always the case that whenever pred1 then in response simultaneously the transition action that the value of pred2 shall be detected.,immediate_response
always [0:t1] (not (pred1) or pred2),"For every time point within t1 time units, consistently pred1 or pred2 uninterruptedly.",invariance_reachability
always ( rise (pred1) -> pred2 and pred3 ),"Globally, whenever the pred1 then all of the following conditions hold: at once the value of signal pred2 and pred3 at the same time instant.",immediate_response
always ( rise (pred1) -> pred2 and pred3 ),"On condition that the event that the value of pred1 occurs, then all of the following conditions hold: pred2 and pred3 without any delay.",immediate_response
always ( historically [0:t1] (pred1) -> historically [0:t2] (pred2) ),"It is always the case that when within the last t1 time units, the pred1 consecutively then in response pred2 within the elapsed t2 time units.",temporal_response
always [0:t1] (pred1),Without interruption pred1 for each time instant in the first t1 time units.,invariance_reachability
always ( pred1 and pred2 -> (not rise (pred3)) until [val1:t1] (pred4) ),"During the interval that the value of pred1 and pred2 then the following condition is true: at sometime starting at most t1 time units the value of pred4 finally, till then continuously the scenario that pred3 shall not get detected.",temporal_response
eventually (pred1),"There should be finally a certain moment in the future, at which the value of signal pred1",invariance_reachability
eventually [0:t1] (rise (pred1)),"There needs to ultimately exist a time within the first t1 time units, at which the scenario that the value of signal pred1 must get detected.",invariance_reachability
always ( fall (pred1) or (pred2 and pred3) -> pred4 ),It is always the case that if the scenario that the value of pred1 is observed or the value of signal pred2 and pred3 then right away pred4,immediate_response
eventually [t1:t2] (pred1),"There shall be a certain time instant within the first t1 to t2 time units, at which the pred1",invariance_reachability
always ( rise (pred1) and rise (pred2 and pred3) -> rise (pred4) ),"It is always the case that when the scenario that the pred1 is detected, and the event that pred2 and pred3 occurs then right away the transition action that the pred4 should get observed.",immediate_response
eventually [t1:t2] (pred1 or pred2),At sometime after between t1 to t2 time units the value of signal pred1 or eventually the value of pred2,invariance_reachability
always ( rise (pred1 and pred2) and pred3 -> (pred4) until [0:t1] (rise (pred5)) ),"It is always the case that when the scenario that the pred1 and pred2 is observed, and the value of pred3 then there will have to exist sometime within the next t1 time units ultimately, at which the scenario that the value of pred5 will be observed, before that the pred4 consecutively.",temporal_response
always ( pred1 -> not (pred2) ),It is always the case that if the pred1 then all of the following conditions hold: immediately the value of signal pred2,immediate_response
always ( (pred1) since [0:t1] (pred2) -> eventually [0:t2] (pred3) ),"In case that the state of signal pred1 and remained like that since once at a certain time instant in the last t1 time units the state of pred2 then the following condition is true: there has to be a certain time instant in the first t2 time units, at which eventually the value of signal pred3",temporal_response
always ( rise (pred1 and pred2) -> fall (historically (not (pred3))) ),"Globally, whenever the event that the value of signal pred1 and pred2 takes place then the following condition has to be observed to shift from true to false: the mode of signal pred3 and then consistently this scenario continued in the past.",temporal_response
always ( fall (pred1) -> always (eventually [t1:t2] (rise (pred2))) ),"It is always the case that if the transition action that the pred1 gets observed then all of the following conditions hold: for every time instant in the future till the end of the simulation, finally there ought to be a time after between t1 to t2 time units, at which pred2",stabilization_recurrence
always [0:t1] (pred1 and pred2),For every time point in the first t1 time units the value of pred1 and pred2 uninterruptedly.,invariance_reachability
always ( rise (pred1) -> always [0:t1] (eventually [0:t2] (fall (pred2))) ),"Everytime when the scenario that pred1 happens then for each time point in the next t1 time units there ought to exist sometime in the first t2 time units, at which the transition action that pred2 will have to ultimately occur.",stabilization_recurrence
always ( rise (pred1) -> pred2 and rise (pred3) ),"Globally, when the event that pred1 gets detected then the following condition holds: the mode of pred2 at the same time point and the event that the value of signal pred3 must instantly get detected.",immediate_response
always ( rise (pred1) -> pred2 ),"Globally, in case that the scenario that pred1 is detected, then the following condition holds: at the same time instant the pred2",immediate_response
always ( rise (pred1) and rise (pred2) -> fall (pred3) ),"Globally, whenever the scenario that the value of signal pred1 happens, and the transition action that the value of signal pred2 happens, then all of the following conditions are true: the scenario that pred3 will have to be detected simultaneously.",immediate_response
always ( rise (pred1 and pred2) and rise (pred3) -> pred4 and (pred5 and pred6) ),"Globally, in case that the transition action that the value of signal pred1 and pred2 occurs and the scenario that the value of pred3 occurs, then all of the following conditions hold: without any delay the pred4 and at once the value of signal pred5 and pred6",immediate_response
always ( fall (pred1) or pred2 -> eventually [0:t1] (always [0:t2] (pred3)) ),"Globally, everytime when the scenario that the pred1 occurs or the value of signal pred2 then ultimately at a time in the next t1 time units for each time point in the next t2 time units the value of signal pred3",stabilization_recurrence
always ( fall (pred1) -> pred2 ),"Globally, everytime when the transition action that the state of pred1 gets detected then all of the following conditions hold: the pred2 immediately.",immediate_response
always ( historically [0:t1] (pred1 and pred2) -> eventually [0:t1] (always [t2:t3] (pred3)) ),"If the pred1 and pred2 within the elapsed t1 time units, then the following condition is true: at a certain moment within the coming t1 time units for every moment within the next t2 to t3 time units, consistently the value of pred3",stabilization_recurrence
always (pred1),In the future till the end of the simulation the value of pred1 consecutively.,invariance_reachability
always ( rise (pred1) -> not ((pred2) until [t1:t2] (pred3)) ),Whenever the event that the pred1 takes place then the following condition shall not be true: the value of signal pred2 and stays like that without interruption until ultimately the value of signal pred3 which is observed at a time within t1 to t2 time units.,temporal_response
always ( rise (pred1) -> (pred2 and pred3) until (rise (pred4)) ),"Globally, everytime when the event that the value of pred1 is detected then pred2 and pred3 all the time till at a time in the future before the end of the execution the event that the value of pred4 will ultimately take place.",temporal_response
always ( rise (pred1) -> not (always [0:t1] (not (pred2))) ),"Globally, when the event that pred1 is detected then in response the condition that uninterruptedly pred2 for every time point within the first t1 time units shan't be true.",temporal_response
always ( rise (pred1) -> eventually (rise (pred2)) ),In case that the pred1 then the following condition is true: the transition action that the value of pred2 shall finally occur at sometime in the future before the simulation ends.,temporal_response
always [val1:t1] (pred1 and not (pred2)),For every time instant in the first t1 time units the value of signal pred1 and without interruption the state of pred2,invariance_reachability
always ( historically [0:t1] (pred1) -> eventually [0:t2] (always [0:t3] (not rise (pred2 and pred3))) ),"In case that the mode of signal pred1 and has continued like this all the time in the last t1 time units then all of the following conditions are true: there needs to exist a time in the first t2 time units ultimately, after which consistently pred2 and pred3 for each time point during the coming t3 time units.",stabilization_recurrence
always ( (not fall (pred1 and pred2)) until [0:t1] (not (pred3)) -> not (always [0:t2] (pred4)) ),"Whenever there is finally sometime starting at most t1 time units, at which pred3 and before this continuously the transition action that the value of signal pred1 and pred2 does not occur then in response for each time point in the following t2 time units the mode of pred4 all the time.",temporal_response
always ( rise (pred1) -> pred2 ),It is always the case that everytime when the event that the mode of signal pred1 occurs then the following condition holds: the value of pred2,immediate_response
always ( rise (pred1) -> pred2 and pred3 ),"Globally, when the event that the pred1 is observed, then the value of pred2 and pred3",immediate_response
always ( rise (pred1) -> always (eventually (pred2)) ),"Globally, if the transition action that the mode of signal pred1 gets observed then for every time instant in the future until the simulation ends, finally pred2 at a certain time point in the future before the simulation ends.",stabilization_recurrence
always ( rise (pred1 and pred2) -> not fall (eventually (pred3 and pred4)) ),In the case the transition action that pred1 and pred2 happens then the condition that finally the pred3 and pred4 at a time in the future before the end of the simulation oughtn't to change from true to false.,temporal_response
always ( (pred1) since (pred2 and pred3) -> eventually (pred4) ),"It is always the case that when at a certain time point in the past from the beginning of the simulation, the value of signal pred2 and pred3 once, after that consistently pred1 then there has to exist a certain time point in the future, at which the value of signal pred4 finally.",temporal_response
always ( rise (pred1) -> always [0:t1] (eventually (rise (pred2))) ),"When the transition action that the value of pred1 takes place then all of the following conditions are true: for every time instant in the coming t1 time units, ultimately the scenario that pred2 should occur at sometime in the future before the execution ends.",stabilization_recurrence
always ( pred1 and pred2 -> always [0:t1] (pred3 and pred4) ),It is always the case that whenever the pred1 and the value of pred2 then in response the value of signal pred3 and pred4 and ought to hold like that for each moment within the coming t1 time units.,temporal_response
always [t1:t2] (pred1),"For each time point during the first t1 to t2 time units, the value of signal pred1 consistently.",invariance_reachability
always ( rise (pred1) -> always [t1:t2] (eventually (fall (pred2))) ),"Everytime when the scenario that pred1 takes place, then all of the following conditions hold: for every moment within t1 to t2 time units there shall be a time in the future, at which the transition action that the mode of pred2 occurs finally.",stabilization_recurrence
always ( rise (pred1) -> pred2 and fall (pred3) ),"It is always the case that whenever the scenario that the pred1 gets observed, then in response pred2 and the event that pred3 is detected promptly.",immediate_response
always ( rise (pred1) -> eventually [0:t1] (always [0:t2] (not (pred2))) ),"On condition that the event that pred1 happens, then all of the following conditions hold: there must be a certain moment in the first t1 time units ultimately, after which pred2 and then this scenario has to continue in the following t2 time units.",stabilization_recurrence
eventually (rise (pred1)),At a certain moment in the future before the end of the simulation the value of pred1 eventually.,invariance_reachability
always [t1:t2] (pred1 or pred2),"For every time point in the first t1 to t2 time units the value of signal pred1 continuously, or the value of pred2",invariance_reachability
eventually [val1:t1] ((pred1 and pred2) or rise (pred3)),At a certain moment in the first t1 time units finally the value of pred1 and pred2 or the event that the value of signal pred3 must ultimately happen.,invariance_reachability
always ( pred1 and rise (pred2) -> always [t1:t2] (eventually [t3:t4] (rise (pred3))) ),"If pred1 and the transition action that the value of signal pred2 is detected then for each time point during the next t1 to t2 time units, there shall be finally sometime within the next t3 to t4 time units, at which pred3",stabilization_recurrence
always ( pred1 and pred2 -> pred3 ),It is always the case that in case that the value of pred1 and pred2 then the following condition holds: the value of signal pred3,immediate_response
eventually [0:t1] (rise (pred1 and pred2) or rise (pred3)),"There has to exist a certain moment in less than t1 time units, at which the event that the pred1 and pred2 will have to be detected, or the event that the pred3 will have to get observed ultimately.",invariance_reachability
always ( historically [0:t1] (pred1) -> always [t1:t2] (eventually [0:t3] (pred2)) ),"On condition that the value of pred1 and remained in this interval during the last t1 time units, then the following condition is true: for each time instant during the subsequent t1 to t2 time units, the pred2 ultimately at sometime after at most t3 time units.",stabilization_recurrence
always ( rise (pred1) -> always [0:t1] (eventually [0:t2] (pred2)) ),"On condition that the scenario that pred1 gets observed, then the following condition is true: for each time point during the following t1 time units there is a certain moment in the subsequent t2 time units, at which ultimately the value of pred2",stabilization_recurrence
always [0:t1] (not (pred1) and not (pred2)),"Within the first t1 time units, without interruption pred1 and the value of signal pred2",invariance_reachability
always (pred1 and (pred2 and pred3)),In the future until the end of the simulation the pred1 without interruption and the value of signal pred2 and pred3,invariance_reachability
always ( not (pred1 and pred2) and pred3 -> always [0:t1] (eventually [0:t2] (pred4 and pred5)) ),"It is always the case that while the value of signal pred1 and pred2 and the value of signal pred3 then all of the following conditions are true: for every time instant during the following t1 time units there shall ultimately exist a time within the subsequent t2 time units, at which pred4 and pred5",stabilization_recurrence
always [0:t1] (pred1 or (pred2 and pred3)),For each time point in the first t1 time units continuously pred1 or the value of pred2 and pred3,invariance_reachability
always ( rise (pred1) -> once [0:t1] (not (pred2 and pred3)) ),"It is always the case that if the scenario that the pred1 happens, then the following condition is true: there had to exist a time within the past t1 time units, at which once the value of signal pred2 and pred3",temporal_response
always ( historically [t1:t2] (pred1) -> eventually [0:t3] (always [0:t4] (pred2)) ),"Globally, whenever the state of pred1 all the time during the past t1 to t2 time units then the following condition is true: ultimately there will have to be a time during the subsequent t3 time units, at which pred2 and then continues like this for each time instant within the following t4 time units.",stabilization_recurrence
always ( always (not rise (pred1)) -> always (eventually [t1:t2] (fall (pred2))) ),"Whenever uninterruptedly the transition action that the pred1 does not happen in the future till the execution ends, then the following condition holds: for every time point in the future the scenario that the value of pred2 will finally get detected at sometime during the following t1 to t2 time units.",stabilization_recurrence
always ( pred1 and pred2 -> (pred3) since [val1:t1] (rise (pred4)) ),"On condition that the value of signal pred1 and pred2 then there was sometime within the elapsed t1 time units, at which the transition action that the state of signal pred4 should take place once, after this the value of signal pred3",temporal_response
eventually (pred1 or (pred2 and pred3)),"At a time in the future, the value of signal pred1 eventually or the pred2 and pred3",invariance_reachability
always ( fall (pred1 and pred2) -> not (eventually [t1:t2] (pred3)) ),"It is always the case that when the scenario that pred1 and pred2 takes place, then there shan't be any time point in the next t1 to t2 time units, at which the mode of pred3",temporal_response
always (pred1 or pred2),"In the future until the end of the simulation, the pred1 continuously or the state of pred2 consecutively.",invariance_reachability
always ( pred1 -> pred2 ),"Globally, if pred1 then the following condition holds: at the same time point pred2",immediate_response
always ( fall (pred1) -> always [t1:t2] (eventually [0:t3] (rise (pred2 and pred3))) ),"Everytime when the event that the value of pred1 gets detected then for every moment within the coming t1 to t2 time units, the scenario that pred2 and pred3 ultimately takes place at a time within the following t3 time units.",stabilization_recurrence
always ( pred1 and (pred2 and pred3) -> (pred4) until (pred5) ),"Globally, if the value of pred1 and the value of pred2 and pred3 then the following condition is true: the mode of pred4 consecutively until eventually there is a certain time point in the future before the simulation ends, at which the value of pred5",temporal_response
always (not (pred1)),Consistently the value of signal pred1 in the future until the end of the execution.,invariance_reachability
always ( historically (pred1) -> always (eventually (pred2)) ),"Globally, everytime when the value of pred1 and this scenario has been holding in the past since the start of the execution, then in response for every time instant in the future until the simulation ends at a certain time instant in the future before the end of the simulation, the value of pred2 ultimately.",stabilization_recurrence
always ( (pred1) since [t1:t2] (not (pred2)) -> (pred3) until [t3:t4] (rise (pred4 val3)) ),"It is always the case that if pred1 all the time since at a certain moment within the last t1 to t2 time units once the value of signal pred2 then in response the value of signal pred3 until finally there exists a certain moment in the next t3 to t4 time units, at which the event that the mode of pred4 val3 takes place.",temporal_response
always ( not (pred1 and pred2) -> eventually (always (pred3)) ),"In the case the value of signal pred1 and pred2 then all of the following conditions hold: ultimately there will have to be sometime in the future before the end of the execution, at which in the future before the end of the simulation the mode of pred3 continuously.",stabilization_recurrence
always ( pred1 -> eventually [t1:t2] (always [t3:t4] (pred2)) ),"It is always the case that if the value of pred1 then all of the following conditions hold: eventually there must exist a certain moment during the next t1 to t2 time units, at which without interruption pred2 for every moment within the next t3 to t4 time units.",stabilization_recurrence
always ( historically (pred1 and pred2) -> eventually [0:t1] (always (pred3)) ),"It is always the case that if the value of signal pred1 and pred2 and consecutively this scenario last in the past, then the following condition is true: eventually after a certain moment within the first t1 time units pred3 and then will have to continue like this all the time in the future till the simulation ends.",stabilization_recurrence
always ( rise (pred1 and pred2) or (pred3 and pred4) -> historically [0:t1] (pred5 and pred6) ),"Globally, whenever the value of pred1 and pred2 or the value of signal pred3 and pred4 then all of the following conditions are true: the pred5 and pred6 and then this condition should last all the time during the elapsed t1 time units.",temporal_response
always ( pred1 or rise (pred2 and pred3) -> (not fall (pred4 and pred5)) until (pred6) ),"Globally, if the value of pred1 or the transition action that the pred2 and pred3 takes place, then there ought to exist a certain time instant in the future before the simulation ends, at which the value of signal pred6 ultimately, before this the transition action that the value of signal pred4 and pred5 shall consistently not be observed.",temporal_response
always ( pred1 or rise (pred2) -> eventually (always [t1:t2] (pred3)) ),"In case that the pred1 or the value of signal pred2 then the following condition is true: there shall eventually exist a certain moment in the future before the end of the execution, after which the value of signal pred3 for every time point during the following t1 to t2 time units.",stabilization_recurrence
always ( pred1 or pred2 -> pred3 and pred4 ),In the case the state of signal pred1 or the pred2 then the following condition is true: pred3 and pred4,immediate_response
always ( rise (pred1) -> pred2 ),When the transition action that the pred1 happens then the following condition holds: at the same time point the pred2,immediate_response
always ( (pred1 and pred2) or pred3 -> pred4 ),It is always the case that if the pred1 and pred2 or the value of pred3 then all of the following conditions hold: the value of pred4,immediate_response
always ( once [0:t1] (pred1) -> not ((pred2) until (pred3)) ),"Globally, everytime when there was a certain moment before at most t1 time units, at which the value of pred1 once then the subsequent condition must not be true: the pred2 and will be staying like this without interruption until the state of signal pred3 eventually, which will be detected at a certain time instant in the future before the end of the execution.",temporal_response
always ( pred1 and pred2 -> always (eventually [0:t1] (pred3)) ),"In case that the value of signal pred1 and the mode of signal pred2 then for each moment in the future until the execution ends, there should be sometime in the next t1 time units, at which the pred3",stabilization_recurrence
always [0:t1] (pred1),The pred1 for at least t1 time units.,invariance_reachability
always ( not (historically [0:t1] (pred1 and pred2)) -> eventually [0:t2] (rise (pred3)) ),"It is always the case that in case that in the elapsed t1 time units, the pred1 and pred2 uninterruptedly, then all of the following conditions hold: there needs to be a time in the next t2 time units, at which the scenario that the state of pred3 shall take place eventually.",temporal_response
always [0:t1] (pred1 or (pred2 and pred3)),In the first t1 time units the pred1 or pred2 and pred3 consecutively.,invariance_reachability
always ( pred1 or pred2 -> eventually (always (pred3)) ),"On condition that the state of signal pred1 or pred2 then the following condition is true: there must eventually exist sometime in the future before the end of the execution, at which pred3 and this scenario always holds in the future before the end of the execution.",stabilization_recurrence
always ( once [t1:t2] (pred1) -> (pred2) until (pred3) ),"When there would be a certain moment during the past t1 to t2 time units once, at which pred1 then the following condition is true: there will have to be sometime in the future before the execution ends ultimately, at which the pred3 and till then continuously the value of signal pred2",temporal_response
always (pred1),The state of signal pred1 all the time in the future before the execution ends.,invariance_reachability
always ( fall (pred1) -> not ((pred2) until [0:t1] (rise (pred3))) ),It is always the case that if the scenario that the state of signal pred1 happens then in response the following condition shan't be true: the mode of pred2 and will be remaining like that consecutively till at a certain time point in less than t1 time units ultimately the scenario that the mode of signal pred3 gets observed.,temporal_response
always ( pred1 -> eventually [val1:t1] (not fall (pred2)) ),Everytime when the value of pred1 then in response eventually the transition action that the value of signal pred2 should not happen at a time during the subsequent t1 time units.,temporal_response
always ( fall (pred1) -> always [0:t1] (pred2) ),It is always the case that when the scenario that the pred1 occurs then pred2 for each moment within t1 time units.,temporal_response
always ( rise (pred1) -> once [t1:t2] (pred2) ),"In case that the transition action that the value of pred1 happens, then in response at a certain time point in the last t1 to t2 time units the value of signal pred2 once.",temporal_response
always ( rise (pred1) or pred2 -> always [0:t1] (pred3) ),In the case pred1 or pred2 then the following condition holds: within t1 time units uninterruptedly pred3,temporal_response
always ( rise (pred1) -> historically [t1:t2] (pred2) ),When the transition action that the mode of signal pred1 occurs then the following condition holds: the value of signal pred2 consistently in the last t1 to t2 time units.,temporal_response
always [t1:t2] (pred1),Continuously pred1 between t1 to t2 time units.,invariance_reachability
eventually [0:t1] ((pred1 and pred2) and pred3),"There will have to exist a certain time instant in the first t1 time units, at which pred1 and pred2 and the value of signal pred3 ultimately.",invariance_reachability
always ( (pred1 and pred2) and pred3 -> (pred4) until [0:t1] (not (pred5)) ),"If pred1 and pred2 and the value of signal pred3 then all of the following conditions are true: the value of pred4 continuously until pred5 ultimately, which needs to be detected at sometime within the next t1 time units.",temporal_response
always ( fall (pred1) -> rise (pred2) ),It is always the case that if the transition action that the value of pred1 takes place then in response the scenario that the value of signal pred2 shall happen in no time.,immediate_response
always [0:t1] (pred1 or not fall (pred2)),For each time point in the first pred1 signal will consecutively keep equal to t1 or continuously the scenario that pred2 never gets observed.,invariance_reachability
always ( fall (pred1) -> pred2 and pred3 ),"Globally, in case that pred1 then all of the following conditions hold: pred2 and pred3 without any delay.",immediate_response
always ( rise (pred1) -> pred2 and pred3 ),It is always the case that whenever pred1 then all of the following conditions hold: at the same time instant the value of signal pred2 and pred3,immediate_response
always ( rise (pred1 and pred2) -> once (pred3) ),"In case that the transition action that the value of signal pred1 and pred2 is observed then all of the following conditions hold: there needed to exist a certain time point during the past, at which the value of pred3 once.",temporal_response
eventually (pred1 or pred2),"At a certain time point in the future before the end of the simulation the pred1 ultimately, or finally the value of signal pred2",invariance_reachability
always ( historically [0:t1] (pred1) -> not ((pred2 and pred3) until [0:t2] (rise (pred4))) ),"On condition that the value of pred1 during the past t1 time units, then the following condition must not be true: the pred2 and pred3 and then this scenario will last consecutively until there exists a certain time point within the coming t2 time units, at which the value of signal pred4 ultimately.",temporal_response
always ( pred1 -> pred2 ),"Globally, in case that the pred1 then the following condition holds: the value of pred2 without any delay.",immediate_response
always ( pred1 and pred2 -> eventually [0:t1] (pred3) ),"Globally, in case that the value of pred1 and pred2 then the following condition holds: the state of signal pred3 at a certain moment during the coming t1 time units.",temporal_response
always ( pred1 or pred2 -> pred3 ),"Globally, when pred1 or the pred2 then all of the following conditions hold: pred3",immediate_response
always [0:t1] ((pred1 and pred2) and pred3),"For each time point in the first t1 time units, uninterruptedly pred1 and pred2 and the value of pred3",invariance_reachability
always ( rise (pred1) -> eventually [0:t1] (fall (pred2 and pred3)) ),"It is always the case that when the transition action that the pred1 occurs, then all of the following conditions are true: there should be a time within t1 time units ultimately, at which the transition action that pred2 and pred3 must take place.",temporal_response
always ( pred1 -> always [0:t1] (eventually [0:t2] (rise (pred2 and pred3))) ),"In the case the value of signal pred1 then the following condition holds: for each time point during the first t1 time units, there shall exist a certain moment during the subsequent t2 time units, at which the scenario that pred2 and pred3 must be detected eventually.",stabilization_recurrence
always ( rise (pred1) -> historically [t1:t2] (pred2 and pred3) ),"It is always the case that if the scenario that pred1 gets observed, then in response pred2 and pred3 and then will consistently remain like this for the last t1 to t2 time units.",temporal_response
always (pred1 and not rise (pred2)),In the future till the end of the simulation the pred1 and uninterruptedly the transition action that the mode of signal pred2 mustn't be observed.,invariance_reachability
eventually [t1:t2] (pred1 and not (pred2)),"At a certain time point in the first t1 to t2 time units, eventually the state of pred1 and ultimately the value of signal pred2",invariance_reachability
always ( not (pred1) and not rise (pred2) -> always [0:t1] (eventually [0:t2] (fall (pred3 and pred4))) ),"During the interval that pred1 and the event that the value of pred2 doesn't happen, then for every time instant within the following t1 time units, there should be a certain time point after at most t2 time units, at which the scenario that the value of signal pred3 and pred4 should get observed ultimately.",stabilization_recurrence
always ( rise (pred1) -> pred2 ),It is always the case that in case that the event that the pred1 is detected then pred2,immediate_response
always ( rise (pred1) -> pred2 ),"It is always the case that whenever the transition action that pred1 is detected, then in response pred2 instantly.",immediate_response
always ( rise (pred1) -> pred2 and pred3 ),"Everytime when the scenario that the mode of pred1 happens, then all of the following conditions hold: promptly the value of signal pred2 and pred3",immediate_response
always ( rise (pred1) -> rise (pred2) and (pred3 and pred4) ),"Globally, if the scenario that pred1 occurs, then the following condition holds: immediately pred2 and pred3 and pred4 right away.",immediate_response
eventually [t1:t2] (rise (pred1) or pred2),"Ultimately there will have to be a certain time instant within the first t1 to t2 time units, at which the scenario that the pred1 will have to occur or pred2",invariance_reachability
always [0:t1] (pred1),"For the first t1 time units, consecutively the pred1",invariance_reachability
eventually (not (pred1) and not (pred2)),"At a certain time point in the future before the end of the execution, pred1 finally and finally the pred2",invariance_reachability
always ( rise (pred1 and pred2) -> eventually [0:t1] (always [0:t2] (pred3)) ),"Globally, in case that the transition action that pred1 and pred2 gets observed, then all of the following conditions are true: there exists sometime within the first t1 time units finally, after which pred3 and then this scenario will keep without interruption for at least t2 time units.",stabilization_recurrence
always ( rise (pred1) -> always [0:t1] (eventually [0:t2] (rise (pred2))) ),"Globally, in case that the scenario that pred1 is detected then the following condition is true: for each moment in the coming t1 time units at a certain moment starting at most t2 time units the transition action that the value of signal pred2 must eventually take place.",stabilization_recurrence
always ( rise (pred1) -> eventually [0:t1] (always [0:t2] (pred2)) ),Whenever the transition action that the value of pred1 gets observed then the following condition is true: at a certain time instant during the coming t1 time units the pred2 and then uninterruptedly this scenario will have to continue for each time point in the following t2 time units.,stabilization_recurrence
always (pred1 and pred2),"In the future until the end of the simulation, uninterruptedly the pred1 and consecutively pred2",invariance_reachability
eventually [0:t1] (pred1 or pred2),At a time in the first t1 time units pred1 or the pred2,invariance_reachability
always ( rise (pred1) -> (pred2) until [0:t1] (pred3 and pred4) ),"Globally, when the transition action that pred1 gets observed then all of the following conditions are true: the pred2 uninterruptedly till at a certain time point within the first t1 time units, the pred3 and pred4",temporal_response
always ( not (once [0:t1] (not (pred1 and pred2))) -> fall (always [t2:t3] (not (pred3))) ),If the subsequent condition is not true: the value of pred1 and pred2 at a time in the last t1 time units then the condition that the pred3 for each time point within t2 to t3 time units shall be observed to change from true to false.,temporal_response
always ( fall (pred1) -> always (eventually [0:t1] (not fall (pred2))) ),"Everytime when the transition action that pred1 gets detected then all of the following conditions hold: for each time instant in the future there should exist a certain time instant in the first t1 time units, at which the scenario that pred2 will ultimately not be detected.",stabilization_recurrence
always ( rise (pred1) -> eventually [0:t1] (always [0:t2] (pred2)) ),"It is always the case that whenever the event that the value of signal pred1 gets detected, then the following condition is true: finally at a certain moment within the coming t1 time units, the pred2 and this condition will be consistently sustaining for each time point in the subsequent t2 time units.",stabilization_recurrence
always ( pred1 and pred2 -> once (pred3) ),"In the event that pred1 and the mode of pred2 then the following condition is true: there ought to be once a certain time point during the past, at which the pred3",temporal_response
always ( rise (pred1) -> eventually [0:t1] (always [0:t2] (pred2)) ),"It is always the case that when the transition action that the value of signal pred1 occurs, then in response there should be a certain time point during the coming t1 time units eventually, after which the state of signal pred2 all the time for every time instant in the next t2 time units.",stabilization_recurrence
always [0:t1] (not (pred1)),"For every time point in the first t1 time units, continuously the pred1",invariance_reachability
always ( rise (pred1) -> always [t1:t2] (eventually [0:t3] (pred2)) ),"When the event that the value of pred1 occurs, then the following condition holds: for each time instant within the following t1 to t2 time units at a certain time instant within the subsequent t3 time units the pred2 ultimately.",stabilization_recurrence
always ( rise (pred1) -> (pred2) until [t1:t2] (pred3) ),"Globally, when the transition action that the state of signal pred1 is observed, then the value of signal pred2 and then ought to hold like this uninterruptedly till the value of pred3 which is detected at a certain time point within the coming t1 to t2 time units.",temporal_response
always ( pred1 -> not (always (pred2)) ),During the interval that the value of pred1 then in response in the future before the end of the simulation pred2 uninterruptedly.,temporal_response
always ( (not (pred1)) since [0:t1] (rise (pred2 and pred3)) -> always [0:t2] (pred4) ),"Globally, when the pred1 since the pred2 and pred3 once at sometime before at most t1 time units then all of the following conditions are true: the value of signal pred4 all the time for each time point in the next t2 time units.",temporal_response
always ( fall (pred1) -> not (pred2) ),"Globally, if the state of signal pred1 then in response at the same time instant the state of pred2",immediate_response
always ( rise (pred1) -> always [t1:t2] (pred2) ),"In case that the scenario that the value of pred1 occurs, then in response the pred2 and then this condition keeps all the time within the first t1 to t2 time units.",temporal_response
always ( rise (pred1) -> pred2 or pred3 ),If the transition action that pred1 is observed then the following condition holds: the value of signal pred2 simultaneously or the value of signal pred3 at the same time.,immediate_response
always ( rise (pred1) -> rise (pred2) ),When the event that the state of signal pred1 occurs then all of the following conditions are true: the scenario that the value of signal pred2 needs to occur in no time.,immediate_response
always (pred1),In the future until the simulation ends pred1 uninterruptedly.,invariance_reachability
always ( rise (pred1) -> not (pred2) and (pred3 and pred4) ),On condition that the value of signal pred1 then all of the following conditions are true: at the same time point pred2 and the pred3 and pred4 instantly.,immediate_response
always ( fall (pred1) -> historically (not (pred2)) ),"It is always the case that when the transition action that the value of signal pred1 is observed, then the following condition is true: the pred2 and this condition shall consistently continue in the past.",temporal_response
always (pred1),"In the future until the end of the simulation, without interruption the pred1",invariance_reachability
eventually [0:t1] (pred1 or pred2),"At sometime during the first t1 time units, ultimately the pred1 or ultimately the pred2",invariance_reachability
always ( rise (pred1 and pred2) -> pred3 or not fall (pred4) ),Whenever the scenario that the value of pred1 and pred2 gets detected then in response simultaneously the pred3 or immediately the transition action that the value of signal pred4 ought never to be observed.,immediate_response
always ( pred1 or (pred2 and pred3) -> (not (pred4)) until (pred5) ),"Globally, during the interval that pred1 or the value of signal pred2 and pred3 then in response there must exist a certain time instant in the future before the simulation ends, at which finally the value of pred5 until then the value of pred4",temporal_response
always ( pred1 or fall (pred2) -> eventually [t1:t2] (always (pred3 and pred4)) ),"Globally, when the value of signal pred1 or the event that the value of signal pred2 is detected then the following condition holds: eventually there must be a time during the first t1 to t2 time units, after which in the future before the end of the execution pred3 and pred4",stabilization_recurrence
always ( fall (pred1 and pred2) -> pred3 ),In the case the event that the pred1 and pred2 gets observed then all of the following conditions are true: the mode of signal pred3 starting without any delay.,immediate_response
always ( pred1 or fall (pred2) -> not (always [t1:t2] (not fall (pred3 and pred4))) ),"As soon as the value of pred1 or the event that the pred2 takes place, then the condition that consistently the pred3 and pred4 for every moment in the subsequent t1 to t2 time units shall not be true.",temporal_response
always ( rise (pred1) -> eventually (always [0:t1] (pred2)) ),"When the event that pred1 happens then all of the following conditions are true: there ought to be sometime in the future before the execution ends eventually, after which the pred2 and will be consecutively remaining on this mode for every time instant within the next t1 time units.",stabilization_recurrence
always ( rise (pred1) -> not (pred2) or rise (pred3) ),"On condition that the scenario that pred1 is detected, then all of the following conditions are true: without any delay the value of pred2 or the scenario that the pred3 has to promptly occur.",immediate_response
eventually [0:t1] (pred1),At a certain time instant starting at most t1 time units finally the mode of pred1,invariance_reachability
always ( fall (pred1 and pred2) -> eventually [0:t1] (always [t2:t3] (pred3)) ),"In case that the transition action that pred1 and pred2 occurs then the following condition holds: there should exist a time during the coming t1 time units ultimately, after which the pred3 during the following t2 to t3 time units.",stabilization_recurrence
always ( pred1 and rise (pred2 and pred3) -> always [t1:t2] (pred4) ),"In case that the pred1 and the transition action that the value of pred2 and pred3 happens, then the following condition holds: consistently the pred4 during the next t1 to t2 time units.",temporal_response
always [t1:t2] (not rise (pred1 and pred2) and pred3),"For every moment in the first t1 to t2 time units, without interruption the event that the value of signal pred1 and pred2 shall never get observed, and continuously the pred3",invariance_reachability
always ( pred1 and pred2 -> pred3 ),If the mode of pred1 and pred2 then the mode of signal pred3 immediately.,immediate_response
always ( historically [t1:t2] (not (pred1 and pred2)) -> eventually [0:t3] (always [0:t4] (not fall (pred3))) ),"Globally, everytime when the value of pred1 and pred2 and consistently continued like that in the last t1 to t2 time units, then all of the following conditions hold: after a certain time instant within the coming t3 time units, the mode of pred3 then this condition shall consecutively hold for each time instant during the subsequent t4 time units.",stabilization_recurrence
always ( rise (pred1) -> not fall (pred2 and pred3) ),"Everytime when the transition action that pred1 happens, then the following condition holds: at once the scenario that the value of pred2 and pred3 will not get detected.",immediate_response
eventually [t1:t2] (pred1),"At a certain time instant in the first t1 to t2 time units, the value of signal pred1",invariance_reachability
always ( rise (pred1 and pred2) -> pred3 ),It is always the case that when pred1 and pred2 then in response instantly the pred3,immediate_response
always ( rise (pred1) -> fall (eventually [t1:t2] (pred2)) ),"If the state of pred1 then in response the following condition should be observed to change from true to false: there will be eventually a certain time instant within the following t1 to t2 time units, at which the state of pred2",temporal_response
always ( rise (pred1) -> rise (pred2) ),It is always the case that whenever the pred1 then the scenario that the pred2 will immediately happen.,immediate_response
always ( rise (pred1) and not (pred2) -> rise (pred3) and fall (pred4 and pred5) ),"In the case the transition action that the value of signal pred1 is observed and the value of pred2 then the following condition holds: the transition action that the value of pred3 will get observed starting without any delay, and the scenario that the value of signal pred4 and pred5 ought to get detected at the same time instant.",immediate_response
always ( rise (pred1) -> pred2 ),"Globally, whenever the transition action that the value of pred1 happens, then in response the value of pred2 starting without any delay.",immediate_response
always ( rise (pred1) -> not fall (pred2) ),It is always the case that everytime when the scenario that pred1 happens then in response in no time the transition action that the value of signal pred2 shall never occur.,immediate_response
always ( pred1 -> once [0:t1] (pred2) ),"In the event that the pred1 then in response there would be a time in the elapsed t1 time units, at which once the mode of signal pred2",temporal_response
always ( rise (pred1) -> once [0:t1] (rise (pred2)) ),It is always the case that everytime when the event that the value of signal pred1 happens then the following condition is true: once the scenario that the value of pred2 had to get detected at a certain time point before less than t1 time units.,temporal_response
always [t1:t2] (pred1 and pred2),"For each time instant within the first t1 to t2 time units, consistently pred1 and the value of pred2 consecutively.",invariance_reachability
always [0:t1] (pred1 or pred2),"For every time instant within t1 time units, continuously pred1 or the value of pred2 uninterruptedly.",invariance_reachability
always ( rise (pred1 and pred2) -> eventually [t1:t2] (always [t3:t4] (pred3 and pred4)) ),"It is always the case that if the transition action that pred1 and pred2 occurs then the following condition holds: ultimately there will be a certain time instant within the coming t1 to t2 time units, at which pred3 and pred4 for each time point in the subsequent t3 to t4 time units.",stabilization_recurrence
always ( fall (pred1 and pred2) -> always [t1:t2] (pred3) ),"If the transition action that pred1 and pred2 gets observed, then all of the following conditions hold: for each time instant during the following t1 to t2 time units, the state of signal pred3 consistently.",temporal_response
always ( rise (pred1) -> always (eventually [0:t1] (not (pred2))) ),"It is always the case that everytime when the scenario that pred1 gets observed then the following condition is true: for each time point in the future till the simulation ends, finally pred2 at a certain time instant in less than t1 time units.",stabilization_recurrence
always ( pred1 and pred2 -> pred3 ),Everytime when the pred1 and the value of pred2 then the pred3 immediately.,immediate_response
always ( once (pred1 and pred2) -> eventually [0:t1] (always [0:t2] (pred3)) ),"It is always the case that whenever once there would be sometime in the past from the beginning of the simulation, at which pred1 and pred2 then there should exist a certain time instant in the next t1 time units ultimately, after which the state of pred3 and this scenario will keep consistently during the next t2 time units.",stabilization_recurrence
always ( pred1 -> eventually [0:t1] (always [0:t2] (not (pred2 and pred3))) ),"In the case the value of signal pred1 then in response at a certain time point after at most t1 time units, for each time instant within the next t2 time units the value of pred2 and pred3",stabilization_recurrence
always ( rise (pred1) -> pred2 or pred3 ),"Globally, in case that the transition action that the value of pred1 gets detected then all of the following conditions are true: pred2 at the same time or the pred3 starting without any delay.",immediate_response
always ( rise (pred1 and pred2) -> rise (pred3) or rise (pred4 and pred5) ),When the value of signal pred1 and pred2 then the following condition is true: the value of signal pred3 immediately or the event that the value of signal pred4 and pred5 has to happen at the same moment.,immediate_response
eventually [0:t1] (pred1 and pred2),"There ought to finally exist a time in less than t1 time units, at which the pred1 and the value of signal pred2",invariance_reachability
always ( not (once [t1:t2] (pred1)) -> always (eventually [t3:t4] (rise (pred2))) ),"It is always the case that when the value of pred1 for anytime within the past t1 to t2 time units, then the following condition holds: for every time point in the future before the simulation ends, there should exist a certain moment within the first t3 to t4 time units, at which the transition action that the pred2 will have to happen finally.",stabilization_recurrence
always (not (pred1 and pred2)),"In the future till the execution ends, the value of signal pred1 and pred2",invariance_reachability
always ( rise (pred1) -> historically [t1:t2] (pred2) ),It is always the case that whenever the event that the state of pred1 is detected then all of the following conditions are true: the pred2 in the past t1 to t2 time units.,temporal_response
always ( pred1 and pred2 -> always (pred3 and pred4) ),"Globally, in case that the value of pred1 and the pred2 then in the future before the end of the simulation, consecutively the value of signal pred3 and pred4",temporal_response
always ( pred1 and pred2 -> eventually [0:t1] (always [0:t2] (not (pred3))) ),"Globally, while the value of signal pred1 and pred2 then in response there needs to exist a time in less than t1 time units ultimately, after which consecutively the value of pred3 for each moment in the following t2 time units.",stabilization_recurrence
always [0:t1] (pred1),"For every time point within t1 time units, the mode of signal pred1",invariance_reachability
eventually [0:t1] (pred1 and pred2),"At a time after at most t1 time units, the pred1 and the value of pred2",invariance_reachability
always ( rise (pred1) -> rise (pred2) ),As soon as pred1 then in response at the same time the scenario that the pred2 will have to happen.,immediate_response
eventually [0:t1] (pred1),"At sometime in the first t1 time units, the pred1 eventually.",invariance_reachability
always ( fall (pred1) -> rise (pred2) or (pred3 and pred4) ),"If the mode of pred1 then the following condition is true: the scenario that the value of signal pred2 will have to happen at the same time, or pred3 and pred4 right away.",immediate_response
always ( pred1 or rise (pred2) -> always [0:t1] (eventually [0:t2] (rise (pred3))) ),"Globally, if pred1 or the value of signal pred2 then all of the following conditions hold: for each time point during the first t1 time units, the event that the mode of signal pred3 should be observed eventually at a certain time instant in less than t2 time units.",stabilization_recurrence
always ( (pred1 and pred2) until [0:t1] (pred3) -> eventually [t2:t3] (rise (pred4)) ),It is always the case that everytime when the value of pred1 and pred2 till the pred3 at a certain time point in the first t1 time units then the following condition is true: eventually the transition action that the value of pred4 shall take place at a certain time point within the first t2 to t3 time units.,temporal_response
always ( fall (pred1) -> eventually [t1:t2] (always (pred2)) ),"Globally, when the scenario that the state of signal pred1 gets observed, then all of the following conditions are true: there is a certain time point within the next t1 to t2 time units eventually, at which the value of pred2 then this condition sustains in the future until the simulation ends.",stabilization_recurrence
always ( rise (pred1) -> eventually [0:t1] (always (pred2)) ),"It is always the case that when the event that the pred1 happens then all of the following conditions hold: at a time during the coming t1 time units, in the future till the simulation ends the pred2",stabilization_recurrence
always ( fall (pred1 and pred2) -> pred3 ),"Whenever the event that the value of signal pred1 and pred2 gets observed, then pred3 right away.",immediate_response
eventually (pred1 and pred2),"There needs to eventually exist a time in the future before the execution ends, at which the value of pred1 and pred2",invariance_reachability
always (pred1 and pred2),Uninterruptedly the pred1 and pred2 in the future until the end of the execution.,invariance_reachability
always ( rise (pred1) -> always (eventually (pred2)) ),"Globally, whenever the transition action that pred1 takes place, then the following condition is true: for each moment in the future until the end of the simulation at a certain time point in the future, the value of signal pred2",stabilization_recurrence
always ( rise (pred1) -> (pred2) until (pred3 and pred4) ),"It is always the case that when the event that the value of signal pred1 occurs, then the following condition is true: uninterruptedly the value of pred2 until pred3 and pred4 which gets observed at a certain time point in the future before the execution ends.",temporal_response
always (not fall (pred1)),Uninterruptedly the transition action that the value of signal pred1 will not be observed in the future until the execution ends.,invariance_reachability
always ( fall (pred1 and pred2) -> eventually [0:t1] (always [0:t2] (pred3)) ),It is always the case that if the transition action that the value of signal pred1 and pred2 occurs then the following condition is true: at sometime in the next t1 time units the value of signal pred3 and will continuously remain in this range for each time instant in the subsequent t2 time units.,stabilization_recurrence
always ( fall (pred1) -> eventually (not (pred2)) ),"If the event that the pred1 occurs, then the following condition is true: at sometime in the future before the end of the simulation, ultimately the value of signal pred2",temporal_response
always ( pred1 and pred2 -> pred3 or (pred4 and pred5) ),"Globally, while pred1 and the pred2 then all of the following conditions hold: the mode of signal pred3 simultaneously, or the value of signal pred4 and pred5 right away.",immediate_response
always ( fall (pred1) -> always [t1:t2] (pred2) ),"It is always the case that in case that the transition action that the mode of pred1 gets detected then for each time point during the first t1 to t2 time units, the pred2",temporal_response
always ( rise (pred1) -> pred2 ),"As soon as the event that the mode of signal pred1 takes place, then all of the following conditions hold: promptly pred2",immediate_response
always ( pred1 or not fall (pred2 and pred3) -> always [t1:t2] (not fall (pred4)) ),"Globally, if pred1 or the event that the value of pred2 and pred3 is not detected then in response without interruption the scenario that the value of signal pred4 isn't detected for each time point in the following t1 to t2 time units.",temporal_response
always ( rise (pred1) -> historically [val2:t1] (not rise (pred2)) ),"Globally, if the event that pred1 takes place then all of the following conditions are true: during the past t1 time units the scenario that the value of pred2 will not have taken place.",temporal_response
always ( rise (pred1) -> pred2 ),It is always the case that in case that the event that pred1 is detected then in response at the same time the pred2,immediate_response
eventually [0:t1] (pred1 or rise (pred2)),At a certain time point within the first t1 time units pred1 or the event that pred2 ought to happen.,invariance_reachability
always ( rise (pred1) -> not (eventually (fall (pred2))) ),"Globally, if the transition action that pred1 gets detected then in response the subsequent condition is not true: there will exist a certain time instant in the future before the simulation ends ultimately, at which the transition action that the pred2 will occur.",temporal_response
always ( rise (pred1) -> pred2 ),"Globally, everytime when the event that the value of signal pred1 gets detected, then at once the mode of signal pred2",immediate_response
eventually [t1:t2] (pred1 or pred2),At a certain moment within the first t1 to t2 time units eventually the value of pred1 or pred2 finally.,invariance_reachability
always ( always [0:t1] (pred1) -> always [0:t2] (eventually [0:t3] (rise (pred2))) ),"Globally, in case that continuously the pred1 for every time instant within the coming t1 time units then the following condition is true: for each moment during the subsequent t2 time units at a certain time instant within t3 time units the event that the value of pred2 should be finally detected.",stabilization_recurrence
always ( rise (pred1 and pred2) -> always [t1:t2] (eventually [0:t3] (pred3)) ),"When the event that the value of signal pred1 and pred2 is detected, then all of the following conditions are true: for every time instant during the subsequent t1 to t2 time units, there will be sometime during the following t3 time units, at which finally the value of pred3",stabilization_recurrence
eventually (pred1),"There has to exist a certain moment in the future before the end of the simulation, at which ultimately the value of signal pred1",invariance_reachability
always ( fall (always [t1:t2] (pred1)) -> eventually [0:t3] (always [0:t4] (pred2)) ),"When the following condition will shift from true to false: for every time point in the first t1 to t2 time units, consecutively pred1 then there will have to be a time starting at most t3 time units finally, at which pred2 and this scenario will be consecutively sustaining for each moment within the following t4 time units.",stabilization_recurrence
always ( fall (pred1) -> historically [t1:t2] (not (pred2)) ),On condition that pred1 then the following condition is true: the pred2 within the last t1 to t2 time units.,temporal_response
always ( rise (pred1) -> pred2 or not (pred3) ),"It is always the case that whenever the transition action that the value of signal pred1 is observed then the pred2 simultaneously, or immediately the pred3",immediate_response
always ( always (pred1) -> (pred2) until [t1:t2] (pred3) ),If the pred1 in the future before the execution ends then all of the following conditions are true: the pred2 and uninterruptedly this scenario will hold until at a certain time instant during the first t1 to t2 time units the mode of signal pred3,temporal_response
eventually [0:t1] (not (pred1)),"There shall exist a certain time instant within the first t1 time units, at which eventually the value of signal pred1",invariance_reachability
eventually [t1:t2] (pred1),At a certain time instant during the first t1 to t2 time units pred1 ultimately.,invariance_reachability
always ( pred1 or (pred2 and pred3) -> pred4 ),It is always the case that if pred1 or the pred2 and pred3 then in response right away the mode of signal pred4,immediate_response
eventually (rise (pred1)),"At sometime in the future, the event that the value of signal pred1 ultimately happens.",invariance_reachability
always ( pred1 and not (pred2) -> pred3 ),In the case pred1 and pred2 then the following condition is true: the value of pred3,immediate_response
always [0:t1] (pred1 and pred2),For each moment within the first t1 time units continuously the value of pred1 and the pred2 all the time.,invariance_reachability
always (not (pred1) and pred2),"In the future before the execution ends, consecutively the mode of signal pred1 and the state of pred2",invariance_reachability
always ( (pred1) since (rise (pred2)) -> (not (pred3)) until [0:t1] (pred4) ),"It is always the case that when there is a certain time point during the past, at which once the scenario that the value of signal pred2 will get observed, after this without interruption the pred1 then the value of signal pred3 then this scenario has to sustain without interruption till at sometime within the subsequent t1 time units the value of pred4",temporal_response
always ( pred1 -> pred2 and pred3 ),"Globally, while pred1 then the following condition is true: the value of pred2 and pred3",immediate_response
eventually [0:t1] ((pred1 and pred2) and pred3),"At sometime after at most t1 time units, ultimately the value of signal pred1 and pred2 and the value of signal pred3",invariance_reachability
always [t1:t2] (pred1),"For each time instant during the first t1 to t2 time units, the value of pred1 all the time.",invariance_reachability
always ( pred1 -> rise (pred2) ),In case that the value of signal pred1 then the following condition is true: right away pred2,immediate_response
always ( rise (pred1) -> fall (pred2) ),"It is always the case that everytime when the transition action that the pred1 gets detected, then the transition action that the value of pred2 gets detected.",immediate_response
always ( rise (pred1 and pred2) -> not rise ((pred3) until (pred4)) ),In the case the transition action that the pred1 and pred2 occurs then the condition that pred3 all the time until the pred4 eventually at a certain moment in the future before the simulation ends is not detected to shift from false to true.,temporal_response
always ( pred1 and rise (pred2) -> not ((pred3) until [0:t1] (fall (pred4))) ),"Globally, in case that the state of signal pred1 and the scenario that the value of signal pred2 is detected then in response the following condition is not true: the value of pred3 till at a certain time instant during the following t1 time units, the event that the mode of pred4 is ultimately observed.",temporal_response
always [0:t1] (pred1),The state of signal pred1 consecutively for each time instant in the first t1 time units.,invariance_reachability
always ( (pred1) since (pred2) -> always [0:t1] (not (pred3)) ),"In the case at a certain time point in the past from the start of the simulation, the pred2 after that the mode of pred1 consistently, then all of the following conditions are true: consistently pred3 for each time instant within the next t1 time units.",temporal_response
always ( rise (pred1) -> pred2 ),"Globally, everytime when the event that the value of pred1 takes place then in response at the same time point the mode of pred2",immediate_response
always ( fall (pred1 and pred2) -> eventually (rise (pred3)) ),"Globally, everytime when pred1 and pred2 then all of the following conditions are true: there should be a time in the future before the end of the execution, at which the event that the value of pred3 must be ultimately detected.",temporal_response
always [0:t1] (pred1 and pred2),For every time instant within t1 time units the value of signal pred1 and pred2 consistently.,invariance_reachability
always [t1:t2] (pred1),Without interruption the state of pred1 for each time instant within t1 to t2 time units.,invariance_reachability
always ( historically [0:t1] (not (pred1 and pred2)) -> fall (eventually [t2:t3] (rise (pred3))) ),On condition that in the past t1 time units the pred1 and pred2 then in response the condition that eventually the pred3 at a time within the coming t2 to t3 time units will have to be observed to shift from true to false.,temporal_response
always ( not (pred1) and pred2 -> eventually [0:t1] (always [0:t2] (pred3)) ),"In the case the state of signal pred1 and the value of signal pred2 then eventually there shall be a certain time point within the next t1 time units, at which uninterruptedly the value of signal pred3 for each time instant in the subsequent t2 time units.",stabilization_recurrence
eventually (rise (pred1) or pred2),"At a certain time instant in the future, finally the scenario that the value of signal pred1 shall happen, or ultimately the value of pred2",invariance_reachability
always ( rise (pred1) -> pred2 and not (pred3) ),"In the case the transition action that pred1 is observed, then in response at once the mode of pred2 and at the same moment the pred3",immediate_response
always [t1:t2] (pred1 and pred2),For each moment within the first t1 to t2 time units without interruption the value of signal pred1 and the pred2,invariance_reachability
always ( once [t1:t2] (rise (pred1)) -> always [0:t3] (eventually [0:t4] (rise (pred2))) ),"Whenever there was once a certain time point during the last t1 to t2 time units, at which the scenario that the mode of pred1 would be detected then for each time point within t3 time units, at a certain time point in less than t4 time units, eventually the scenario that the value of signal pred2 must be observed.",stabilization_recurrence
eventually (rise (pred1 and pred2) and pred3),"There shall exist sometime in the future before the execution ends, at which eventually the event that the value of pred1 and pred2 needs to be detected and ultimately the value of pred3",invariance_reachability
eventually (not (pred1)),The value of signal pred1 ultimately at a certain moment in the future before the simulation ends.,invariance_reachability
always ( rise (pred1) -> pred2 ),"Whenever the transition action that the value of pred1 occurs, then at the same time point the value of signal pred2",immediate_response
always ( pred1 and pred2 -> eventually [t1:t2] (always [0:t3] (pred3)) ),"It is always the case that while the value of signal pred1 and pred2 then all of the following conditions hold: there ought to be ultimately a certain time point in the next t1 to t2 time units, at which pred3 and then will have to uninterruptedly remain in this interval for at least t3 time units.",stabilization_recurrence
always [0:t1] (pred1),For each moment in the first t1 time units the state of pred1 without interruption.,invariance_reachability
always ( fall (pred1 and pred2) -> always [0:t1] (eventually [0:t2] (rise (pred3))) ),"Globally, when the scenario that pred1 and pred2 takes place then the following condition is true: for every moment within the coming t1 time units, ultimately the scenario that pred3 will take place at a time in less than t2 time units.",stabilization_recurrence
always ( rise (pred1) -> eventually [0:t1] (always [0:t2] (pred2)) ),"It is always the case that if the transition action that pred1 gets detected then the following condition holds: there must be ultimately sometime during the next t1 time units, at which the value of pred2 for every time instant within the next t2 time units.",stabilization_recurrence
always ( rise (pred1) and pred2 -> eventually [0:t1] (always [0:t2] (pred3)) ),"It is always the case that when the transition action that the pred1 gets detected and the value of signal pred2 then in response there will exist a certain time instant in less than t1 time units, after which the pred3 for every time point during the next t2 time units.",stabilization_recurrence
always ( rise (pred1) -> pred2 ),"As soon as the transition action that the value of signal pred1 takes place, then the pred2",immediate_response
always ( pred1 -> not (pred2) ),It is always the case that whenever the pred1 then at the same moment the value of signal pred2,immediate_response
always ( pred1 and pred2 -> eventually [t1:t2] (pred3) ),"Everytime when the value of pred1 and pred2 then there needs to exist sometime during the coming t1 to t2 time units, at which pred3",temporal_response
always ( rise (pred1 and pred2) or pred3 -> eventually [0:t1] (always (pred4 and pred5)) ),"Everytime when the transition action that pred1 and pred2 takes place or the mode of pred3 then the following condition is true: eventually at a certain time point during the coming t1 time units, the value of pred4 and pred5 in the future.",stabilization_recurrence
always ( (pred1 and pred2) since [0:t1] (not fall (pred3)) -> always (eventually [0:t2] (rise (pred4))) ),"Everytime when at a time before at most t1 time units, once the transition action that the value of signal pred3 would not take place, and after this pred1 and pred2 without interruption then all of the following conditions are true: for each time point in the future until the simulation ends the transition action that the state of pred4 will have to be ultimately detected at a certain moment within t2 time units.",stabilization_recurrence
always ( rise (pred1) -> always [t1:t2] (eventually [t3:t4] (pred2 and pred3)) ),"In the case the transition action that the value of pred1 occurs then the following condition holds: for each time instant within t1 to t2 time units, at a time within t3 to t4 time units, the pred2 and pred3",stabilization_recurrence
always ( rise (pred1) or pred2 -> pred3 and pred4 ),It is always the case that if the event that pred1 gets observed or the value of signal pred2 then in response pred3 and pred4,immediate_response
always (pred1),"In the future until the simulation ends, pred1",invariance_reachability
always ( not fall (pred1) -> always (eventually [t1:t2] (pred2)) ),During the interval that the value of pred1 then all of the following conditions hold: for every moment in the future till the end of the simulation the value of pred2 eventually at a certain time point in the following t1 to t2 time units.,stabilization_recurrence
always ( rise (pred1) -> eventually (pred2) ),"It is always the case that in case that the event that the pred1 happens, then the following condition is true: there must be a time in the future before the end of the execution, at which ultimately the value of pred2",temporal_response
eventually (rise (pred1) or not (pred2)),"There should exist a certain moment in the future before the end of the simulation, at which ultimately the transition action that the pred1 has to be detected, or the pred2 eventually.",invariance_reachability
eventually [0:t1] (fall (pred1)),"There ought to be finally a time within the first t1 time units, at which the transition action that the value of pred1 will have to take place.",invariance_reachability
always ( pred1 and pred2 -> always [0:t1] (eventually [0:t2] (not fall (pred3))) ),"In the case the value of signal pred1 and pred2 then the following condition is true: for every moment during the subsequent t1 time units, there should be sometime within the subsequent t2 time units, at which the transition action that pred3 does not happen.",stabilization_recurrence
eventually [0:t1] (pred1 and pred2),"Ultimately there will have to be sometime after at most t1 time units, at which the value of signal pred1 and pred2",invariance_reachability
always ( rise (pred1) -> not (eventually [0:t1] (pred2 and pred3)) ),"Everytime when the event that the value of signal pred1 is observed, then in response at any time instant during the next t1 time units, the value of pred2 and pred3",temporal_response
always ( pred1 and rise (pred2) -> pred3 or not (pred4 and pred5) ),"Globally, whenever the mode of signal pred1 and the event that the value of pred2 occurs then all of the following conditions hold: right away pred3 or the value of pred4 and pred5 instantly.",immediate_response
always ( pred1 -> fall (pred2) ),As soon as the pred1 then at once the transition action that the pred2 should be observed.,immediate_response
eventually [0:t1] (rise (pred1) and pred2),"There ought to exist sometime starting at most t1 time units, at which the event that pred1 gets observed and the pred2 ultimately.",invariance_reachability
always [0:t1] (pred1),During the first t1 time units pred1 consecutively.,invariance_reachability
always ( fall (pred1 and pred2) -> not fall (always (not (pred3))) ),"Globally, in case that the scenario that the value of signal pred1 and pred2 happens then the subsequent condition should not shift from true to false: in the future till the end of the simulation, continuously pred3",temporal_response
always [t1:t2] (not (pred1) and (pred2 and pred3)),Within the first t1 to t2 time units the value of pred1 and pred2 and pred3,invariance_reachability
always ( rise (pred1) -> not (eventually [0:t1] (rise (pred2))) ),"On condition that the scenario that the value of pred1 happens, then there shan't be any time instant during the subsequent t1 time units, at which the transition action that pred2 will occur.",temporal_response
always [t1:t2] ((pred1 and pred2) and pred3),"For each time instant during the first t1 to t2 time units, uninterruptedly the value of pred1 and pred2 (closed) and the pred3",invariance_reachability
always ( pred1 and pred2 -> always [0:t1] (eventually [0:t2] (pred3 and pred4)) ),"It is always the case that when the pred1 and pred2 then in response for each moment in the first t1 time units, at a certain moment during the next t2 time units, the value of signal pred3 and pred4",stabilization_recurrence
eventually [t1:t2] (fall (pred1) or pred2),"There should be a certain moment after between t1 to t2 time units, at which finally the value of pred1 or pred2",invariance_reachability
always [0:t1] ((pred1 and pred2) and pred3),For each time instant within t1 time units consistently the value of pred1 and pred2 and the pred3,invariance_reachability
always ( fall (pred1 and pred2) -> always [0:t1] (pred3) ),"Globally, in case that the pred1 and pred2 then in response pred3 and needs to keep like this for each time point during the coming t1 time units.",temporal_response
always ( rise (pred1 and pred2) and pred3 -> pred4 ),"Globally, in case that the transition action that the value of pred1 and pred2 takes place, and the mode of pred3 then the mode of signal pred4 at the same moment.",immediate_response
always ( rise (pred1) or pred2 -> pred3 ),"Globally, whenever the pred1 or the pred2 then all of the following conditions hold: pred3",immediate_response
always ( pred1 or pred2 -> eventually [0:t1] (always [0:t2] (pred3)) ),"Globally, everytime when pred1 or the value of signal pred2 then the following condition holds: there exists a certain time instant in the next t1 time units eventually, at which the pred3 and then shall continuously stay in this range for every time instant within t2 time units.",stabilization_recurrence
always [0:t1] (pred1),For each time instant in the first t1 time units the pred1,invariance_reachability
always ( rise (pred1) -> always [0:t1] (eventually [0:t2] (fall (pred2))) ),It is always the case that everytime when the transition action that pred1 takes place then all of the following conditions hold: for each time instant within t1 time units at a time during the coming t2 time units finally the state of signal pred2,stabilization_recurrence
always ( pred1 and (pred2 and pred3) -> eventually (rise (pred4 and pred5)) ),It is always the case that when the value of signal pred1 and the pred2 and pred3 then in response the transition action that the value of pred4 and pred5 must occur eventually at a certain time instant in the future.,temporal_response
always ( pred1 or (pred2 and pred3) -> not (always (pred4 and pred5)) ),It is always the case that if the value of pred1 or pred2 and pred3 then the pred4 and pred5 all the time in the future before the end of the execution.,temporal_response
always [t1:t2] (pred1 and pred2),"For every time instant in the first t1 to t2 time units, the value of signal pred1 and the mode of pred2",invariance_reachability
always ( fall (pred1 and pred2) and (pred3 and pred4) -> pred5 ),"It is always the case that when the transition action that the value of signal pred1 and pred2 is detected, and the value of signal pred3 and pred4 then the following condition is true: at the same time point the pred5",immediate_response
always (not (pred1 and pred2) or pred3),In the future till the simulation ends the pred1 and pred2 or the value of pred3 consistently.,invariance_reachability
always ( pred1 or pred2 -> not (eventually [0:t1] (pred3)) ),"Everytime when pred1 or pred2 then at any time point during the subsequent t1 time units, the pred3",temporal_response
always (pred1),pred1 all the time in the future till the execution ends.,invariance_reachability
always ( fall (pred1 and pred2) -> pred3 ),"Globally, when the value of signal pred1 and pred2 then all of the following conditions are true: at the same time instant pred3",immediate_response
always ( rise (pred1) -> eventually [0:t1] (always [0:t2] (pred2)) ),"When the scenario that the value of signal pred1 is observed, then all of the following conditions hold: there needs to be ultimately a time in less than t1 time units, at which pred2 and then will be always continuing like this within t2 time units.",stabilization_recurrence
eventually [0:t1] (not fall (pred1) and pred2),At a certain moment in less than t1 time units finally the value of pred1 and eventually the mode of pred2,invariance_reachability
always ( not (pred1) -> eventually [0:t1] (rise (pred2)) ),"Globally, if the value of signal pred1 then in response the scenario that the value of pred2 will occur eventually at a certain time point during the following t1 time units.",temporal_response
always (pred1 or pred2),"In the future till the end of the simulation, the pred1 or consistently the value of pred2",invariance_reachability
always ( rise (pred1) -> (pred2 and pred3) or rise (pred4) ),"Globally, whenever the scenario that pred1 takes place then all of the following conditions are true: starting without any delay the pred2 and pred3 or the scenario that the pred4 has to get detected.",immediate_response
always ( fall (pred1) -> always [t1:t2] (eventually [0:t3] (rise (pred2))) ),"In case that the event that the state of pred1 is detected then the following condition holds: for each time instant in the next t1 to t2 time units there needs to be sometime during the next t3 time units, at which the event that the mode of signal pred2 needs to happen eventually.",stabilization_recurrence
always ( rise (pred1) or rise (pred2) -> once [t1:t2] (pred3) ),"It is always the case that everytime when the transition action that the value of signal pred1 occurs, or the value of signal pred2 then in response the value of pred3 once at a certain moment in the past t1 to t2 time units.",temporal_response
always ( rise (pred1) -> eventually [t1:t2] (always [0:t3] (pred2)) ),"It is always the case that whenever the event that pred1 gets detected then there needs to be eventually sometime within the coming t1 to t2 time units, after which pred2 and ought to consistently keep like that for each time point in the following t3 time units.",stabilization_recurrence
always [t1:t2] (pred1 and pred2),For every time instant within t1 to t2 time units the value of signal pred1 consistently and the pred2 uninterruptedly.,invariance_reachability
always ( once (pred1 and pred2) -> (pred3) until (not (pred4)) ),"It is always the case that everytime when there would exist a certain time point in the past starting from the beginning of the simulation once, at which the value of pred1 and pred2 then in response the value of pred3 and this scenario shall always keep until the mode of pred4 at a certain time point in the future before the end of the simulation.",temporal_response
always ( rise (pred1 and pred2) -> eventually [t1:t2] (always [0:t3] (pred3)) ),"Globally, whenever the value of signal pred1 and pred2 then all of the following conditions hold: there must eventually exist a certain time point in the subsequent t1 to t2 time units, after which for the subsequent t3 time units, pred3",stabilization_recurrence
always ( rise (pred1) -> pred2 ),"Globally, if the event that pred1 gets detected then all of the following conditions are true: the value of pred2 at once.",immediate_response
eventually [0:t1] (pred1),"There has to ultimately exist a certain moment in the first t1 time units, at which the state of signal pred1",invariance_reachability
eventually [0:t1] (pred1 or pred2),"There should exist sometime within t1 time units, at which pred1 or the pred2",invariance_reachability
always ((pred1 and pred2) and not (pred3)),"In the future until the simulation ends, the pred1 and pred2 without interruption, and continuously the value of pred3",invariance_reachability
always ( fall (pred1 and pred2) -> pred3 and pred4 ),"Globally, everytime when the scenario that pred1 and pred2 takes place then all of the following conditions are true: in no time the pred3 and pred4",immediate_response
eventually [0:t1] (pred1),"At a certain time point within the first t1 time units, the mode of signal pred1",invariance_reachability
always ( fall (pred1) -> pred2 ),"In the case the scenario that the value of signal pred1 takes place, then the following condition holds: instantly the mode of pred2",immediate_response
always ( rise (pred1) -> always [t1:t2] (eventually (fall (pred2))) ),"If the event that the value of pred1 is detected then for every time instant within the subsequent t1 to t2 time units there has to be a certain time instant in the future, at which finally the scenario that the value of pred2 should be detected.",stabilization_recurrence
always ( pred1 -> once [t1:t2] (pred2) ),"During the interval that the value of pred1 then at a certain time instant in the last t1 to t2 time units, pred2",temporal_response
always ( eventually [0:t1] (pred1) -> (pred2) until [t2:t3] (not (pred3)) ),"In the case there is finally a certain moment after at most t1 time units, at which the pred1 then the following condition is true: the value of pred2 all the time until the value of signal pred3 which will be observed at a certain moment within the following t2 to t3 time units.",temporal_response
always ( fall (pred1) -> pred2 ),"In case that the scenario that the pred1 gets detected, then the following condition is true: promptly the mode of pred2",immediate_response
always ( rise (pred1) -> always [t1:t2] (pred2) ),"It is always the case that when the scenario that the value of pred1 gets detected, then the following condition is true: the value of pred2 then this scenario will have to keep without interruption for each time instant during the following t1 to t2 time units.",temporal_response
always ( fall (pred1) -> always [0:t1] (eventually (pred2)) ),"It is always the case that in case that the scenario that the value of signal pred1 takes place, then the following condition is true: for every time instant during the following t1 time units at a time in the future before the end of the execution, ultimately pred2",stabilization_recurrence
always ( fall (pred1 and pred2) -> pred3 ),If the scenario that the value of signal pred1 and pred2 occurs then all of the following conditions are true: pred3 immediately.,immediate_response
always ((pred1 and pred2) or not (pred3)),In the future till the execution ends pred1 and pred2 or the value of signal pred3,invariance_reachability
always ( pred1 and pred2 -> always [0:t1] (not (pred3)) ),It is always the case that when the mode of pred1 and the pred2 then all of the following conditions hold: uninterruptedly pred3 for each time instant during the coming t1 time units.,temporal_response
always ( rise (pred1) -> always [0:t1] (eventually [0:t2] (fall (pred2))) ),"As soon as the pred1 then the following condition is true: for every time instant in the first t1 time units, there ought to be a certain moment during the following t2 time units ultimately, at which the transition action that the value of signal pred2 ought to get detected.",stabilization_recurrence
always ( fall (pred1) -> historically (pred2 and pred3) ),When the scenario that the state of pred1 is detected then all of the following conditions are true: the value of pred2 and pred3 and then has to continuously remain in this range in the past since the start of the simulation.,temporal_response
eventually (pred1 and fall (pred2)),"At a certain time point in the future before the simulation ends the value of signal pred1 finally, and finally the event that the value of signal pred2 has to get detected.",invariance_reachability
always ( rise (pred1) -> pred2 or pred3 ),"In the case the scenario that the value of pred1 occurs, then all of the following conditions are true: simultaneously the value of signal pred2 or starting without any delay the value of signal pred3",immediate_response
always ( rise (pred1) -> eventually [t1:t2] (always [val2:t3] (pred2)) ),"As soon as the transition action that the value of pred1 is observed then the following condition holds: there exists a certain time instant starting between t1 to t2 time units, after which uninterruptedly pred2 for each moment within t3 time units.",stabilization_recurrence
always ( rise (pred1) -> always [0:t1] (eventually [0:t2] (rise (pred2))) ),"Globally, whenever the event that pred1 gets detected, then the following condition holds: for every moment within the following t1 time units, at a certain moment starting at most t2 time units, the scenario that the value of pred2 will have to eventually get observed.",stabilization_recurrence
always ( pred1 -> eventually [0:t1] (always [0:t2] (pred2)) ),"It is always the case that everytime when the mode of pred1 then finally there will exist a certain time instant during the first t1 time units, after which the pred2 and must stay in this range continuously for each time point in the next t2 time units.",stabilization_recurrence
always ( not fall (historically [0:t1] (pred1)) -> eventually (pred2) ),In case that the following condition does not shift from true to false: the state of pred1 in the elapsed t1 time units then the following condition is true: ultimately at a certain time instant in the future before the end of the simulation the value of pred2,temporal_response
always ( not (pred1) or not fall (pred2) -> pred3 and rise (pred4) ),"It is always the case that if the value of pred1 or the event that the value of pred2 doesn't take place, then at the same time the pred3 and right away the event that the value of pred4 must be observed.",immediate_response
always ( pred1 -> (pred2 and pred3) or pred4 ),"It is always the case that in case that the mode of signal pred1 then the following condition is true: the value of signal pred2 and pred3 promptly, or pred4",immediate_response
always ((pred1 and pred2) or pred3),In the future till the execution ends the value of signal pred1 and pred2 or consecutively the state of pred3,invariance_reachability
always ( rise (pred1) -> always [0:t1] (eventually (rise (pred2 and pred3))) ),"When the pred1 then the following condition holds: for every time point within t1 time units, there ought to exist a certain moment in the future before the end of the execution, at which ultimately the transition action that the value of signal pred2 and pred3 will have to be detected.",stabilization_recurrence
always [0:t1] (pred1 or pred2),"For each time point within t1 time units, the pred1 or the pred2 consistently.",invariance_reachability
eventually [0:t1] (pred1 and pred2),"At sometime during the first t1 time units, the state of pred1 ultimately, and the value of pred2",invariance_reachability
always [0:t1] (pred1 and pred2),"For at least t1 time units, consecutively pred1 and the value of signal pred2 all the time.",invariance_reachability
always ( pred1 -> pred2 ),Everytime when the state of signal pred1 then all of the following conditions are true: the pred2 promptly.,immediate_response
always ( rise (pred1) -> always [t1:t2] (pred2 and pred3) ),"Globally, when the scenario that the value of pred1 occurs, then the following condition is true: the value of signal pred2 and pred3 and this scenario needs to keep for each time point during the following t1 to t2 time units.",temporal_response
always ( once [t1:t2] (rise (pred1)) -> eventually [0:t3] (always [0:t4] (pred2)) ),"It is always the case that if there will be a certain moment in the past t1 to t2 time units once, at which the event that the pred1 will be observed then the following condition is true: eventually at sometime after at most t3 time units, the mode of pred2 and then this scenario will be always lasting for every time point in the next t4 time units.",stabilization_recurrence
always ( fall (pred1) -> eventually [t1:t2] (pred2 and pred3) ),"On condition that the state of pred1 then the following condition is true: there will exist a certain time point within the coming t1 to t2 time units, at which finally pred2 and pred3",temporal_response
always ( not (pred1) -> (pred2) since (pred3) ),In the case the pred1 then the following condition holds: the pred2 and will always keep like that since at a time in the past from the start of the execution once pred3,temporal_response
eventually [0:t1] (rise (pred1) and rise (pred2)),"At a certain moment in the first t1 time units, finally the value of signal pred1 and finally the pred2",invariance_reachability
always ( pred1 and pred2 -> rise (pred3 and pred4) and pred5 ),"Globally, everytime when pred1 and the pred2 then promptly the event that the value of signal pred3 and pred4 has to be observed, and the value of pred5 starting without any delay.",immediate_response
always [0:t1] (pred1),The mode of signal pred1 all the time for every time instant in the first t1 time units.,invariance_reachability
always [0:t1] (pred1 and pred2),"For every moment within t1 time units, the state of pred1 and consistently pred2",invariance_reachability
always [0:t1] (pred1),Uninterruptedly the mode of pred1 for every time instant within t1 time units.,invariance_reachability
always ( rise (pred1) -> pred2 and pred3 ),Everytime when pred1 then the following condition holds: in no time the value of pred2 and pred3,immediate_response
eventually (rise (pred1)),The transition action that pred1 has to eventually occur at a time in the future before the execution ends.,invariance_reachability
always ( not (pred1 and pred2) and fall (pred3) -> eventually [0:t1] (always [0:t2] (pred4)) ),"In the case pred1 and pred2 and the scenario that the value of signal pred3 occurs then the following condition is true: finally after a certain time instant in the following t1 time units for each time instant within the next t2 time units, the value of signal pred4 consistently.",stabilization_recurrence
always ( rise (pred1) -> pred2 and (pred3 and pred4) ),"Globally, if the transition action that the pred1 gets observed then all of the following conditions hold: without any delay the value of signal pred2 and pred3 and pred4 at the same time point.",immediate_response
always ( pred1 or rise (pred2) -> pred3 and pred4 ),"Everytime when pred1 or the transition action that pred2 is observed, then at the same time instant pred3 and pred4",immediate_response
always ( rise (pred1) -> pred2 ),"In the case the transition action that the mode of pred1 gets observed, then all of the following conditions hold: the state of signal pred2 at the same moment.",immediate_response
always [0:t1] ((pred1 and pred2) and pred3),"For each time point during the first t1 time units, the value of signal pred1 and pred2 without interruption, and the value of signal pred3 all the time.",invariance_reachability
eventually [0:t1] (pred1),"Ultimately there ought to exist sometime starting at most t1 time units, at which the value of pred1",invariance_reachability
eventually [0:t1] (pred1),pred1 eventually at a certain time instant in the first t1 time units.,invariance_reachability
always ( pred1 and pred2 -> not (always [0:t1] (pred3)) ),"When the value of pred1 and the value of pred2 then in response for each time instant during the next t1 time units, pred3 consistently.",temporal_response
eventually [t1:t2] (rise (pred1)),Finally the transition action that the value of signal pred1 will have to be detected at a certain time instant after between t1 to t2 time units.,invariance_reachability
always ( rise (pred1) -> pred2 ),"Globally, everytime when the event that the value of signal pred1 takes place, then in response starting without any delay the value of pred2",immediate_response
always ( fall (pred1) -> eventually [t1:t2] (rise (pred2)) ),"Everytime when the scenario that the value of pred1 gets detected, then all of the following conditions are true: there should be sometime after between t1 to t2 time units ultimately, at which the event that pred2 must take place.",temporal_response
eventually [t1:t2] (rise (pred1) and pred2),"There will be a certain time instant within the first t1 to t2 time units, at which eventually the scenario that the pred1 will be observed, and the value of signal pred2",invariance_reachability
always ( rise (pred1) -> rise (pred2) ),"It is always the case that everytime when the transition action that the value of pred1 takes place, then in response at once the event that the value of pred2 shall be detected.",immediate_response
always [0:t1] (pred1),"For every time instant within the first t1 time units, without interruption the pred1",invariance_reachability
always (pred1 and not (pred2)),In the future before the end of the execution the value of pred1 and continuously the value of signal pred2,invariance_reachability
always ( pred1 and (pred2 and pred3) -> eventually [t1:t2] (always (pred4 and pred5)) ),"Globally, during the interval that pred1 and pred2 and pred3 then all of the following conditions hold: at a certain time instant during the next t1 to t2 time units, the value of signal pred4 and pred5 and then will have to stay in this interval without interruption in the future before the end of the execution.",stabilization_recurrence
always ( fall (pred1 and pred2) -> (pred3) until [0:t1] (pred4 and pred5) ),"Globally, when the event that pred1 and pred2 occurs then the following condition holds: consecutively pred3 until the value of pred4 and pred5 which needs to be observed at a time within the first t1 time units ultimately.",temporal_response
always ( fall (pred1) -> not ((pred2 and pred3) until (rise (pred4))) ),"In case that the mode of pred1 then in response the following condition shan't be true: the pred2 and pred3 and then consistently this scenario will remain until there is a certain time point in the future before the execution ends, at which the event that the mode of pred4 is observed.",temporal_response
always ( (pred1 and pred2) and pred3 -> eventually [0:t1] (pred4) ),"Globally, when the pred1 and pred2 and the value of pred3 then the following condition is true: at a certain time point during the subsequent t1 time units, finally the value of signal pred4",temporal_response
always [t1:t2] (not (pred1) or pred2),"For each moment within t1 to t2 time units, without interruption the value of pred1 or the value of pred2",invariance_reachability
always ( pred1 -> eventually [t1:t2] (always [0:t3] (pred2)) ),"Globally, whenever the value of pred1 then the following condition holds: ultimately at a certain time point during the first t1 to t2 time units, during the next t3 time units, pred2",stabilization_recurrence
eventually (pred1 and not (pred2)),"There ought to exist a certain moment in the future, at which the value of signal pred1 eventually and the pred2",invariance_reachability
always ( rise (pred1) -> always [0:t1] (eventually [0:t2] (rise (pred2))) ),"It is always the case that when the transition action that pred1 gets observed, then for every time instant during the coming t1 time units, there needs to be a certain time point during the following t2 time units, at which eventually the scenario that the pred2 must happen.",stabilization_recurrence
always ( fall (pred1 and pred2) -> always (eventually (rise (pred3))) ),"When the scenario that the value of signal pred1 and pred2 gets observed, then all of the following conditions hold: for each time instant in the future until the end of the execution, at a certain time instant in the future before the end of the simulation, the event that pred3 ought to be observed.",stabilization_recurrence
always ( pred1 -> rise (pred2) ),In the event that the mode of pred1 then the following condition holds: without any delay the scenario that the value of pred2 will have to take place.,immediate_response
eventually [t1:t2] (pred1),"At a time after between t1 to t2 time units, the state of pred1 ultimately.",invariance_reachability
always ( not (pred1) or (pred2 and pred3) -> historically [val4:t1] (pred4) ),It is always the case that if the pred1 or the pred2 and pred3 then all of the following conditions hold: the value of pred4 and must always continue like that within the last t1 time units.,temporal_response
always ( rise (pred1) -> pred2 ),When the transition action that the state of pred1 is detected then all of the following conditions hold: pred2 at the same time instant.,immediate_response
eventually (not (pred1) and (pred2 and pred3)),"There needs to be a time in the future, at which the value of signal pred1 finally, and the pred2 and pred3",invariance_reachability
always ( eventually [0:t1] (pred1) -> (not fall (pred2 and pred3)) since [t2:t3] (pred4) ),"Globally, if finally the value of pred1 at a certain moment within the following t1 time units then all of the following conditions hold: the value of signal pred2 and pred3 and then continuously this condition will continue since there existed a certain time point in the elapsed t2 to t3 time units, at which the value of pred4 once.",temporal_response
always ( pred1 and pred2 -> always [0:t1] (eventually [0:t2] (pred3 and pred4)) ),"Globally, while pred1 and pred2 then for every moment within the next t1 time units, pred3 and pred4 at a certain moment within t2 time units.",stabilization_recurrence
eventually [t1:t2] (pred1 or not (pred2)),"At a certain time instant in the first t1 to t2 time units, eventually the value of signal pred1 or the state of signal pred2 ultimately.",invariance_reachability
always [0:t1] ((pred1 and pred2) and pred3),"For every moment in the first t1 time units, the value of signal pred1 and pred2 and pred3",invariance_reachability
always ( pred1 -> pred2 ),"Globally, while the value of signal pred1 then the following condition is true: the pred2 at the same time instant.",immediate_response
always ( rise (pred1) -> pred2 ),"Globally, in case that the event that the pred1 gets detected then the following condition is true: the value of pred2 instantly.",immediate_response
always ( rise (pred1 and pred2) -> eventually [0:t1] (fall (pred3)) ),"It is always the case that when the transition action that the pred1 and pred2 takes place then the following condition holds: at a certain moment during the next t1 time units, finally the scenario that pred3 has to take place.",temporal_response
eventually [t1:t2] (pred1),"At a certain time instant after between t1 to t2 time units, the value of pred1 ultimately.",invariance_reachability
always [0:t1] (pred1),For each moment in the first t1 time units the mode of pred1,invariance_reachability
eventually (pred1),The mode of pred1 at sometime in the future before the end of the execution.,invariance_reachability
always [0:t1] (not (pred1) and pred2),For every moment during the first t1 time units continuously pred1 and consecutively the value of pred2,invariance_reachability
eventually [t1:t2] (pred1),pred1 ultimately at a certain time instant within the first t1 to t2 time units.,invariance_reachability
always ( rise (pred1 and pred2) -> pred3 ),If the transition action that the value of pred1 and pred2 happens then starting without any delay the value of signal pred3,immediate_response
always ( rise (pred1 and pred2) -> always [t1:t2] (eventually [0:t3] (pred3)) ),"If the scenario that the pred1 and pred2 is observed, then the following condition holds: for each time instant within the coming t1 to t2 time units, the value of signal pred3 at a certain time instant in the next t3 time units.",stabilization_recurrence
always (not rise (pred1 and pred2) and pred3),In the future before the simulation ends the scenario that pred1 and pred2 should consecutively not get detected and continuously the value of signal pred3,invariance_reachability
always ( rise (pred1) -> always [0:t1] (eventually [t2:t3] (rise (pred2))) ),"It is always the case that if the transition action that the mode of signal pred1 happens, then the following condition is true: for every time instant within t1 time units, ultimately there needs to be a certain time instant during the subsequent t2 to t3 time units, at which the transition action that the value of pred2 must occur.",stabilization_recurrence
always ( fall (once (pred1 and pred2)) -> (pred3 and pred4) until [0:t1] (pred5) ),"Globally, everytime when the following condition changes from true to false: at a certain moment in the past from the start of the simulation, the value of signal pred1 and pred2 once, then all of the following conditions are true: eventually the mode of signal pred5 at a time during the next t1 time units, and before that pred3 and pred4 consecutively.",temporal_response
always ( fall (pred1) -> pred2 and pred3 ),In the case the mode of signal pred1 then instantly the state of signal pred2 and right away the pred3,immediate_response
always ( fall (pred1 and pred2) -> pred3 and pred4 ),In case that the scenario that the value of pred1 and pred2 takes place then all of the following conditions hold: right away the value of pred3 and pred4,immediate_response
always ( (pred1 and pred2) and pred3 -> not (pred4 and pred5) and pred6 ),It is always the case that everytime when the value of signal pred1 and pred2 and pred3 then pred4 and pred5 at the same time point and right away the value of signal pred6,immediate_response
always ( not (once (pred1)) -> (pred2) until [t1:t2] (rise (pred3)) ),"Globally, when there would not exist anytime during the past, at which pred1 then the value of signal pred2 and consistently this scenario shall last until there exists sometime within the coming t1 to t2 time units eventually, at which the scenario that pred3 will be observed.",temporal_response
eventually [t1:t2] (rise (pred1 and pred2)),"At a certain time point within t1 to t2 time units, pred1 and pred2",invariance_reachability
always ( rise (pred1) -> always (pred2) ),As soon as the transition action that the value of signal pred1 is observed then all of the following conditions are true: in the future before the end of the execution consecutively the pred2,temporal_response
always ( (pred1 and pred2) or not (pred3) -> always (pred4) ),"Globally, while pred1 and pred2 or the state of signal pred3 then the pred4 in the future till the execution ends.",temporal_response
eventually [0:t1] (pred1),The mode of signal pred1 at a certain time point in less than t1 time units.,invariance_reachability
always ( rise (pred1) -> not (pred2) ),"Whenever the scenario that pred1 occurs, then the following condition is true: simultaneously the value of signal pred2",immediate_response
always ( pred1 or pred2 -> not (pred3) ),As soon as pred1 or pred2 then at the same time the mode of pred3,immediate_response
eventually (pred1),"Finally there needs to be a certain time instant in the future before the end of the simulation, at which pred1",invariance_reachability
eventually [val1:t1] (pred1 or pred2),"There exists a certain time instant in the first t1 time units, at which eventually the value of signal pred1 or finally the mode of pred2",invariance_reachability
always ( pred1 -> (pred2 and pred3) until [0:t1] (pred4 and pred5) ),"Globally, in case that the state of signal pred1 then the following condition holds: the pred2 and pred3 consistently until at sometime within the next t1 time units the value of pred4 and pred5",temporal_response
always (pred1 and pred2),In the future before the end of the execution pred1 and the mode of signal pred2,invariance_reachability
always ( rise (pred1) -> historically (pred2) ),"Everytime when the transition action that the value of pred1 is detected, then all of the following conditions hold: the pred2 and kept like this without interruption in the past since the start of the execution.",temporal_response
eventually (pred1 and pred2),At a time in the future before the simulation ends the value of pred1 and the value of signal pred2,invariance_reachability
always ( rise (pred1 and pred2) -> eventually [t1:t2] (always (pred3)) ),"In the case the value of pred1 and pred2 then all of the following conditions hold: eventually after a certain time instant within the following t1 to t2 time units, pred3 and this scenario needs to remain in the future before the simulation ends.",stabilization_recurrence
always [0:t1] (pred1),"For each time point within t1 time units, the value of signal pred1 all the time.",invariance_reachability
always ( fall (pred1) -> eventually [0:t1] (pred2) ),It is always the case that whenever the scenario that the value of pred1 happens then all of the following conditions hold: ultimately at a time during the next t1 time units the value of signal pred2,temporal_response
eventually [0:t1] (not (pred1)),"There has to be finally a certain time point within t1 time units, at which the pred1",invariance_reachability
always ( rise (pred1 and pred2) -> pred3 or pred4 ),"Whenever the scenario that pred1 and pred2 gets observed, then all of the following conditions are true: the value of pred3 or pred4 immediately.",immediate_response
always ( pred1 -> pred2 and not (pred3) ),It is always the case that whenever pred1 then in no time the value of signal pred2 and in no time the pred3,immediate_response
always [0:t1] (pred1),Consistently the value of pred1 for at least t1 time units.,invariance_reachability
always ( not (pred1) -> (pred2) until (pred3) ),"Globally, during the interval that the value of pred1 then all of the following conditions are true: the state of signal pred2 and then this scenario will have to always last till the state of signal pred3 which is eventually detected at a certain time point in the future before the execution ends.",temporal_response
always ( fall (historically (pred1)) -> always [0:t1] (eventually [0:t2] (rise (pred2))) ),"It is always the case that everytime when the condition that the value of signal pred1 without interruption in the past since the beginning of the simulation will be observed to shift from true to false, then the following condition is true: for every time point in the coming t1 time units, there is a certain moment within the first t2 time units, at which ultimately the transition action that the value of signal pred2 needs to occur.",stabilization_recurrence
always ( fall (pred1 and pred2) -> eventually (not (pred3)) ),"Whenever the transition action that the value of signal pred1 and pred2 takes place then all of the following conditions are true: there must exist a certain time instant in the future, at which the value of pred3 finally.",temporal_response
always ( rise (pred1) -> once [0:t1] (rise (pred2)) ),"As soon as the scenario that the value of pred1 is detected then all of the following conditions hold: there will have to once exist a certain time instant during the last t1 time units, at which the pred2",temporal_response
eventually [t1:t2] (rise (pred1) or pred2),"There exists a certain time instant starting between t1 to t2 time units finally, at which the transition action that the value of pred1 will take place or the pred2",invariance_reachability
eventually [0:t1] (pred1 and not fall (pred2)),"There exists a certain time instant starting at most t1 time units, at which the value of pred1 ultimately and the transition action that the pred2 shall finally not be observed.",invariance_reachability
always ( not (pred1) or pred2 -> pred3 ),Everytime when the pred1 or the mode of pred2 then all of the following conditions are true: pred3,immediate_response
always ( rise (pred1) -> eventually (always [t1:t2] (not (pred2))) ),"Everytime when the event that the mode of signal pred1 is detected then all of the following conditions are true: there should be a time in the future before the execution ends finally, after which the value of pred2 and this condition shall last consistently for each time point during the subsequent t1 to t2 time units.",stabilization_recurrence
always [t1:t2] (pred1 and pred2),For every time instant in the first t1 to t2 time units pred1 continuously and without interruption the pred2,invariance_reachability
always ( rise (pred1) -> pred2 or rise (pred3 and pred4) ),"In the case the transition action that the pred1 gets observed, then the following condition holds: the value of pred2 at the same time, or the transition action that the pred3 and pred4 will have to be promptly detected.",immediate_response
always ( rise (pred1) -> once [t1:t2] (pred2 and pred3) ),"It is always the case that when the transition action that the state of pred1 is observed then in response once there had to exist a certain time instant in the past t1 to t2 time units, at which the value of signal pred2 and pred3",temporal_response
always ( rise (pred1) -> eventually [0:t1] (not rise (pred2)) ),"Globally, when the value of signal pred1 then the following condition holds: eventually the mode of pred2 at a certain time instant within t1 time units.",temporal_response
always ( pred1 and not fall (pred2 and pred3) -> pred4 ),"Globally, everytime when the state of pred1 and the value of signal pred2 and pred3 then all of the following conditions hold: the value of signal pred4",immediate_response
always ( pred1 -> pred2 ),It is always the case that whenever the mode of signal pred1 then all of the following conditions are true: the value of pred2 simultaneously.,immediate_response
always [0:t1] (pred1),"Within t1 time units, the mode of signal pred1",invariance_reachability
always ( not fall (pred1 and pred2) or not (pred3 and pred4) -> eventually [t1:t2] (pred5) ),"During the interval that the scenario that pred1 and pred2 does not occur or the value of pred3 and pred4 then the following condition is true: there shall exist a certain time instant in the first t1 to t2 time units, at which pred5",temporal_response
always ( rise (pred1) or rise (pred2) -> once [t1:t2] (pred3) ),"It is always the case that in case that the scenario that the pred1 happens or pred2 then there should exist a certain time instant within the past t1 to t2 time units, at which the value of pred3",temporal_response
always ( pred1 or pred2 -> pred3 ),In the event that the value of pred1 or the value of pred2 then the pred3 at the same time instant.,immediate_response
eventually [0:t1] (pred1),"There must exist a certain time point within the first t1 time units, at which the state of pred1",invariance_reachability
always [0:t1] ((pred1 and pred2) or pred3),"For each time point within the first t1 time units, the pred1 and pred2 or the value of signal pred3",invariance_reachability
always ( rise (pred1 and pred2) -> (pred3 and pred4) until (fall (pred5)) ),"Globally, when the event that the value of pred1 and pred2 takes place, then the following condition holds: there has to be finally a time in the future before the simulation ends, at which the scenario that pred5 needs to get detected, till then uninterruptedly the value of pred3 and pred4",temporal_response
always ( rise (pred1) -> eventually [t1:t2] (always [0:t3] (pred2)) ),"If the scenario that the value of pred1 gets observed then the following condition is true: there has to exist sometime after between t1 to t2 time units ultimately, at which the pred2 and this scenario ought to remain for each moment during the coming t3 time units.",stabilization_recurrence
always ( pred1 -> eventually [0:t1] (always [0:t2] (pred2)) ),"If pred1 then the following condition holds: eventually there exists a certain moment in the first t1 time units, after which for each time point in the following t2 time units, pred2",stabilization_recurrence
always ( fall (pred1) -> always [0:t1] (eventually [0:t2] (pred2)) ),"It is always the case that whenever the scenario that the mode of pred1 takes place, then the following condition holds: for each time point within the subsequent t1 time units at a certain time instant within the coming t2 time units the value of signal pred2 ultimately.",stabilization_recurrence
always ( fall (pred1 and pred2) and pred3 -> always [0:t1] (eventually [t2:t3] (rise (pred4 and pred5))) ),"If the scenario that pred1 and pred2 gets observed, and the state of pred3 then for every moment during the following t1 time units, there shall be finally a certain time instant in the first t2 to t3 time units, at which the scenario that pred4 and pred5 will happen.",stabilization_recurrence
always ( rise (pred1) -> eventually (pred2) ),"It is always the case that in case that the scenario that pred1 gets observed, then there ought to be sometime in the future before the execution ends, at which the pred2 finally.",temporal_response
always ( pred1 or rise (pred2) -> not (always [0:t1] (not (pred3))) ),When the state of pred1 or the scenario that the pred2 gets detected then in response the condition that uninterruptedly the value of pred3 for each time instant within the coming t1 time units should not be true.,temporal_response
eventually [0:t1] (pred1 and pred2),"At a time after at most t1 time units, pred1 and the value of signal pred2 ultimately.",invariance_reachability
always ( pred1 -> always [0:t1] (eventually [0:t2] (pred2)) ),"Globally, while the state of signal pred1 then for each moment in the next t1 time units at a certain time instant in the subsequent t2 time units, the state of signal pred2",stabilization_recurrence
always ( fall (pred1) -> eventually [0:t1] (always [0:t2] (not (pred2 and pred3))) ),"Everytime when the scenario that the pred1 happens, then after sometime in the first t1 time units, during the following pred2 and pred3 uninterruptedly.",stabilization_recurrence
eventually [t1:t2] (pred1 and not (pred2)),"There ought to be a certain time instant within the first t1 to t2 time units, at which the pred1 and finally the value of pred2",invariance_reachability
always ( pred1 and pred2 -> always [t1:t2] (eventually [t3:t4] (not fall (pred3))) ),"While pred1 and the value of pred2 then all of the following conditions are true: for every time point in the next t1 to t2 time units finally there needs to exist a certain moment within the next t3 to t4 time units, at which the transition action that the state of signal pred3 does not occur.",stabilization_recurrence
always ( rise (pred1) -> always [0:t1] (pred2) ),"Whenever the transition action that pred1 is detected, then the following condition holds: for each moment in the first t1 time units, pred2",temporal_response
always ( fall (pred1) -> always (pred2 and pred3) ),"Globally, if the event that pred1 happens, then the following condition holds: in the future until the execution ends, the value of pred2 and pred3 consecutively.",temporal_response
always ( rise (pred1 and pred2) -> not ((pred3 and pred4) until [t1:t2] (rise (pred5))) ),In the case the event that the value of pred1 and pred2 is observed then the condition that pred3 and pred4 consistently until the value of pred5 at a time within the following t1 to t2 time units mustn't be true.,temporal_response
always ( pred1 -> pred2 ),"Globally, everytime when the pred1 then the following condition holds: pred2 right away.",immediate_response
always ( (not (pred1)) since (fall (pred2 and pred3)) -> always (eventually [t1:t2] (not (pred4))) ),"It is always the case that whenever consistently pred1 since at a certain moment in the past from the start of the simulation once the transition action that the pred2 and pred3 took place, then all of the following conditions hold: for every time instant in the future there ultimately exists a certain moment within the following t1 to t2 time units, at which pred4",stabilization_recurrence
always ( pred1 and pred2 -> fall (eventually [t1:t2] (rise (pred3))) ),"Whenever the pred1 and pred2 then in response the subsequent condition ought to shift from true to false: there is a certain time instant within the following t1 to t2 time units finally, at which the transition action that the value of pred3 takes place.",temporal_response
eventually (pred1 and rise (pred2 and pred3)),"There shall be a certain moment in the future before the execution ends, at which pred1 and the event that the value of pred2 and pred3 has to be detected finally.",invariance_reachability
always ( pred1 and pred2 -> pred3 ),"Globally, when pred1 and pred2 then immediately the value of pred3",immediate_response
always ( rise (pred1) -> pred2 and pred3 ),"Globally, whenever the event that pred1 happens, then in response the value of signal pred2 and pred3 at the same moment.",immediate_response
eventually [0:t1] (pred1),"There must eventually exist a time after at most t1 time units, at which the value of pred1",invariance_reachability
eventually (pred1 or not (pred2)),"There has to be sometime in the future before the execution ends, at which the value of signal pred1 ultimately or eventually the state of signal pred2",invariance_reachability
always ( rise (pred1 and pred2) -> (pred3) until [0:t1] (pred4) ),"Globally, when the scenario that the value of signal pred1 and pred2 occurs, then all of the following conditions are true: the pred3 and will always keep like this until there is sometime during the first t1 time units, at which finally the value of pred4",temporal_response
always ( rise (pred1) -> eventually [0:t1] (always (pred2)) ),"It is always the case that when the event that the pred1 occurs, then ultimately there ought to exist a certain time point within t1 time units, at which the value of signal pred2 and consecutively this condition needs to hold in the future before the end of the execution.",stabilization_recurrence
always [0:t1] (pred1 and pred2),"For each time point within t1 time units, uninterruptedly pred1 and the mode of pred2 consistently.",invariance_reachability
always ( fall (historically [t1:t2] (pred1)) -> not ((not fall (pred2)) until [t3:t4] (rise (pred3))) ),"On condition that the condition that the state of signal pred1 uninterruptedly within the past t1 to t2 time units is observed to change from true to false, then the condition that the mode of signal pred2 until the pred3 at a certain time point within the next t3 to t4 time units must not be true.",temporal_response
always ( historically [0:t1] (pred1) -> always (eventually [0:t2] (rise (pred2 and pred3))) ),"It is always the case that in case that consecutively the value of signal pred1 in the elapsed t1 time units, then the following condition holds: for each moment in the future before the execution ends at a certain time point during the subsequent t2 time units the scenario that the pred2 and pred3 should be detected finally.",stabilization_recurrence
eventually (rise (pred1) and pred2),"There needs to exist a certain time point in the future, at which the event that the pred1 ought to happen ultimately and the state of signal pred2",invariance_reachability
always ( once [t1:t2] (pred1 and pred2) -> always (eventually [0:t3] (rise (pred3))) ),"It is always the case that in case that pred1 and pred2 once at a time in the past t1 to t2 time units then all of the following conditions are true: for every moment in the future till the end of the simulation, there shall be eventually sometime within the subsequent t3 time units, at which the scenario that the state of signal pred3 has to be detected.",stabilization_recurrence
always ( fall (pred1) -> eventually [t1:t2] (pred2 and pred3) ),"In case that the scenario that the state of pred1 gets observed, then the following condition is true: the value of pred2 and pred3 eventually at a certain moment during the first t1 to t2 time units.",temporal_response
eventually (not (pred1) and (pred2 and pred3)),At a certain time point in the future before the simulation ends pred1 finally and the pred2 and pred3,invariance_reachability
always ( pred1 -> not ((pred2) until (pred3)) ),Whenever pred1 then the following condition oughtn't to be true: the pred2 until the pred3 at sometime in the future before the end of the simulation.,temporal_response
always [0:t1] (pred1),Consistently the value of pred1 for every time instant within the first t1 time units.,invariance_reachability
always ( pred1 and pred2 -> pred3 ),"Globally, while the pred1 and the pred2 then pred3",immediate_response
always (pred1 or pred2),"In the future till the end of the simulation, the value of signal pred1 or pred2",invariance_reachability
always ( once [t1:t2] (rise (pred1 and pred2)) -> not ((not (pred3)) until [t3:t4] (pred4)) ),"It is always the case that if at sig3 certain time instant in the elapsed t1 to t2 time units the event that the value of pred1 and pred2 was detected once then in response the following condition should not be true: there exists pred4 finally, until then the value of signal pred3",temporal_response
always ( (pred1) since [t1:t2] (pred2) -> eventually [0:t3] (always [0:t4] (pred3)) ),"If at a certain time instant within the last t1 to t2 time units pred2 after that the pred1 uninterruptedly then all of the following conditions are true: there has to be a certain time instant starting at most t3 time units finally, at which for each moment within the subsequent t4 time units, continuously pred3",stabilization_recurrence
always ( not (pred1) -> not ((pred2) until [t1:t2] (pred3)) ),"Globally, everytime when the value of pred1 then in response the condition that the value of pred2 consistently until eventually the value of pred3 at a certain time instant within t1 to t2 time units shan't be true.",temporal_response
always ( fall (pred1) -> pred2 ),"As soon as the transition action that pred1 gets detected, then in response right away the value of pred2",immediate_response
eventually [0:t1] (pred1 and pred2),"At a certain time instant after at most t1 time units pred1 finally, and the mode of pred2",invariance_reachability
eventually [val1:t1] (pred1),"There has to be finally a time in the first t1 time units, at which the value of signal pred1",invariance_reachability
always [t1:t2] ((pred1 and pred2) and pred3),For every moment in the first t1 to t2 time units without interruption pred1 and pred2 and without interruption the mode of pred3,invariance_reachability
always [0:t1] (pred1 or pred2),During the first t1 time units consecutively pred1 or the value of signal pred2,invariance_reachability
always ( rise (pred1) or (pred2 and pred3) -> eventually [0:t1] (pred4) ),"Globally, if the event that the value of pred1 occurs, or the value of signal pred2 and pred3 then all of the following conditions hold: eventually there will exist a time during the first t1 time units, at which the value of pred4",temporal_response
always [0:t1] (pred1 or pred2),"For every time instant in the first t1 time units, the pred1 or without interruption pred2",invariance_reachability
always ( (pred1 and pred2) until (pred3) -> always [0:t1] (eventually [0:t2] (rise (pred4))) ),"Everytime when pred1 and pred2 and will be holding like that continuously until eventually the value of signal pred3 at a certain time point in the future before the end of the execution, then all of the following conditions hold: for each time point within the first t1 time units, at a certain time instant during the subsequent t2 time units the value of signal pred4",stabilization_recurrence
always ( rise (pred1) -> not (always (pred2)) ),"Everytime when the scenario that the pred1 is observed then in the future before the end of the execution, the state of pred2 consistently.",temporal_response
always ( rise (pred1) -> pred2 and fall (pred3) ),Everytime when the scenario that the value of pred1 takes place then all of the following conditions hold: pred2 at the same time point and pred3 in no time.,immediate_response
always ( fall (pred1 and pred2) -> (pred3) until [0:t1] (pred4) ),"In case that the scenario that pred1 and pred2 occurs then the pred3 uninterruptedly till there exists a certain time instant in the subsequent t1 time units, at which the mode of signal pred4",temporal_response
always [0:t1] (pred1 and pred2),For every moment in the first t1 time units consecutively the value of signal pred1 and the value of pred2 without interruption.,invariance_reachability
always ( pred1 and pred2 -> pred3 ),Everytime when the pred1 and the value of pred2 then the following condition is true: at the same time instant pred3,immediate_response
always ( pred1 -> not (pred2) ),Everytime when pred1 then all of the following conditions hold: at the same moment pred2,immediate_response
always ( pred1 and pred2 -> eventually [0:t1] (always (pred3)) ),"Globally, everytime when the pred1 and the pred2 then eventually there ought to exist a certain time instant during the coming t1 time units, after which the pred3 all the time in the future until the end of the execution.",stabilization_recurrence
always ( fall (pred1 and pred2) -> (pred3) until [t1:t2] (not (pred4)) ),"It is always the case that in case that the event that the pred1 and pred2 occurs then all of the following conditions are true: the mode of pred3 and then should remain like this consistently till there ultimately exists sig2 certain time point within the coming t1 to t2 time units, at which the value of pred4",temporal_response
always ( rise (pred1) -> eventually [0:t1] (always [0:t2] (pred2 and pred3)) ),"When the transition action that the value of signal pred1 is detected then all of the following conditions are true: finally after a certain time instant within t1 time units, the pred2 and pred3 and this condition needs to consistently last for each time instant in the coming t2 time units.",stabilization_recurrence
always ( not (historically [0:t1] (pred1)) -> always (eventually [0:t2] (rise (pred2 and pred3))) ),"When the following condition is not true: the value of pred1 consistently within the elapsed t1 time units, then the following condition is true: for every moment in the future till the execution ends at a certain moment in the following t2 time units, the transition action that the value of signal pred2 and pred3 should eventually happen.",stabilization_recurrence
eventually [0:t1] (fall (pred1 and pred2)),"At a certain time point during the first t1 time units, the pred1 and pred2",invariance_reachability
always ( pred1 or fall (pred2) -> pred3 ),"It is always the case that whenever the state of pred1 or the transition action that pred2 is detected, then the following condition holds: immediately the pred3",immediate_response
always ( rise (pred1 and pred2) and (pred3 and pred4) -> always [0:t1] (pred5) ),"When the scenario that the pred1 and pred2 is detected, and the value of signal pred3 and pred4 then the following condition is true: the pred5 and needs to stay like that consecutively for each time point within the coming t1 time units.",temporal_response
eventually [t1:t2] (pred1 and pred2),At a time starting between t1 to t2 time units the mode of signal pred1 and the value of signal pred2 ultimately.,invariance_reachability
always ( pred1 -> eventually [t1:t2] (always (pred2)) ),"It is always the case that if the mode of signal pred1 then in response finally at a certain moment in the following t1 to t2 time units, the value of pred2 and then must hold like that consistently in the future before the end of the simulation.",stabilization_recurrence
always ( rise (pred1) -> eventually [t1:t2] (always (pred2)) ),"It is always the case that if the scenario that pred1 occurs then all of the following conditions are true: there shall be sometime in the first t1 to t2 time units eventually, after which in the future till the simulation ends, continuously the value of pred2",stabilization_recurrence
always ( rise (pred1) -> pred2 ),It is always the case that whenever the transition action that the value of pred1 happens then all of the following conditions hold: at the same time the pred2,immediate_response
always [0:t1] (pred1),The value of pred1 consistently for more than t1 time units.,invariance_reachability
always ( pred1 and not fall (pred2) -> not (pred3) ),"Globally, if the pred1 and the event that the value of signal pred2 doesn't get detected, then the following condition holds: at the same time instant the pred3",immediate_response
always ( once [0:t1] (rise (pred1 and pred2)) -> always [0:t2] (eventually [0:t3] (rise (pred3))) ),"Whenever at a time within the elapsed t1 time units, once the value of pred1 and pred2 then for every time point during the next t2 time units there needs to be a certain time instant in the coming t3 time units ultimately, at which the event that the pred3 ought to take place.",stabilization_recurrence
always ( fall (pred1) -> eventually [0:t1] (always [0:t2] (pred2)) ),It is always the case that if the transition action that the value of signal pred1 gets detected then ultimately at a certain time instant in less than t1 time units the value of signal pred2 and then should remain like that consecutively for every time point within t2 time units.,stabilization_recurrence
eventually [0:t1] (pred1 or pred2),At sometime starting at most t1 time units the value of pred1 or eventually the value of pred2,invariance_reachability
always [0:t1] (pred1),Continuously the value of pred1 for each time point during the first t1 time units.,invariance_reachability
eventually [t1:t2] (pred1 and pred2),"Eventually there shall be a certain moment during the first t1 to t2 time units, at which pred1 and pred2",invariance_reachability
always ( fall (pred1) -> always [t1:t2] (eventually [t3:t4] (pred2)) ),"In the case the scenario that the mode of pred1 occurs, then all of the following conditions are true: for each time instant in the next t1 to t2 time units there will exist a certain time instant in the following t3 to t4 time units, at which eventually the value of pred2",stabilization_recurrence
always ( pred1 -> not (eventually [0:t1] (pred2)) ),"It is always the case that when the value of pred1 then in response there should not be any moment during the coming t1 time units, at which pred2",temporal_response
always ( rise (pred1) -> always [0:t1] (eventually (rise (pred2))) ),"Globally, in case that pred1 then the following condition holds: for every moment within the first t1 time units there exists a certain time point in the future before the simulation ends, at which eventually the transition action that the value of pred2 ought to get detected.",stabilization_recurrence
always ( rise (pred1) -> always (eventually [0:t1] (rise (pred2 and pred3))) ),It is always the case that if the event that the pred1 occurs then for each time instant in the future till the execution ends the event that the value of signal pred2 and pred3 needs to occur eventually at a certain time point after at most t1 time units.,stabilization_recurrence
always ( rise (pred1) -> pred2 ),"In the case the scenario that the value of signal pred1 happens, then all of the following conditions are true: immediately the value of pred2",immediate_response
always ( pred1 and not (pred2) -> (pred3) until (pred4) ),"Everytime when the value of pred1 and the value of pred2 then in response the value of pred3 and has to always remain like this till at a certain time instant in the future before the execution ends, pred4",temporal_response
always ( pred1 or pred2 -> pred3 ),In the case pred1 or the value of pred2 then in response pred3,immediate_response
always ( fall (pred1) -> always [0:t1] (eventually [t2:t3] (rise (pred2 and pred3))) ),"It is always the case that if the scenario that pred1 gets detected, then all of the following conditions are true: for every moment within t1 time units, there will exist a certain moment in the first t2 to t3 time units, at which ultimately the scenario that the value of pred2 and pred3 will be detected.",stabilization_recurrence
eventually [t1:t2] (rise (pred1)),"There will have to be a certain time point during the first t1 to t2 time units, at which the event that the value of signal pred1 will eventually take place.",invariance_reachability
always ( not fall (pred1) -> not (always (pred2)) ),It is always the case that when the scenario that the value of signal pred1 does not take place then in response in the future before the end of the simulation the value of signal pred2 uninterruptedly.,temporal_response
always [0:t1] (pred1 or pred2),For each time instant within t1 time units consecutively pred1 or the value of pred2,invariance_reachability
always ( fall (pred1 and pred2) -> pred3 or pred4 ),"Globally, if the transition action that the pred1 and pred2 is detected, then all of the following conditions are true: the value of pred3 immediately or at the same time point pred4",immediate_response
eventually [t1:t2] (pred1),The value of pred1 ultimately at sometime within the first t1 to t2 time units.,invariance_reachability
always ( (pred1 and pred2) and (pred3 and pred4) -> always [0:t1] (eventually [0:t2] (rise (pred5))) ),"Globally, whenever the pred1 and pred2 and the pred3 and pred4 then all of the following conditions hold: for each moment within the next t1 time units, eventually the scenario that the value of pred5 must be detected at a certain time instant within the coming t2 time units.",stabilization_recurrence
eventually [0:t1] (not fall (pred1) or pred2),"At a time within t1 time units, finally the transition action that the state of pred1 will not be observed, or the value of signal pred2",invariance_reachability
always ( fall (pred1) -> not (eventually (pred2 and pred3)) ),"Everytime when the pred1 then in response the subsequent condition shall not be true: at a certain time point in the future before the execution ends, pred2 and pred3 ultimately.",temporal_response
always ( rise (pred1) -> always [t1:t2] (eventually [0:t3] (fall (pred2 and pred3))) ),"On condition that the event that the value of signal pred1 takes place then the following condition is true: for every time point within the coming t1 to t2 time units, there is sometime in less than t3 time units, at which the scenario that the value of pred2 and pred3 must be finally observed.",stabilization_recurrence
always ( fall (pred1) -> (pred2) until [val2:t1] (pred3) ),"Globally, when the transition action that the pred1 gets observed, then all of the following conditions hold: the value of pred2 till the value of signal pred3 which will be observed at a certain time point during the subsequent t1 time units eventually.",temporal_response
always ( rise (pred1) -> always [t1:t2] (pred2 and pred3) ),"Globally, whenever the scenario that the value of signal pred1 gets detected, then all of the following conditions hold: the pred2 and pred3 and then consecutively holds like this for every time instant in the following t1 to t2 time units.",temporal_response
always [t1:t2] (pred1 or pred2),"For every moment in the first t1 to t2 time units the pred1 uninterruptedly, or the pred2",invariance_reachability
always ( rise (pred1) -> not ((pred2) until [t1:t2] (pred3)) ),"Whenever the event that the value of pred1 occurs then in response the subsequent condition mustn't be true: finally there exists a time in the first t1 to t2 time units, at which the value of pred3 and till then the pred2 all the time.",temporal_response
always ( rise (pred1) -> pred2 ),Everytime when pred1 then all of the following conditions are true: the value of pred2,immediate_response
always [0:t1] (pred1 or pred2),"For each time point within t1 time units, continuously the value of signal pred1 or pred2",invariance_reachability
always [0:t1] (pred1 and pred2),For every moment in the first t1 time units pred1 and pred2,invariance_reachability
always ( fall (historically (pred1)) -> eventually (always [0:t1] (not (pred2))) ),"Globally, everytime when the condition that uninterruptedly the pred1 in the past since the beginning of the simulation will change from true to false then all of the following conditions hold: eventually there will exist a certain moment in the future before the simulation ends, at which the state of signal pred2 and then this scenario will be uninterruptedly sustaining for every moment within the coming t1 time units.",stabilization_recurrence
eventually [0:t1] (not fall (pred1) and pred2),"Ultimately there has to be a time within t1 time units, at which the event that the mode of pred1 oughtn't to be observed, and the value of signal pred2",invariance_reachability
always ( pred1 or pred2 -> pred3 and pred4 ),While the pred1 or the state of signal pred2 then without any delay the pred3 and at once the value of signal pred4,immediate_response
always ( historically [t1:t2] (pred1) -> not (eventually (pred2)) ),"On condition that for the past t1 to t2 time units the value of signal pred1 then in response there ought not to exist any time point in the future before the end of the simulation, at which pred2",temporal_response
always ( rise (pred1) -> (pred2) until [0:t1] (not rise (pred3)) ),"Everytime when the event that the value of pred1 takes place then the following condition is true: the value of signal pred2 continuously until the value of signal pred3 finally, which has to be detected at sometime after at most t1 time units.",temporal_response
always ( rise (pred1) -> eventually [0:t1] (always [0:t2] (not (pred2))) ),"In the case the event that the pred1 occurs then all of the following conditions are true: after sometime within the following t1 time units, the pred2 and consistently this condition continues for every time instant within the next t2 time units.",stabilization_recurrence
always ( pred1 or (pred2 and pred3) -> not (historically (pred4 and pred5)) ),"Globally, everytime when pred1 or the value of pred2 and pred3 then in response the following condition should not be true: the pred4 and pred5 and then consecutively remained in this interval in the past since the start of the execution.",temporal_response
always ( rise (pred1 and pred2) or pred3 -> eventually [0:t1] (always [0:t2] (pred4)) ),"In case that the transition action that the value of signal pred1 and pred2 is observed, or the value of pred3 then the following condition holds: there ought to be a certain time point within the subsequent t1 time units ultimately, at which pred4 and ought to keep like this without interruption for each moment within the next t2 time units.",stabilization_recurrence
always (pred1 and pred2),The value of signal pred1 and pred2 in the future until the end of the simulation.,invariance_reachability
always ( pred1 and pred2 -> always [0:t1] (pred3) ),While the mode of signal pred1 and pred2 then the mode of signal pred3 for each time instant within the subsequent t1 time units.,temporal_response
always ( rise (pred1) -> eventually (always [0:t1] (pred2)) ),"It is always the case that if the event that the pred1 happens, then the following condition holds: finally at a certain moment in the future before the simulation ends, the pred2 and this scenario needs to consecutively last for each time point during the subsequent t1 time units.",stabilization_recurrence
always ( pred1 -> (pred2 and pred3) and pred4 ),"It is always the case that when pred1 then all of the following conditions are true: pred2 and pred3 at the same time point, and at the same time the value of signal pred4",immediate_response
always ( rise (pred1) -> not (pred2 and pred3) or pred4 ),"Globally, everytime when the transition action that pred1 is observed, then the following condition holds: at the same time point the pred2 and pred3 or pred4 immediately.",immediate_response
always [0:t1] (pred1),The pred1 uninterruptedly within t1 time units.,invariance_reachability
always ( (pred1 and pred2) or not (pred3) -> not fall (pred4 and pred5) ),"Globally, whenever the value of pred1 and pred2 or the value of signal pred3 then the following condition is true: starting without any delay the event that the value of pred4 and pred5 shouldn't happen.",immediate_response
always ( rise (pred1) -> pred2 ),It is always the case that when the transition action that the value of signal pred1 gets detected then the pred2 promptly.,immediate_response
always ( fall (pred1 and pred2) -> (pred3) until [t1:t2] (not (pred4)) ),"Globally, when the event that the pred1 and pred2 takes place, then all of the following conditions hold: at a certain moment in the following t1 to t2 time units, the pred4 ultimately, and before that the mode of signal pred3 continuously.",temporal_response
always ( fall (pred1) -> pred2 ),"Globally, when the scenario that the pred1 happens, then all of the following conditions are true: the mode of signal pred2",immediate_response
always ( not fall (pred1) -> (pred2) until [0:t1] (pred3) ),"Globally, whenever the event that pred1 is not detected then all of the following conditions hold: consistently the value of pred2 until the value of signal pred3 finally at a certain time point within t1 time units.",temporal_response
always [t1:t2] (pred1 or not (pred2)),For every time point during the first t1 to t2 time units consecutively the value of pred1 or the value of signal pred2,invariance_reachability
always ( rise (pred1) -> not (pred2) ),"In case that the transition action that pred1 is detected, then without any delay the value of signal pred2",immediate_response
always ( always [0:t1] (pred1) -> eventually [0:t2] (always [0:t3] (pred2)) ),"In the case the value of pred1 and this scenario will be consecutively sustaining for every time point in the first t1 time units then in response there exists a time in the first t2 time units finally, at which for each moment within t3 time units, continuously the pred2",stabilization_recurrence
always ( rise (pred1) -> eventually (always [t1:t2] (pred2)) ),"Whenever the mode of pred1 then in response ultimately at a time in the future, continuously the value of signal pred2 for every time point in the next t1 to t2 time units.",stabilization_recurrence
always ( not fall (pred1) -> pred2 ),"If the transition action that pred1 doesn't get detected, then the following condition holds: the pred2",immediate_response
always ( fall (pred1) -> (pred2) until (pred3) ),"When the event that the value of signal pred1 happens, then without interruption the value of pred2 until at sig1 time in the future before the execution ends the value of signal pred3",temporal_response
always ( rise (pred1) or pred2 -> pred3 ),"It is always the case that when the event that the value of signal pred1 is observed, or the pred2 then the value of signal pred3 right away.",immediate_response
always ( (pred1 and pred2) until [0:t1] (pred3) -> (pred4) until [0:t2] (pred5) ),"Globally, everytime when there is a certain moment within the subsequent t1 time units ultimately, at which the value of pred3 before that the value of signal pred1 and pred2 then the following condition holds: the state of pred4 and then must uninterruptedly stay like this till pred5 ultimately, which has to get observed at sometime during the first t2 time units.",temporal_response
always ( not (historically [t1:t2] (pred1 and pred2)) -> always (eventually (rise (pred3))) ),"It is always the case that if during the elapsed t1 to t2 time units the pred1 and pred2 then for each time instant in the future until the end of the simulation, finally there must exist sometime in the future, at which the transition action that the pred3 should be observed.",stabilization_recurrence
always ( not (pred1 and pred2) and not (pred3) -> eventually [0:t1] (always [0:t2] (pred4)) ),It is always the case that everytime when the value of signal pred1 and pred2 and the state of signal pred3 then the following condition holds: ultimately at a time within the next t1 time units pred4 and then this condition needs to consecutively sustain for more than t2 time units.,stabilization_recurrence
always [0:t1] (pred1),"For each time instant within the first t1 time units, the mode of signal pred1 consecutively.",invariance_reachability
always ( rise (pred1) -> always [val1:t1] (eventually [val1:t2] (fall (pred2))) ),"It is always the case that if the event that the value of signal pred1 occurs, then the following condition is true: for every time instant in the following t1 time units, there must exist a time within the subsequent t2 time units, at which finally the event that the value of pred2 needs to be observed.",stabilization_recurrence
always [0:t1] (not (pred1)),"In the first t1 time units, the mode of signal pred1",invariance_reachability
always ( pred1 -> always [0:t1] (pred2) ),"Globally, during the interval that pred1 then the value of signal pred2 without interruption for every time point within the following t1 time units.",temporal_response
always ( fall (pred1 and pred2) -> eventually (pred3) ),"Globally, whenever the event that the pred1 and pred2 takes place then the following condition is true: eventually pred3 at a certain moment in the future.",temporal_response
eventually (rise (pred1)),The event that the value of signal pred1 ought to take place eventually at a time in the future before the end of the simulation.,invariance_reachability
always ( once [0:t1] (pred1 and pred2) -> eventually [0:t2] (always [0:t3] (not (pred3))) ),"In the case there would be once a time within the elapsed t1 time units, at which the value of pred1 and pred2 then all of the following conditions hold: ultimately at a certain moment in less than t2 time units, the value of pred3 and this condition will be consecutively sustaining for each time instant in the next t3 time units.",stabilization_recurrence
always ( fall (pred1 and pred2) -> (pred3) until [t1:t2] (not (pred4)) ),It is always the case that in case that the pred1 and pred2 then the following condition holds: the pred3 continuously until at a certain time point during the subsequent t1 to t2 time units eventually the pred4,temporal_response
always ( fall (pred1) -> not (eventually [t1:t2] (pred2)) ),"Whenever the scenario that the value of pred1 happens then in response at any time instant within t1 to t2 time units, the mode of signal pred2",temporal_response
always [0:t1] (pred1 and (pred2 and pred3)),For every time instant in the first t1 time units the value of signal pred1 and the pred2 and pred3 consecutively.,invariance_reachability
always ( rise (pred1) -> pred2 ),If the scenario that the pred1 gets observed then in response the value of pred2 promptly.,immediate_response
always ( rise (pred1) -> pred2 ),It is always the case that when the transition action that the pred1 happens then all of the following conditions are true: at the same moment pred2,immediate_response
eventually (pred1),"There ought to exist a certain moment in the future before the end of the simulation, at which the mode of signal pred1",invariance_reachability
always ( rise (pred1) -> eventually [0:t1] (always [0:t2] (pred2)) ),"Globally, in case that the event that the mode of pred1 occurs, then there must finally exist a time within t1 time units, after which the value of pred2 uninterruptedly for each time instant in the next t2 time units.",stabilization_recurrence
eventually [0:t1] (fall (pred1)),Eventually the transition action that the mode of signal pred1 must occur at a certain moment after at most t1 time units.,invariance_reachability
always [t1:t2] (pred1 and pred2),Within t1 to t2 time units the value of signal pred1 and pred2 uninterruptedly.,invariance_reachability
always ( fall (pred1 and pred2) or (pred3 and pred4) -> once [0:t1] (pred5 and pred6) ),"It is always the case that everytime when the scenario that the value of signal pred1 and pred2 happens, or the value of pred3 and pred4 then all of the following conditions are true: there would have to exist a certain time instant during the past t1 time units once, at which the value of pred5 and pred6",temporal_response
always ( rise (pred1) -> eventually [0:t1] (always (pred2)) ),"When the transition action that the value of signal pred1 gets observed, then there should be a certain time point in the following t1 time units finally, at which the pred2 in the future till the end of the simulation.",stabilization_recurrence
always ( not (historically (not (pred1))) -> eventually [0:t1] (always [0:t2] (pred2)) ),"It is always the case that everytime when the following condition won't be true: pred1 and has been consecutively remaining like that in the past, then ultimately at a time during the coming t1 time units, the value of pred2 and then has to remain in this range all the time for each time instant within the coming t2 time units.",stabilization_recurrence
eventually ((pred1 and pred2) or pred3),"There will have to be a certain moment in the future, at which the pred1 and pred2 or the value of signal pred3 ultimately.",invariance_reachability
always [t1:t2] (pred1),Continuously the pred1 for every time point in the first t1 to t2 time units.,invariance_reachability
always ( pred1 -> eventually (always (pred2)) ),"Globally, while the pred1 then all of the following conditions are true: finally there shall be a time in the future, at which the state of pred2 and this condition will be continuing in the future until the simulation ends.",stabilization_recurrence
always ( rise (pred1) -> not (pred2) and pred3 ),"Globally, whenever the transition action that the value of pred1 takes place, then all of the following conditions are true: promptly the value of signal pred2 and the value of signal pred3 at the same moment.",immediate_response
always [0:t1] ((pred1 and pred2) or pred3),"For every time point in the first t1 time units, consistently the pred1 and pred2 or consistently the value of pred3",invariance_reachability
always ( rise (pred1 and pred2) -> (pred3 and pred4) until [0:t1] (pred5) ),"When the transition action that the value of signal pred1 and pred2 gets detected, then in response there exists a certain time instant in the next t1 time units finally, at which the value of signal pred5 before this without interruption pred3 and pred4",temporal_response
always ( pred1 and pred2 -> once [t1:t2] (not (pred3 and pred4)) ),"It is always the case that while the mode of pred1 and the pred2 then the following condition holds: at a certain time point during the last t1 to t2 time units, the pred3 and pred4",temporal_response
always ( once [0:t1] (pred1) -> eventually [0:t2] (always (pred2)) ),"On condition that there existed a certain time point in the last t1 time units, at which the value of signal pred1 then eventually after a certain time point within t2 time units pred2 and then this scenario shall keep in the future before the end of the execution.",stabilization_recurrence
always ( rise (pred1) and pred2 -> historically [0:t1] (pred3) ),"Globally, if the scenario that the value of pred1 occurs and the pred2 then the following condition holds: for the last t1 time units the pred3 all the time.",temporal_response
always ( rise (pred1) -> (not rise (pred2)) until [0:t1] (pred3) ),On condition that the transition action that the pred1 is detected then all of the following conditions are true: at a certain time instant in the coming t1 time units finally the value of signal pred3 and till then consistently the scenario that the state of pred2 should not take place.,temporal_response
always [0:t1] (pred1 or pred2),"For every time point within t1 time units, the value of signal pred1 or pred2",invariance_reachability
always ( rise (pred1) -> always [0:t1] (eventually [t2:t3] (pred2 and pred3)) ),"Globally, whenever the scenario that the pred1 gets detected then the following condition holds: for each time instant during the next t1 time units there shall be a certain time instant starting between t2 to t3 time units, at which pred2 and pred3 eventually.",stabilization_recurrence
always ( pred1 and rise (pred2) -> eventually [0:t1] (always (pred3)) ),"It is always the case that if the value of pred1 and the event that the value of pred2 takes place, then in response there must eventually exist a certain time point during the following t1 time units, after which in the future before the execution ends pred3",stabilization_recurrence
always [0:t1] (pred1),Without interruption the value of pred1 for every moment within the first t1 time units.,invariance_reachability
always ( (pred1) until (rise (pred2)) -> always [t1:t2] (pred3) ),"As soon as the value of signal pred1 and consecutively this condition will hold till there exists a certain moment in the future before the end of the execution, at which finally the scenario that the value of signal pred2 gets observed then pred3 all the time for every time point within the following t1 to t2 time units.",temporal_response
always ( rise (pred1) -> always [0:t1] (eventually [0:t2] (fall (pred2 and pred3))) ),"It is always the case that whenever the event that the state of signal pred1 occurs, then in response for each moment in the coming t1 time units, pred2 and pred3 at sometime during the subsequent t2 time units.",stabilization_recurrence
always ( fall (pred1) -> (pred2) until [0:t1] (pred3 and pred4) ),"Globally, when the transition action that the pred1 gets detected then in response there will have to finally exist a time during the subsequent t1 time units, at which the value of signal pred3 and pred4 before this consecutively the mode of signal pred2",temporal_response
always ( rise (pred1) -> not (always (pred2)) ),"In the case the value of signal pred1 then in the future, the pred2",temporal_response
always ( rise (pred1) -> eventually [0:t1] (always [0:t2] (pred2)) ),"Whenever the mode of signal pred1 then the following condition is true: after a time within the next t1 time units for every time instant within the following t2 time units, consecutively the pred2",stabilization_recurrence
always (pred1),In the future before the end of the execution consecutively the value of signal pred1,invariance_reachability
always ( rise (pred1 and pred2) -> pred3 ),"It is always the case that in case that the event that pred1 and pred2 occurs, then all of the following conditions hold: at the same time instant the state of pred3",immediate_response
eventually [0:t1] (pred1 and pred2),"There should exist a certain moment within t1 time units, at which eventually the state of pred1 and finally the value of pred2",invariance_reachability
always [0:t1] (pred1),For each time point in the first t1 time units pred1 consistently.,invariance_reachability
always [0:t1] (pred1 and pred2),"For every time point during the first t1 time units, the state of signal pred1 all the time, and the value of signal pred2",invariance_reachability
always ( rise (pred1) -> eventually [0:t1] (pred2) ),In the case the scenario that the value of pred1 is observed then in response the state of pred2 at a certain moment during the coming t1 time units.,temporal_response
always ( pred1 and rise (pred2) -> always [0:t1] (eventually (fall (pred3))) ),"It is always the case that when pred1 and the transition action that the value of signal pred2 occurs, then for each time instant in the following t1 time units, there should be eventually sometime in the future, at which the event that the pred3 shall happen.",stabilization_recurrence
always ( rise (pred1 and pred2) -> pred3 ),"Globally, when pred1 and pred2 then all of the following conditions hold: immediately the mode of pred3",immediate_response
always ( fall (pred1) -> eventually [0:t1] (always [0:t2] (pred2)) ),"It is always the case that when the scenario that pred1 gets detected then all of the following conditions are true: there will be sometime within t1 time units eventually, at which the value of signal pred2 and then will be remaining in this range all the time in the subsequent t2 time units.",stabilization_recurrence
eventually (rise (pred1)),"There has to exist a certain time instant in the future before the end of the simulation, at which the transition action that the value of pred1 ought to be observed.",invariance_reachability
always ( rise (pred1) -> eventually [t1:t2] (always [t3:t4] (pred2)) ),"Globally, when the event that the value of pred1 gets observed, then at a certain time instant within t1 to t2 time units, the mode of pred2 and then stays like that consecutively for each moment within t3 to t4 time units.",stabilization_recurrence
always (pred1),In the future till the execution ends pred1 without interruption.,invariance_reachability
always ( fall (pred1) and (pred2 and pred3) -> always [t1:t2] (pred4 and pred5) ),"In case that the value of pred1 and the value of pred2 and pred3 then the following condition holds: for every time instant in the following t1 to t2 time units, pred4 and pred5",temporal_response
eventually [0:t1] (fall (pred1 and pred2) and not (pred3)),"There shall be a certain moment in less than t1 time units, at which the transition action that pred1 and pred2 ought to be eventually observed and pred3 finally.",invariance_reachability
always ( rise (pred1) -> not fall (always [0:t1] (pred2)) ),"Globally, everytime when the event that the value of signal pred1 is observed, then in response the condition that the pred2 for each time point during the subsequent t1 time units does not shift from true to false.",temporal_response
always ( rise (pred1) -> not fall (pred2) and pred3 ),"In the case the transition action that the value of pred1 happens, then the following condition is true: instantly the transition action that the pred2 shall never be observed and in no time pred3",immediate_response
always ( pred1 -> eventually [0:t1] (always [0:t2] (not (pred2))) ),"It is always the case that in case that the mode of signal pred1 then all of the following conditions are true: there is sometime within the next t1 time units eventually, at which the mode of pred2 then this condition should remain consecutively for every time point in the subsequent t2 time units.",stabilization_recurrence
always ( rise (pred1) -> always [t1:t2] (eventually [0:t3] (pred2)) ),"Globally, everytime when the transition action that pred1 takes place, then all of the following conditions are true: for every time instant during the subsequent t1 to t2 time units, there needs to eventually exist a certain time instant during the following t3 time units, at which the mode of signal pred2",stabilization_recurrence
always ( (not (pred1)) since (pred2 and pred3) -> historically [t1:t2] (not fall (pred4)) ),"It is always the case that whenever the pred1 and this condition keeps since the value of signal pred2 and pred3 once at a certain moment in the past, then all of the following conditions are true: continuously the transition action that the pred4 will not happen in the elapsed t1 to t2 time units.",temporal_response
eventually [0:t1] (pred1),"There has to be a time after at most t1 time units, at which the state of pred1 ultimately.",invariance_reachability
always ( rise (pred1) -> pred2 ),It is always the case that whenever the scenario that the value of pred1 occurs then the following condition holds: pred2,immediate_response
always ( once [0:t1] (pred1 and pred2) -> eventually [0:t2] (always [0:t3] (pred3 and pred4)) ),"Everytime when at a certain time instant in the last t1 time units pred1 and pred2 once, then all of the following conditions are true: at a certain time instant during the next t2 time units, for every time point in the subsequent t3 time units the value of pred3 and pred4 all the time.",stabilization_recurrence
always ( rise (pred1) -> pred2 ),It is always the case that when the scenario that the value of pred1 happens then all of the following conditions are true: pred2,immediate_response
always [0:t1] ((pred1 and pred2) and (pred3 and pred4)),For at least t1 time units continuously the value of signal pred1 and pred2 and pred3 and pred4,invariance_reachability
always ( not (pred1 and pred2) or pred3 -> fall ((pred4) until [0:t1] (pred5)) ),Everytime when pred1 and pred2 or the value of pred3 then the following condition should change from true to false: the mode of signal pred4 and this scenario will always remain until the value of pred5 which will be ultimately detected at a time in the coming t1 time units.,temporal_response
always ( rise (pred1) -> always [0:t1] (eventually [0:t2] (fall (pred2))) ),"Globally, whenever the transition action that the pred1 happens, then the following condition holds: for each time point within the following t1 time units, ultimately the transition action that the pred2 has to be detected at a certain time instant within the subsequent t2 time units.",stabilization_recurrence
eventually [t1:t2] (rise (pred1) and pred2),"There has to exist a certain moment during the first t1 to t2 time units, at which ultimately the value of signal pred1 and the value of pred2 eventually.",invariance_reachability
always ( pred1 -> pred2 ),As soon as the pred1 then in response without any delay the pred2,immediate_response
always ( fall (pred1) -> eventually [0:t1] (rise (pred2)) ),"It is always the case that if the transition action that the value of pred1 occurs, then the following condition holds: there shall exist a certain time point within the subsequent t1 time units ultimately, at which the scenario that the pred2 needs to take place.",temporal_response
always ( rise (pred1) -> always (pred2) ),"If the event that the value of pred1 occurs, then the following condition is true: in the future before the simulation ends continuously the value of pred2",temporal_response
always ( rise (pred1) -> always [t1:t2] (eventually (pred2 and pred3)) ),"When the pred1 then all of the following conditions hold: for every time point within the following t1 to t2 time units there should be sometime in the future before the end of the execution, at which eventually the value of signal pred2 and pred3",stabilization_recurrence
always ( pred1 and pred2 -> pred3 ),On condition that the pred1 and the value of pred2 then the following condition holds: the value of pred3 at once.,immediate_response
always ( pred1 or pred2 -> eventually [0:t1] (pred3) ),"While the value of pred1 or the pred2 then the following condition is true: eventually there should be sometime during the first t1 time units, at which the value of pred3",temporal_response
eventually (not rise (pred1) or pred2),"At sometime in the future before the end of the execution the event that the state of pred1 ought not to get detected finally, or the pred2",invariance_reachability
always ( (pred1) since [0:t1] (pred2) -> (pred3) until [0:t2] (pred4) ),"It is always the case that in case that the value of signal pred2 once at a certain moment within the past t1 time units, after that pred1 then in response at a certain moment during the following t2 time units, the mode of pred4 till then pred3 consistently.",temporal_response
always ( rise (pred1) -> always (pred2 and pred3) ),"Globally, whenever the event that pred1 is observed then the following condition is true: in the future till the execution ends uninterruptedly the value of signal pred2 and pred3",temporal_response
always ( once [0:t1] (pred1) -> eventually [0:t2] (always [0:t3] (pred2)) ),"When at a time in the elapsed t1 time units the pred1 once then the following condition holds: finally there will have to be a certain moment within the coming t2 time units, at which for each time instant in the following t3 time units the value of pred2 continuously.",stabilization_recurrence
always ( (not fall (pred1)) since (pred2) -> always [0:t1] (eventually [0:t2] (pred3 and pred4)) ),"Globally, everytime when continuously the state of signal pred1 since once the value of pred2 which would be observed at a certain time point in the past from the beginning of the execution, then all of the following conditions hold: for every moment within t1 time units ultimately the pred3 and pred4 at a certain moment within the subsequent t2 time units.",stabilization_recurrence
always ( pred1 -> pred2 and pred3 ),"Globally, in case that the pred1 then the following condition holds: the value of pred2 right away and the pred3 at the same time instant.",immediate_response
eventually [t1:t2] (not (pred1 and pred2) or rise (pred3)),"There has to exist a certain time instant within t1 to t2 time units, at which pred1 and pred2 or the transition action that the value of pred3 will have to be detected.",invariance_reachability
eventually (rise (pred1 and pred2) or pred3),At a certain time point in the future before the end of the simulation eventually the transition action that the value of signal pred1 and pred2 has to get detected or the pred3,invariance_reachability
always ( rise (pred1) -> pred2 ),It is always the case that whenever the mode of pred1 then the following condition holds: the value of signal pred2 immediately.,immediate_response
always [0:t1] (pred1 and pred2),For the first t1 time units consecutively pred1 and the mode of signal pred2,invariance_reachability
always ( not fall ((pred1) since (not (pred2))) -> eventually [0:t1] (always [t2:t3] (pred3)) ),"It is always the case that everytime when the condition that continuously pred1 since the value of signal pred2 once at a time in the past starting from the beginning of the simulation won't be observed to shift from true to false then eventually after sometime in the subsequent t1 time units, for every time point within the following t2 to t3 time units the pred3",stabilization_recurrence
eventually [0:t1] (rise (pred1) and not (pred2)),"At sometime during the first t1 time units the scenario that the value of pred1 shall eventually take place, and the value of pred2",invariance_reachability
always ( rise (pred1) -> (pred2) until [0:t1] (pred3) ),"Globally, if the event that the pred1 occurs, then in response the state of pred2 and this condition will have to consecutively last till at a time during the next t1 time units, the pred3",temporal_response
eventually [0:t1] (rise (pred1)),"At a time within the first t1 time units, the scenario that the value of signal pred1 is eventually observed.",invariance_reachability
always ( rise (pred1) -> not (pred2 and pred3) ),Everytime when the value of signal pred1 then the following condition is true: right away the value of signal pred2 and pred3,immediate_response
always ( rise (pred1) -> always [0:t1] (eventually [t2:t3] (not fall (pred2))) ),"Whenever pred1 then the following condition holds: for each time instant in the coming t1 time units, there must ultimately exist a certain moment within the following t2 to t3 time units, at which the transition action that the value of pred2 does not get detected.",stabilization_recurrence
always ( fall (pred1 and pred2) -> eventually [0:t1] (always [t2:t3] (pred3)) ),"It is always the case that if the scenario that the value of signal pred1 and pred2 takes place then the following condition is true: there shall exist a certain moment within the following t1 time units finally, at which for every time instant in the subsequent t2 to t3 time units, the state of signal pred3 consistently.",stabilization_recurrence
always ( rise (pred1) -> pred2 ),"It is always the case that everytime when the transition action that the pred1 happens, then all of the following conditions hold: at once the pred2",immediate_response
always ( rise (pred1) -> always (eventually [0:t1] (rise (pred2))) ),"It is always the case that when the value of signal pred1 then all of the following conditions are true: for every time point in the future until the end of the simulation, there has to be a certain time point in the subsequent t1 time units, at which the scenario that pred2 must eventually occur.",stabilization_recurrence
always ( not (once [0:t1] (not (pred1 and pred2))) -> always [t2:t3] (pred3) ),"Globally, whenever the condition that the value of signal pred1 and pred2 once at a time within the past t1 time units is not true, then for each time point during the coming t2 to t3 time units, continuously the value of pred3",temporal_response
always ( fall (pred1) -> pred2 ),If the scenario that the mode of signal pred1 is observed then the following condition holds: pred2 at the same time instant.,immediate_response
always [0:t1] (pred1 and pred2),For every time instant within the first t1 time units pred1 and consistently the pred2,invariance_reachability
always (pred1),Continuously the pred1 in the future till the execution ends.,invariance_reachability
always (pred1),The value of signal pred1 continuously in the future before the end of the simulation.,invariance_reachability
always [0:t1] (pred1 or pred2),For every moment within t1 time units continuously the value of signal pred1 or without interruption the value of signal pred2,invariance_reachability
always ( rise (pred1) or not (pred2) -> always [0:t1] (eventually [0:t2] (rise (pred3))) ),"As soon as the event that the value of pred1 takes place, or the value of signal pred2 then all of the following conditions are true: for each moment in the next t1 time units there eventually exists sometime during the subsequent t2 time units, at which the transition action that the value of signal pred3 will happen.",stabilization_recurrence
always ( once [0:t1] (rise (pred1)) -> fall (eventually [0:t2] (pred2)) ),It is always the case that when at a certain moment within the elapsed t1 time units once the event that the pred1 would happen then in response the condition that ultimately the value of signal pred2 at a certain time point during the coming t2 time units has to be detected to change from true to false.,temporal_response
eventually [0:t1] (pred1),Finally pred1 at a time after at most t1 time units.,invariance_reachability
always ( rise (pred1) -> pred2 ),In case that the pred1 then all of the following conditions hold: without any delay the value of signal pred2,immediate_response
eventually [0:t1] (pred1),"There has to exist a certain time point within the first t1 time units, at which the pred1 finally.",invariance_reachability
always ( pred1 or pred2 -> (pred3) since [0:t1] (pred4) ),"It is always the case that when the value of pred1 or pred2 then in response the state of signal pred3 since the value of signal pred4 once, which must be observed at a certain moment within the elapsed t1 time units.",temporal_response
always ( rise (pred1) -> rise (pred2) and (pred3 and pred4) ),"It is always the case that in case that the transition action that the value of pred1 gets detected, then the following condition holds: without any delay the event that pred2 gets observed and without any delay the pred3 and pred4",immediate_response
always ( rise (pred1) and pred2 -> pred3 and pred4 ),It is always the case that whenever the transition action that pred1 happens and the pred2 then all of the following conditions are true: at the same moment the value of signal pred3 and pred4,immediate_response
always ( rise (pred1) -> (pred2) until [t1:t2] (pred3) ),"Whenever the event that pred1 gets detected then in response the state of signal pred2 and then must continue like this uninterruptedly till at a certain time point within the subsequent t1 to t2 time units, the value of signal pred3",temporal_response
always ( fall (pred1) -> fall (pred2 and pred3) and (pred4 and pred5) ),"It is always the case that in case that the event that pred1 occurs, then the following condition holds: the event that the value of pred2 and pred3 has to immediately take place and the pred4 and pred5 at the same time instant.",immediate_response
eventually [t1:t2] (not rise (pred1) and rise (pred2 and pred3)),"There is a certain time point starting between t1 to t2 time units, at which finally the scenario that pred1 must not get observed, and ultimately the transition action that the value of signal pred2 and pred3 shall take place.",invariance_reachability
eventually [0:t1] (pred1),Eventually the value of signal pred1 at sometime within the first t1 time units.,invariance_reachability
always [t1:t2] (not (pred1)),For each moment in the first t1 to t2 time units without interruption the value of pred1,invariance_reachability
always ( rise (pred1) -> (pred2) since [0:t1] (rise (pred3)) ),"In the case the scenario that the value of pred1 happens, then the following condition holds: the value of signal pred2 and then uninterruptedly this scenario has continued since the state of pred3 once at a time in the last t1 time units.",temporal_response
always ( rise (pred1 and pred2) or pred3 -> eventually [0:t1] (always (pred4 and pred5)) ),"Globally, if the scenario that the value of pred1 and pred2 is observed or the mode of pred3 then ultimately there will have to exist sometime in the coming t1 time units, after which pred4 and pred5 consecutively in the future until the end of the simulation.",stabilization_recurrence
always [0:t1] (pred1),"For every time point within the first t1 time units, uninterruptedly the mode of signal pred1",invariance_reachability
always (pred1 and pred2),"In the future, the pred1 and consecutively the value of signal pred2",invariance_reachability
always ( pred1 -> not (eventually [0:t1] (rise (pred2))) ),"On condition that the mode of signal pred1 then for any time instant within the first t1 time units, the event that pred2 shall not occur.",temporal_response
always ( (not fall (pred1)) since (pred2) -> always [0:t1] (eventually [0:t2] (pred3 and pred4)) ),"On condition that there would be once a certain moment in the past starting from the beginning of the execution, at which the value of signal pred2 and after this consistently the transition action that the state of pred1 didn't occur, then the following condition holds: for each moment in the first t1 time units, there must be a time in less than t2 time units, at which the pred3 and pred4 eventually.",stabilization_recurrence
always ( fall (pred1) -> not (eventually [0:t1] (pred2 and pred3)) ),"It is always the case that whenever the state of signal pred1 then the following condition isn't true: there will be a certain moment during the coming t1 time units, at which the pred2 and pred3 finally.",temporal_response
always ( rise (pred1 and pred2) -> always (eventually (pred3)) ),"It is always the case that everytime when the scenario that pred1 and pred2 takes place, then in response for every moment in the future before the simulation ends, ultimately at a time in the future the mode of signal pred3",stabilization_recurrence
always ( pred1 and pred2 -> pred3 ),On condition that the value of pred1 and the state of pred2 then pred3 promptly.,immediate_response
always ( fall (pred1 and pred2) -> once [t1:t2] (pred3) ),Whenever the transition action that the value of signal pred1 and pred2 takes place then all of the following conditions are true: the value of signal pred3 once at a certain moment in the elapsed t1 to t2 time units.,temporal_response
eventually [0:t1] (pred1 or pred2),"At a certain time point within the first t1 time units, pred1 or the value of signal pred2 eventually.",invariance_reachability
always ( pred1 and pred2 -> always [0:t1] (eventually [0:t2] (rise (pred3))) ),"In case that the value of pred1 and pred2 then all of the following conditions hold: for every time instant within the coming t1 time units, the value of signal pred3 at sometime in the following t2 time units.",stabilization_recurrence
always ( pred1 and not (pred2) -> (not (pred3 and pred4)) since [t1:t2] (pred5) ),"Globally, whenever pred1 and the pred2 then all of the following conditions are true: consecutively pred3 and pred4 since the state of pred5 which will have to get detected at a time in the last t1 to t2 time units.",temporal_response
always ( rise (pred1) and pred2 -> (pred3) until [0:t1] (not (pred4)) ),When the scenario that the pred1 is observed and the state of signal pred2 then the following condition holds: consecutively the value of pred3 until pred4 which must get detected at a certain time point starting at most t1 time units.,temporal_response
eventually (pred1 and rise (pred2)),At a certain time instant in the future before the end of the simulation pred1 and ultimately pred2,invariance_reachability
always (pred1),The value of pred1 in the future before the end of the simulation.,invariance_reachability
always ( fall (pred1 and pred2) -> always [0:t1] (eventually [0:t2] (pred3)) ),"It is always the case that everytime when the event that the pred1 and pred2 happens, then all of the following conditions hold: for each time point during the first t1 time units, at sometime within t2 time units, the state of signal pred3 eventually.",stabilization_recurrence
always ( pred1 and pred2 -> pred3 and pred4 ),In the event that the value of signal pred1 and pred2 then the following condition is true: the value of pred3 and pred4 at the same time point.,immediate_response
always ( rise (pred1) -> pred2 ),"It is always the case that whenever the scenario that pred1 is detected, then in response pred2",immediate_response
always ( rise (pred1 and pred2) -> not ((pred3) until [t1:t2] (not (pred4 and pred5))) ),"Everytime when the transition action that the value of pred1 and pred2 gets observed, then in response the condition that without interruption the pred3 until pred4 and pred5 eventually at a time in the next t1 to t2 time units shall not be true.",temporal_response
always ( rise (pred1) -> rise (pred2) and rise (pred3) ),"It is always the case that when the event that pred1 happens then all of the following conditions are true: immediately the scenario that pred2 gets observed, and right away the transition action that the pred3 has to happen.",immediate_response
always ( pred1 -> always [0:t1] (eventually [t2:t3] (rise (pred2 and pred3))) ),"If the mode of signal pred1 then in response for each time instant in the coming t1 time units, there shall exist a certain time point during the subsequent t2 to t3 time units, at which the scenario that the pred2 and pred3 will have to be detected.",stabilization_recurrence
always ( pred1 -> historically (pred2) ),Whenever the pred1 then the following condition is true: during the past the state of pred2 consistently.,temporal_response
always ( rise (pred1 and pred2) -> eventually (always (pred3)) ),"It is always the case that whenever the scenario that pred1 and pred2 is observed, then all of the following conditions are true: there ought to be ultimately a certain time instant in the future before the end of the execution, after which in the future until the end of the execution, the pred3 all the time.",stabilization_recurrence
always ( rise (pred1 and pred2) -> not (pred3) ),"It is always the case that when the event that pred1 and pred2 is detected, then all of the following conditions hold: at the same moment the pred3",immediate_response
always [t1:t2] (pred1 and pred2),Without interruption the value of pred1 and pred2 for each time instant within t1 to t2 time units.,invariance_reachability
always [t1:t2] (pred1 and pred2),For every time instant in the first t1 to t2 time units the pred1 and uninterruptedly the pred2,invariance_reachability
always ( (not rise (pred1)) until [0:t1] (not (pred2)) -> eventually [0:t2] (always [0:t3] (pred3 and pred4)) ),"Whenever the pred2 ultimately at sometime starting at most t1 time units, and before that the scenario that the state of pred1 won't be observed, then at a certain time point during the following t2 time units, the value of pred3 and pred4 then this condition will sustain consecutively for every moment in the coming t3 time units.",stabilization_recurrence
always ( not fall (pred1) and rise (pred2) -> (not (pred3)) until [t1:t2] (pred4) ),"It is always the case that in case that the transition action that pred1 isn't detected and the value of signal pred2 then there will be a certain time point during the coming t1 to t2 time units finally, at which the state of signal pred4 and till then consistently the mode of signal pred3",temporal_response
always ( rise (pred1) or pred2 -> rise (pred3) or not (pred4 and pred5) ),"It is always the case that whenever the transition action that the value of signal pred1 takes place, or pred2 then in response the value of pred3 or the value of pred4 and pred5 instantly.",immediate_response
eventually (pred1),"There exists a certain time instant in the future, at which pred1",invariance_reachability
always ( rise (pred1) -> always [0:t1] (eventually [t2:t3] (pred2)) ),"Globally, in case that the event that the state of pred1 is observed, then all of the following conditions are true: for each moment during the subsequent t1 time units, there will have to exist a certain time instant during the first t2 to t3 time units, at which eventually the pred2",stabilization_recurrence
always [0:t1] (pred1 and not (pred2)),For every moment within t1 time units continuously the pred1 and without interruption the value of pred2,invariance_reachability
always ( fall (pred1) -> once [0:t1] (not fall (pred2)) ),On condition that the scenario that the value of pred1 occurs then the following condition is true: once the event that the value of pred2 doesn't get observed at a certain moment during the last t1 time units.,temporal_response
always ( (pred1 and pred2) and rise (pred3) -> not ((pred4) until [0:t1] (pred5)) ),"Globally, in case that the value of signal pred1 and pred2 and the transition action that the value of signal pred3 takes place, then the subsequent condition must not be true: the state of pred4 and then this condition will last consecutively till the state of pred5 eventually at a certain time point during the next t1 time units.",temporal_response
always ( not rise (pred1) -> pred2 ),"Globally, if the event that the value of signal pred1 doesn't take place, then all of the following conditions hold: at once the value of pred2",immediate_response
always ( rise (pred1) -> not (always [0:t1] (pred2 and pred3)) ),In case that the scenario that pred1 is detected then in response the value of pred2 and pred3 uninterruptedly for each moment during the coming t1 time units.,temporal_response
always ( rise (pred1) -> always [t1:t2] (not (pred2)) ),It is always the case that if the event that the pred1 happens then all of the following conditions are true: within t1 to t2 time units continuously the pred2,temporal_response
always ( (pred1 and pred2) until [0:t1] (rise (pred3)) -> not ((not rise (pred4)) since [t2:t3] (pred5)) ),"It is always the case that whenever the value of pred1 and pred2 and will be consistently staying like this till ultimately the pred3 which will get detected at a certain moment during the first t1 time units then in response the subsequent condition should not be true: the value of signal pred4 and this condition continues consistently since the value of signal pred5 once, which gets observed at a time during the elapsed t2 to t3 time units.",temporal_response
always ( rise (pred1) -> pred2 and pred3 ),"Globally, when the scenario that the mode of signal pred1 takes place then in response the value of signal pred2 and pred3 without any delay.",immediate_response
always ( rise (pred1) -> pred2 ),"It is always the case that whenever the event that the value of pred1 happens, then all of the following conditions are true: at the same time point the value of pred2",immediate_response
always ( not ((pred1) since [0:t1] (pred2)) -> eventually [0:t2] (always [0:t2] (pred3 and pred4)) ),"Everytime when the following condition will not be true: the value of signal pred1 continuously since pred2 once, which would be detected at a time in the last t1 time units, then the following condition holds: eventually there ought to exist a certain moment during the first t2 time units, at which the pred3 and pred4 then this condition has to consecutively hold for each time point within t2 time units.",stabilization_recurrence
always ( always [0:t1] (pred1) -> not (eventually [0:t2] (rise (pred2))) ),"On condition that for each time instant in the coming t1 time units, consecutively pred1 then the value of pred2 for any time instant in the next t2 time units.",temporal_response
always ( pred1 -> always [0:t1] (eventually [0:t2] (rise (pred2))) ),It is always the case that while pred1 then the following condition holds: for each time instant in the coming t1 time units the transition action that the value of signal pred2 ought to take place ultimately at a certain time instant within the next t2 time units.,stabilization_recurrence
eventually [t1:t2] (pred1 or (pred2 and pred3)),At pred1 or ultimately the pred2 and pred3,invariance_reachability
always ( rise (pred1) -> pred2 and pred3 ),In the case the event that the value of pred1 gets detected then in response at once pred2 and starting without any delay the state of pred3,immediate_response
always ( rise (pred1 and pred2) -> pred3 and pred4 ),As soon as the value of pred1 and pred2 then all of the following conditions hold: the pred3 and pred4 (closed) instantly.,immediate_response
always ( fall (pred1 and pred2) -> (not (pred3)) until [0:t1] (pred4 and pred5) ),"When the transition action that the value of pred1 and pred2 gets detected, then all of the following conditions are true: eventually the pred4 and pred5 at a certain time instant in less than t1 time units, and before that the value of pred3",temporal_response
eventually (pred1),"There will exist a certain moment in the future finally, at which the mode of signal pred1",invariance_reachability
always [t1:t2] (not (pred1)),Without interruption the value of pred1 for every time instant during the first t1 to t2 time units.,invariance_reachability
always ( rise (pred1) -> (pred2 and pred3) and pred4 ),"In case that the pred1 then all of the following conditions are true: the value of signal pred2 and pred3 at the same time, and pred4 at the same moment.",immediate_response
always ( fall (pred1) or pred2 -> historically [0:t1] (pred3) ),"Globally, if the transition action that the value of pred1 takes place or pred2 then consecutively the value of pred3 within the elapsed t1 time units.",temporal_response
always ( fall (pred1) -> (pred2) since [0:t1] (rise (pred3)) ),"Globally, when the event that the state of pred1 takes place then all of the following conditions hold: consistently the mode of signal pred2 since pred3 which must occur at sometime before less than t1 time units.",temporal_response
always [0:t1] (pred1 and pred2),"For every time instant in the first t1 time units, the value of signal pred1 consecutively, and consecutively pred2",invariance_reachability
always ( rise (pred1) -> not rise (eventually [t1:t2] (pred2)) ),Everytime when the state of signal pred1 then the condition that ultimately pred2 at sometime in the next t1 to t2 time units shan't be observed to change from false to true.,temporal_response
always ( rise (pred1) -> eventually [0:t1] (always [0:t2] (pred2)) ),"As soon as pred1 then all of the following conditions are true: after sometime within the first t1 time units, within the next t2 time units, the pred2 consistently.",stabilization_recurrence
always ( not (pred1 and pred2) and (pred3 and pred4) -> (pred5 and pred6) and pred7 ),While the value of pred1 and pred2 and the value of pred3 and pred4 then the following condition is true: pred5 and pred6 and at the same time instant the value of pred7,immediate_response
always ( rise (pred1) -> pred2 and pred3 ),It is always the case that everytime when the value of pred1 then all of the following conditions are true: pred2 and pred3 right away.,immediate_response
always ( pred1 and pred2 -> pred3 ),"Globally, everytime when the value of pred1 and the pred2 then in response the pred3 immediately.",immediate_response
eventually [0:t1] (pred1 and pred2),"There shall exist sometime within the first t1 time units, at which the value of pred1 and the pred2",invariance_reachability
always ( rise (pred1) -> (pred2) until (pred3 and pred4) ),"It is always the case that if the event that the pred1 gets observed then there should be a time in the future before the execution ends eventually, at which the value of pred3 and pred4 before that consecutively the pred2",temporal_response
always ( fall (pred1 and pred2) -> eventually (always [t1:t2] (pred3)) ),"Globally, whenever the scenario that the value of signal pred1 and pred2 is observed then in response there has to exist a certain time point in the future before the execution ends eventually, after which consecutively the pred3 for every time instant within the following t1 to t2 time units.",stabilization_recurrence
always ( not (once (rise (pred1))) -> eventually [0:t1] (always [0:t2] (pred2)) ),"Globally, when there would not be anytime in the past from the beginning of the simulation, at which the scenario that the value of pred1 occurred then in response finally at sometime in the coming t1 time units for more than t2 time units, consistently the mode of signal pred2",stabilization_recurrence
always ( rise (pred1) -> always [0:t1] (eventually [0:t2] (pred2 and pred3)) ),"It is always the case that whenever the event that the value of pred1 gets detected then for every time instant in the subsequent t1 time units there is eventually sometime after at most t2 time units, at which the value of signal pred2 and pred3",stabilization_recurrence
always ( historically [0:t1] (not fall (pred1)) -> always [0:t2] (eventually (rise (pred2))) ),"Globally, if uninterruptedly the transition action that pred1 didn't occur in the past t1 time units then all of the following conditions are true: for every moment within the first t2 time units, there shall be a certain time point in the future, at which ultimately the event that the pred2 will have to happen.",stabilization_recurrence
always ( rise (pred1) and pred2 -> eventually (always (pred3 and pred4)) ),"Globally, everytime when the event that the pred1 occurs and pred2 then eventually there ought to be a time in the future before the end of the execution, at which pred3 and pred4 without interruption in the future before the end of the simulation.",stabilization_recurrence
always ( pred1 or pred2 -> (pred3 and pred4) until (pred5) ),On condition that the value of pred1 or pred2 then all of the following conditions hold: pred3 and pred4 and then must continue like that uninterruptedly until the pred5 which has to get detected at sometime in the future.,temporal_response
eventually [val1:t1] ((pred1 and pred2) or pred3),"There is a certain moment after at most t1 time units, at which the value of signal pred1 and pred2 finally or finally pred3",invariance_reachability
always [0:t1] (pred1),The pred1 all the time for every moment within t1 time units.,invariance_reachability
always [0:t1] (pred1 and pred2),"For each moment within t1 time units, without interruption the pred1 and without interruption pred2",invariance_reachability
eventually (fall (pred1)),"There will have to eventually exist a certain moment in the future before the simulation ends, at which the scenario that the state of pred1 must take place.",invariance_reachability
always ( rise (pred1) -> always (eventually [t1:t2] (not (pred2))) ),"Globally, whenever the transition action that the pred1 happens, then for each moment in the future till the end of the simulation there ought to be a certain time instant within the following t1 to t2 time units eventually, at which pred2",stabilization_recurrence
always ( rise (pred1) -> (pred2) until [val2:t1] (pred3) ),"On condition that pred1 then the following condition is true: the value of pred3 at sometime after at most t1 time units, and till then consistently the mode of pred2",temporal_response
always ( fall (pred1) -> eventually (always (pred2)) ),"As soon as the event that the pred1 occurs, then there will have to finally exist sometime in the future before the end of the execution, after which the value of pred2 then consecutively this condition will keep in the future until the execution ends.",stabilization_recurrence
eventually [0:t1] (rise (pred1) and pred2),"At a certain time point during the first t1 time units, the event that the value of pred1 ought to finally occur and eventually the value of pred2",invariance_reachability
always ( pred1 or pred2 -> always [0:t1] (eventually [0:t2] (not (pred3))) ),"Globally, during the interval that the mode of signal pred1 or pred2 then for each time point during the coming t1 time units, eventually the pred3 at a certain time instant within t2 time units.",stabilization_recurrence
always ( fall (pred1) -> always [t1:t2] (eventually [t3:t4] (not (pred2))) ),"In the case the event that the value of signal pred1 occurs then all of the following conditions are true: for every time point within the subsequent t1 to t2 time units, there is sometime in the first t3 to t4 time units, at which the mode of signal pred2",stabilization_recurrence
always ( rise (pred1 and pred2) -> always [0:t1] (eventually [0:t2] (pred3)) ),"Globally, when the scenario that the value of signal pred1 and pred2 is detected then the following condition holds: for each time point during the subsequent t1 time units, ultimately at sometime within the coming t2 time units, the mode of signal pred3",stabilization_recurrence
always ( historically [t1:t2] (pred1) -> eventually [0:t3] (always [0:t4] (pred2)) ),"On condition that for the elapsed t1 to t2 time units, the pred1 then the following condition holds: there ought to be a certain time point in the next t3 time units, at which pred2 and then consecutively this scenario must keep for each moment in the following t4 time units.",stabilization_recurrence
always ( rise (pred1) -> always [0:t1] (eventually [0:t2] (fall (pred2))) ),"In case that the event that the value of signal pred1 occurs, then for every time instant within t1 time units, ultimately at a certain time point in the next t2 time units, the transition action that the pred2 shall be observed.",stabilization_recurrence
always ( pred1 -> (pred2 and pred3) or pred4 ),Everytime when pred1 then all of the following conditions are true: the value of pred2 and pred3 starting without any delay or without any delay pred4,immediate_response
always ( rise (pred1) -> not ((pred2) until [t1:t2] (pred3)) ),"As soon as the event that the value of signal pred1 happens, then the condition that the value of pred2 consecutively till finally the value of signal pred3 at a time within the following t1 to t2 time units is not true.",temporal_response
always ( rise (pred1) -> pred2 and pred3 ),"In the case the event that the value of signal pred1 is detected, then the following condition is true: at the same time instant the value of signal pred2 and pred3",immediate_response
always ( rise (pred1) -> not fall (pred2) ),"It is always the case that everytime when the transition action that the value of pred1 takes place, then all of the following conditions are true: in no time the event that the pred2 mustn't occur.",immediate_response
eventually [0:t1] (pred1),"There ought to be a certain time point within t1 time units, at which the pred1 ultimately.",invariance_reachability
always ( pred1 -> eventually (always [t1:t2] (not fall (pred2))) ),"It is always the case that if the mode of pred1 then all of the following conditions hold: there must be a time in the future, at which the value of signal pred2 and then this scenario will be always remaining for every time point in the following t1 to t2 time units.",stabilization_recurrence
always [0:t1] (pred1 and pred2),"Within the first t1 time units, consecutively pred1 and continuously the state of pred2",invariance_reachability
eventually [0:t1] (pred1 and rise (pred2)),"There will have to be a certain moment within the first t1 time units, at which the mode of pred1 and pred2",invariance_reachability
always ( rise (pred1) -> historically [t1:t2] (not (pred2)) ),"Globally, everytime when the transition action that the value of signal pred1 happens, then all of the following conditions hold: the mode of pred2 then this scenario has to remain uninterruptedly in the past t1 to t2 time units.",temporal_response
always (pred1 and pred2),"In the future, consistently pred1 and pred2",invariance_reachability
always ( fall (pred1 and pred2) -> always [0:t1] (pred3) ),"Globally, whenever the transition action that pred1 and pred2 happens then the following condition holds: the pred3 for every time point in the following t1 time units.",temporal_response
always [0:t1] (not (pred1) or pred2),"For every moment during the first t1 time units, consistently the mode of pred1 or consecutively the state of pred2",invariance_reachability
always (pred1 and pred2),In the future before the end of the simulation without interruption pred1 and pred2,invariance_reachability
always ( rise (pred1) -> eventually (always [t1:t2] (pred2)) ),"Whenever the pred1 then the following condition holds: there will have to be a certain time point in the future before the end of the execution eventually, after which pred2 then consistently this condition should remain for each moment during the next t1 to t2 time units.",stabilization_recurrence
always ( pred1 and (pred2 and pred3) -> eventually (always [0:t1] (pred4)) ),"Whenever the value of pred1 and pred2 and pred3 then all of the following conditions hold: there is finally a time in the future before the end of the execution, after which for each moment in the subsequent t1 time units pred4",stabilization_recurrence
always ( fall (pred1) -> eventually [t1:t2] (always [t3:t4] (pred2)) ),"Globally, if the scenario that the pred1 is observed then all of the following conditions hold: ultimately at sometime within the next t1 to t2 time units the mode of signal pred2 then this scenario uninterruptedly continues within t3 to t4 time units.",stabilization_recurrence
always [t1:t2] (pred1),For every moment in the first t1 to t2 time units uninterruptedly pred1,invariance_reachability
always ( fall (pred1 and pred2) -> (pred3) until [0:t1] (pred4) ),It is always the case that when the transition action that pred1 and pred2 gets observed then all of the following conditions are true: the mode of signal pred3 all the time until pred4 at a certain moment starting at most t1 time units.,temporal_response
always ( historically [t1:t2] (pred1) -> not ((not (pred2)) until [t3:t4] (pred3)) ),"When pred1 without interruption in the elapsed t1 to t2 time units, then in response the condition that without interruption pred2 till the pred3 at a certain time instant in the coming t3 to t4 time units shan't be true.",temporal_response
eventually ((pred1 and pred2) and not (pred3)),"At a certain time instant in the future before the end of the execution, finally pred1 and pred2 and pred3",invariance_reachability
always [0:t1] (not fall (pred1) and pred2),"For each time point in the first t1 time units, continuously the event that the value of signal pred1 will never take place and consistently the mode of signal pred2",invariance_reachability
always ( (pred1) since [val1:t1] (rise (pred2)) -> (not rise (pred3)) until [val1:t2] (pred4 and pred5) ),"When the value of pred1 then this condition has been continuing without interruption since there existed a certain moment in the past t1 time units once, at which the state of signal pred2 then in response the scenario that the pred3 must consecutively not be detected until the value of pred4 and pred5 which must be ultimately detected at a certain time point starting at most t2 time units.",temporal_response
eventually [t1:t2] (not (pred1 and pred2) and pred3),"There should be sometime in the first t1 to t2 time units, at which eventually the value of signal pred1 and pred2 and the mode of pred3",invariance_reachability
eventually [0:t1] (pred1 or not (pred2)),At sometime within t1 time units pred1 or the pred2,invariance_reachability
always [t1:t2] (pred1),For every moment in the first t1 to t2 time units the pred1,invariance_reachability
always ( pred1 -> eventually [0:t1] (pred2) ),In the event that pred1 then in response eventually the pred2 at a time within the following t1 time units.,temporal_response
always ( pred1 and rise (pred2) -> pred3 ),"In case that pred1 and the event that the value of signal pred2 is detected, then all of the following conditions are true: the value of signal pred3 instantly.",immediate_response
always ( pred1 -> pred2 ),In case that the state of pred1 then the following condition is true: pred2,immediate_response
eventually [0:t1] ((pred1 and pred2) or rise (pred3)),"At a time in the first t1 time units, the pred1 and pred2 or the transition action that pred3 needs to be finally detected.",invariance_reachability
always ( pred1 -> rise (pred2) ),It is always the case that in case that pred1 then the following condition is true: the scenario that the state of signal pred2 ought to get observed starting without any delay.,immediate_response
always [t1:t2] (pred1 or not fall (pred2 and pred3)),"For every time point within the first t1 to t2 time units, consecutively the pred1 or consecutively the event that the pred2 and pred3 must not take place.",invariance_reachability
always ( not rise (pred1) -> (pred2 and pred3) and pred4 ),"Globally, whenever the event that pred1 is not observed, then all of the following conditions hold: right away the value of pred2 and pred3 and immediately the value of signal pred4",immediate_response
always ( historically [t1:t2] (pred1) -> eventually [t3:t4] (always (pred2 and pred3)) ),"It is always the case that if pred1 and then uninterruptedly this condition has remained for the last t1 to t2 time units then there will have to be eventually a certain time point within the first t3 to t4 time units, at which the value of pred2 and pred3 and shall consecutively remain like this in the future until the end of the execution.",stabilization_recurrence
always ( not (historically [t1:t2] (pred1)) -> (not (pred2 and pred3)) until [0:t3] (fall (pred4 and pred5)) ),"It is always the case that everytime when the value of signal pred1 uninterruptedly in the past t1 to t2 time units then all of the following conditions hold: there shall be a certain time instant in the first t3 time units, at which the scenario that the value of pred4 and pred5 has to take place ultimately, until then the pred2 and pred3",temporal_response
always ( pred1 -> not ((pred2) until [t1:t2] (fall (pred3 and pred4))) ),"Globally, if the value of pred1 then the condition that consecutively pred2 until the value of signal pred3 and pred4 at a time during the first t1 to t2 time units shall not be true.",temporal_response
eventually [0:t1] (rise (pred1)),The value of signal pred1 at sometime within t1 time units.,invariance_reachability
always [t1:t2] (pred1),For each time point during the first t1 to t2 time units the pred1,invariance_reachability
always ( pred1 -> (not (pred2)) until [0:t1] (pred3) ),"It is always the case that when the value of signal pred1 then the following condition is true: consecutively the state of signal pred2 till there will exist sometime during the coming t1 time units, at which pred3 ultimately.",temporal_response
eventually [0:t1] (pred1 and pred2),"Eventually there needs to be a certain time instant during the first t1 time units, at which the pred1 and the mode of pred2",invariance_reachability
always ( pred1 and rise (pred2) -> pred3 ),If the state of signal pred1 and the event that pred2 is detected then all of the following conditions hold: pred3 instantly.,immediate_response
always ( historically [0:t1] (pred1) -> always (eventually [0:t2] (rise (pred2))) ),"Everytime when the mode of pred1 and this condition holds continuously for the last t1 time units then all of the following conditions are true: for every moment in the future before the execution ends, at a certain time point starting at most t2 time units the transition action that the pred2 should finally take place.",stabilization_recurrence
always ( rise (pred1) -> pred2 ),"It is always the case that when the scenario that the value of pred1 is observed, then the following condition is true: the value of pred2 at once.",immediate_response
always ( rise (pred1) -> pred2 ),When the scenario that pred1 is observed then at the same moment pred2,immediate_response
always (pred1 and pred2),"In the future till the simulation ends, continuously the value of signal pred1 and pred2",invariance_reachability
always ( not (historically [0:t1] (pred1 and pred2)) -> always [t2:t3] (eventually [t4:t3] (pred3 and pred4)) ),"On condition that the value of signal pred1 and pred2 all the time in the elapsed t1 time units, then for each time instant within the first t2 to t3 time units, the pred3 and pred4 at a certain time instant in the coming t4 to t3 time units.",stabilization_recurrence
always ( fall (pred1) -> pred2 and (pred3 and pred4) ),"Globally, everytime when the event that the mode of signal pred1 happens then all of the following conditions are true: pred2 at the same time and at once the value of signal pred3 and pred4",immediate_response
always ( pred1 -> always [0:t1] (eventually [0:t2] (pred2)) ),"It is always the case that if pred1 then all of the following conditions hold: for every time instant within the next t1 time units there needs to be a time within the following t2 time units eventually, at which the value of pred2",stabilization_recurrence
always [0:t1] (pred1),Without interruption the value of pred1 for each time point within t1 time units.,invariance_reachability
always ( rise (pred1) -> eventually [t1:t2] (fall (pred2)) ),"Globally, everytime when the event that the state of signal pred1 is detected then the following condition holds: at sometime within the first t1 to t2 time units the state of signal pred2 finally.",temporal_response
always ( fall (pred1) -> pred2 and (pred3 and pred4) ),"It is always the case that in case that the event that the pred1 gets detected then the following condition is true: the value of pred2 immediately, and pred3 and pred4",immediate_response
always ( not (pred1) or pred2 -> not fall (always (pred3)) ),During the interval that pred1 or the pred2 then the condition that consistently the value of signal pred3 in the future until the simulation ends oughtn't to shift from true to false.,temporal_response
always [t1:t2] (pred1 or pred2),In the first t1 to t2 time units uninterruptedly the value of signal pred1 or consistently the value of signal pred2,invariance_reachability
always [0:t1] (pred1 or pred2),For each time point within the first t1 time units consecutively the value of signal pred1 or the value of signal pred2,invariance_reachability
always [t1:t2] (not (pred1) or not fall (pred2)),"For every time point within the first t1 to t2 time units, consecutively the value of pred1 or without interruption the transition action that the pred2 mustn't be observed.",invariance_reachability
always ( pred1 and pred2 -> pred3 ),It is always the case that in case that the value of pred1 and pred2 then all of the following conditions are true: the pred3 in no time.,immediate_response
eventually [0:t1] (pred1 and pred2),"There shall be a certain time point starting at most t1 time units, at which the pred1 and pred2",invariance_reachability
eventually [0:t1] (pred1),The state of signal pred1 eventually at sometime after at most t1 time units.,invariance_reachability
always ( rise (pred1) -> pred2 and pred3 ),"Globally, if the scenario that the state of signal pred1 occurs, then the following condition holds: the value of signal pred2 and pred3 in no time.",immediate_response
always ( rise (pred1 and pred2) -> not (pred3) ),"It is always the case that if the transition action that the pred1 and pred2 occurs, then the following condition is true: at the same time point the value of pred3",immediate_response
always ( rise (pred1) -> not fall (pred2 and pred3) ),"In case that the scenario that the state of pred1 takes place, then all of the following conditions hold: without any delay the value of pred2 and pred3",immediate_response
eventually (rise (pred1) or not (pred2)),At a certain time instant in the future before the simulation ends the transition action that the value of signal pred1 ought to be observed finally or the value of pred2,invariance_reachability
always ( eventually [0:t1] (not (pred1)) -> (pred2) until (rise (pred3 and pred4)) ),"When there will eventually exist a certain time point within t1 time units, at which the value of signal pred1 then the following condition holds: there needs to be a certain time instant in the future before the simulation ends, at which the event that the value of signal pred3 and pred4 must be ultimately detected, till then the value of signal pred2",temporal_response
eventually [0:t1] (rise (pred1 and pred2) and pred3),"At a certain time instant in the first t1 time units, the event that pred1 and pred2 must happen eventually, and pred3",invariance_reachability
always ( rise (pred1) and (pred2 and pred3) -> pred4 ),"If the scenario that the pred1 is observed, and the value of pred2 and pred3 then the following condition is true: the value of signal pred4 promptly.",immediate_response
always ( rise (pred1 and pred2) or pred3 -> pred4 and pred5 ),"Whenever the scenario that the value of pred1 and pred2 takes place, or pred3 then all of the following conditions are true: simultaneously pred4 and pred5",immediate_response
always ( rise (pred1) -> once (pred2) ),On condition that the scenario that the value of pred1 gets detected then pred2 at a certain moment in the past from the start of the execution.,temporal_response
eventually (pred1 or rise (pred2)),"There ought to be a certain time point in the future before the execution ends, at which ultimately the state of signal pred1 or the transition action that the value of pred2 happens.",invariance_reachability
always ( pred1 and pred2 -> pred3 ),"Globally, during the interval that the value of signal pred1 and pred2 then in response the value of signal pred3",immediate_response
always [t1:t2] (pred1),For each time instant in the first t1 to t2 time units pred1 uninterruptedly.,invariance_reachability
always ( rise (pred1) -> not (pred2) ),It is always the case that everytime when the event that the state of pred1 happens then the following condition holds: simultaneously pred2,immediate_response
eventually [t1:t2] (pred1 and pred2),"There needs to be a certain time instant starting between t1 to t2 time units, at which pred1 finally and the pred2",invariance_reachability
always ( (pred1 and pred2) or rise (pred3) -> eventually [0:t1] (not (pred4)) ),"It is always the case that whenever the value of signal pred1 and pred2 or the scenario that pred3 gets detected then the following condition is true: at sometime in the first t1 time units, finally the mode of pred4",temporal_response
always ( pred1 or pred2 -> not (pred3) ),"Globally, if the value of pred1 or the state of pred2 then the following condition holds: starting without any delay the pred3",immediate_response
always ( pred1 and pred2 -> eventually [0:t1] (pred3) ),Whenever the value of pred1 and the value of pred2 then the following condition holds: the pred3 finally at a certain time instant after at most t1 time units.,temporal_response
always ( rise (pred1) -> pred2 ),"In case that the transition action that the value of signal pred1 is observed, then the following condition holds: in no time the state of pred2",immediate_response
always ( not ((pred1) since [t1:t2] (pred2 and pred3)) -> always (pred4) ),"When the condition that continuously the value of signal pred1 since the value of pred2 and pred3 at sometime in the last t1 to t2 time units won't be true then the following condition is true: in the future till the execution ends, consistently the mode of signal pred4",temporal_response
always ( rise (pred1) -> always (pred2) ),"Globally, if the transition action that the value of pred1 gets detected then all of the following conditions hold: the value of pred2 without interruption in the future before the end of the execution.",temporal_response
always ( once [0:t1] (pred1) -> eventually (pred2) ),"Whenever there would be sometime before less than t1 time units once, at which pred1 then the following condition is true: at a certain moment in the future before the end of the simulation, the value of signal pred2 eventually.",temporal_response
always ( (pred1 and pred2) and pred3 -> (pred4 and pred5) or (pred6 and pred7) ),It is always the case that if the value of signal pred1 and pred2 and the value of pred3 then all of the following conditions hold: at once the value of pred4 and pred5 or pred6 and pred7,immediate_response
always ( pred1 and pred2 -> eventually [t1:t2] (always [t3:t4] (pred3)) ),It is always the case that if pred1 and the pred2 then in response after sometime in the next t1 to t2 time units pred3 and then ought to hold like this uninterruptedly for every time point within the subsequent t3 to t4 time units.,stabilization_recurrence
always [0:t1] (not rise (pred1)),For every time point within t1 time units the transition action that the state of signal pred1 is consistently not detected.,invariance_reachability
eventually [0:t1] (pred1 or pred2),"There should be a certain moment within t1 time units, at which pred1 or the value of pred2",invariance_reachability
always ( fall (pred1) -> (pred2) until [0:t1] (pred3) ),"On condition that the scenario that the pred1 happens then all of the following conditions hold: at a time in the subsequent t1 time units the value of pred3 finally, and until then without interruption the value of signal pred2",temporal_response
eventually (pred1),pred1 finally at sometime in the future before the execution ends.,invariance_reachability
always ( rise (pred1) -> always (pred2 and pred3) ),In case that pred1 then in response the value of signal pred2 and pred3 and will be uninterruptedly remaining in this range in the future until the execution ends.,temporal_response
always ( (pred1 and pred2) and pred3 -> always [t1:t2] (eventually [0:t3] (pred4)) ),"In the case the value of signal pred1 and pred2 and the state of signal pred3 then the following condition holds: for each moment during the coming t1 to t2 time units, the pred4 at a certain moment in the following t3 time units.",stabilization_recurrence
always ( (pred1 and pred2) and pred3 -> pred4 ),It is always the case that in case that pred1 and pred2 and the value of signal pred3 then in response simultaneously the state of signal pred4,immediate_response
always ( rise (pred1) -> always [0:t1] (pred2) ),It is always the case that everytime when the scenario that pred1 happens then in response the value of pred2 then this scenario has to hold without interruption for every time instant during the next t1 time units.,temporal_response
always ( fall (pred1) -> not (always [t1:t2] (pred2)) ),"Globally, in case that the scenario that pred1 gets detected, then in response for each time point in the next t1 to t2 time units the value of pred2 continuously.",temporal_response
always ( not (pred1) or pred2 -> always [0:t1] (eventually [0:t2] (rise (pred3))) ),On condition that pred1 or the value of signal pred2 then the following condition holds: for each time instant during the subsequent t1 time units ultimately the transition action that the value of pred3 needs to get detected at a certain time point in the next t2 time units.,stabilization_recurrence
always (pred1),"In the future till the simulation ends, consistently the value of signal pred1",invariance_reachability
eventually [0:t1] (pred1),pred1 at a certain moment starting at most t1 time units.,invariance_reachability
always ( pred1 or pred2 -> not rise ((pred3) until [t1:t2] (pred4)) ),In the event that pred1 or the value of signal pred2 then in response the following condition shouldn't shift from false to true: pred3 then this condition will be lasting uninterruptedly till ultimately the state of signal pred4 which is observed at sometime during the next t1 to t2 time units.,temporal_response
always ( once [0:t1] (pred1) -> eventually [t2:t3] (rise (pred2)) ),"In the case at a certain time instant within the last t1 time units, the state of pred1 then all of the following conditions are true: there will be eventually a certain time point during the first t2 to t3 time units, at which the transition action that the value of signal pred2 shall get detected.",temporal_response
always ( fall ((pred1) until [t1:t2] (pred2)) -> always (eventually (pred3)) ),"Globally, whenever the condition that pred1 till the pred2 ultimately at sometime in the next t1 to t2 time units is detected to change from true to false, then for each time point in the future until the end of the execution at a time in the future, the value of pred3 finally.",stabilization_recurrence
always ( fall (pred1) -> eventually [t1:t2] (always [0:t3] (pred2)) ),"Globally, in case that the event that pred1 takes place, then in response there ought to finally exist sometime within the following t1 to t2 time units, after which for each time instant within the next t3 time units, the value of signal pred2 consecutively.",stabilization_recurrence
always ( historically [t1:t2] (pred1) -> always [0:t3] (pred2) ),"If in the past t1 to t2 time units, continuously the mode of signal pred1 then all of the following conditions hold: for each time point during the coming t3 time units, the value of pred2",temporal_response
always ((pred1 and pred2) or pred3),"In the future before the end of the simulation, continuously the value of signal pred1 and pred2 or the value of pred3",invariance_reachability
always ( rise (pred1) -> not (pred2) and rise (pred3 and pred4) ),"Globally, if the value of pred1 then the following condition is true: at the same time point pred2 and the event that the value of pred3 and pred4 should happen at the same time instant.",immediate_response
always ( rise (pred1) -> eventually [0:t1] (always [0:t2] (pred2)) ),"In case that the event that the pred1 takes place then all of the following conditions hold: at a time within the next t1 time units, for each time instant within the following t2 time units, the pred2",stabilization_recurrence
eventually [0:t1] (pred1 and pred2),"At a certain time instant within t1 time units, the value of signal pred1 and the value of signal pred2 eventually.",invariance_reachability
always ( rise (pred1) -> eventually (always (pred2)) ),"Globally, whenever the transition action that the value of pred1 occurs, then ultimately there will have to be a time in the future before the execution ends, at which in the future the value of signal pred2",stabilization_recurrence
always ( (pred1) since (pred2) -> eventually (always [0:t1] (not (pred3))) ),"When the value of pred1 and this condition has remained without interruption since once the value of pred2 at sometime in the past starting from the beginning of the simulation then all of the following conditions are true: there must exist a certain moment in the future before the end of the simulation, after which the value of pred3 during the next t1 time units.",stabilization_recurrence
always ( pred1 and pred2 -> eventually [0:t1] (rise (pred3 and pred4)) ),"Everytime when the value of pred1 and the mode of signal pred2 then in response there has to exist a certain moment in less than t1 time units, at which the pred3 and pred4 eventually.",temporal_response
always ( fall (pred1) -> (pred2) until [0:t1] (not rise (pred3 and pred4)) ),"Globally, in case that the pred1 then the following condition holds: the mode of pred2 and ought to hold like that uninterruptedly until there exists a certain time point in the subsequent t1 time units ultimately, at which the transition action that pred3 and pred4 doesn't get observed.",temporal_response
always ( not (pred1) -> eventually (not fall (pred2)) ),"Globally, whenever the pred1 then there will have to be eventually a time in the future, at which pred2",temporal_response
eventually [val1:t1] (rise (pred1)),The transition action that the pred1 will have to ultimately get detected at a certain time instant after at most t1 time units.,invariance_reachability
